doc_id,annotation_id,ranumb,annotation_original,c3pa_label,matched_sentences,source_csv
DB_1,26,ra3, Personal Data.,Categories of Personal Information Collected,DB_1_S16;DB_1_S59;DB_1_S83;DB_1_S85;DB_1_S153;DB_1_S154;DB_1_S177;DB_1_S181;DB_1_S187;DB_1_S221;DB_1_S237;DB_1_S238;DB_1_S251;DB_1_S253,C3PA_Dataset/Annotations/DB/1.csv
DB_1,133,ra1,EUROPEAN USERS,Updated Privacy Policy,DB_1_S214;DB_1_S223,C3PA_Dataset/Annotations/DB/1.csv
DB_1,141,ra1,Usage Data,Categories of Personal Information Shared / Disclosed,DB_1_S20;DB_1_S21;DB_1_S22;DB_1_S23;DB_1_S24;DB_1_S293,C3PA_Dataset/Annotations/DB/1.csv
DB_1,142,ra1,Account Data,Categories of Personal Information Shared / Disclosed,DB_1_S27;DB_1_S28;DB_1_S29;DB_1_S30;DB_1_S31;DB_1_S296,C3PA_Dataset/Annotations/DB/1.csv
DB_1,143,ra1,Profile Data,Categories of Personal Information Shared / Disclosed,DB_1_S34;DB_1_S35;DB_1_S36;DB_1_S37;DB_1_S64;DB_1_S142;DB_1_S299,C3PA_Dataset/Annotations/DB/1.csv
DB_1,144,ra1,Transaction Data,Categories of Personal Information Shared / Disclosed,DB_1_S40;DB_1_S41;DB_1_S42;DB_1_S43;DB_1_S302,C3PA_Dataset/Annotations/DB/1.csv
DB_1,145,ra1,Correspondence Dat,Categories of Personal Information Shared / Disclosed,DB_1_S46;DB_1_S47;DB_1_S48;DB_1_S50;DB_1_S305,C3PA_Dataset/Annotations/DB/1.csv
DB_1,146,ra1,Network Information,Categories of Personal Information Shared / Disclosed,DB_1_S53;DB_1_S54;DB_1_S55;DB_1_S56;DB_1_S308,C3PA_Dataset/Annotations/DB/1.csv
DB_1,147,ra1,a,Categories of Personal Information Shared / Disclosed,DB_1_S2;DB_1_S4;DB_1_S5;DB_1_S6;DB_1_S7;DB_1_S8;DB_1_S9;DB_1_S10;DB_1_S11;DB_1_S12;DB_1_S14;DB_1_S16;DB_1_S17;DB_1_S18;DB_1_S20;DB_1_S21;DB_1_S22;DB_1_S23;DB_1_S24;DB_1_S25;DB_1_S27;DB_1_S28;DB_1_S29;DB_1_S30;DB_1_S31;DB_1_S32;DB_1_S34;DB_1_S35;DB_1_S36;DB_1_S37;DB_1_S38;DB_1_S40;DB_1_S41;DB_1_S42;DB_1_S43;DB_1_S44;DB_1_S46;DB_1_S47;DB_1_S48;DB_1_S49;DB_1_S50;DB_1_S51;DB_1_S53;DB_1_S54;DB_1_S55;DB_1_S56;DB_1_S57;DB_1_S59;DB_1_S60;DB_1_S62;DB_1_S63;DB_1_S64;DB_1_S66;DB_1_S67;DB_1_S68;DB_1_S69;DB_1_S70;DB_1_S71;DB_1_S73;DB_1_S74;DB_1_S75;DB_1_S76;DB_1_S77;DB_1_S78;DB_1_S79;DB_1_S81;DB_1_S82;DB_1_S83;DB_1_S85;DB_1_S86;DB_1_S88;DB_1_S89;DB_1_S91;DB_1_S92;DB_1_S93;DB_1_S94;DB_1_S95;DB_1_S97;DB_1_S98;DB_1_S99;DB_1_S101;DB_1_S102;DB_1_S103;DB_1_S104;DB_1_S105;DB_1_S106;DB_1_S107;DB_1_S108;DB_1_S109;DB_1_S110;DB_1_S111;DB_1_S112;DB_1_S113;DB_1_S114;DB_1_S115;DB_1_S116;DB_1_S117;DB_1_S118;DB_1_S119;DB_1_S120;DB_1_S121;DB_1_S122;DB_1_S123;DB_1_S125;DB_1_S126;DB_1_S127;DB_1_S128;DB_1_S129;DB_1_S130;DB_1_S131;DB_1_S132;DB_1_S133;DB_1_S134;DB_1_S135;DB_1_S136;DB_1_S137;DB_1_S138;DB_1_S139;DB_1_S140;DB_1_S141;DB_1_S142;DB_1_S143;DB_1_S144;DB_1_S145;DB_1_S146;DB_1_S147;DB_1_S148;DB_1_S150;DB_1_S152;DB_1_S153;DB_1_S154;DB_1_S155;DB_1_S156;DB_1_S157;DB_1_S158;DB_1_S160;DB_1_S161;DB_1_S162;DB_1_S163;DB_1_S165;DB_1_S166;DB_1_S167;DB_1_S168;DB_1_S169;DB_1_S170;DB_1_S171;DB_1_S172;DB_1_S175;DB_1_S177;DB_1_S178;DB_1_S179;DB_1_S181;DB_1_S182;DB_1_S183;DB_1_S184;DB_1_S185;DB_1_S187;DB_1_S188;DB_1_S189;DB_1_S190;DB_1_S191;DB_1_S192;DB_1_S195;DB_1_S197;DB_1_S198;DB_1_S199;DB_1_S200;DB_1_S201;DB_1_S202;DB_1_S204;DB_1_S205;DB_1_S206;DB_1_S207;DB_1_S208;DB_1_S209;DB_1_S210;DB_1_S211;DB_1_S212;DB_1_S214;DB_1_S215;DB_1_S218;DB_1_S219;DB_1_S220;DB_1_S221;DB_1_S223;DB_1_S224;DB_1_S225;DB_1_S226;DB_1_S227;DB_1_S228;DB_1_S231;DB_1_S232;DB_1_S233;DB_1_S235;DB_1_S236;DB_1_S237;DB_1_S238;DB_1_S239;DB_1_S241;DB_1_S242;DB_1_S244;DB_1_S245;DB_1_S246;DB_1_S247;DB_1_S248;DB_1_S251;DB_1_S252;DB_1_S253;DB_1_S254;DB_1_S257;DB_1_S258;DB_1_S259;DB_1_S260;DB_1_S261;DB_1_S263;DB_1_S264;DB_1_S265;DB_1_S266;DB_1_S268;DB_1_S269;DB_1_S270;DB_1_S272;DB_1_S273;DB_1_S275;DB_1_S276;DB_1_S279;DB_1_S280;DB_1_S282;DB_1_S284;DB_1_S285;DB_1_S286;DB_1_S287;DB_1_S289;DB_1_S290;DB_1_S291;DB_1_S292;DB_1_S293;DB_1_S296;DB_1_S299;DB_1_S302;DB_1_S305;DB_1_S308;DB_1_S312;DB_1_S314;DB_1_S315;DB_1_S317;DB_1_S318;DB_1_S319;DB_1_S321;DB_1_S322;DB_1_S323;DB_1_S324;DB_1_S327;DB_1_S328;DB_1_S329;DB_1_S331;DB_1_S332;DB_1_S333;DB_1_S334;DB_1_S336;DB_1_S337;DB_1_S338;DB_1_S340;DB_1_S341;DB_1_S342;DB_1_S343;DB_1_S344;DB_1_S346;DB_1_S347;DB_1_S348,C3PA_Dataset/Annotations/DB/1.csv
DB_100,83,ra4,THE INFORMATION WE COLLECT,Categories of Personal Information Collected,DB_100_S8;DB_100_S78,C3PA_Dataset/Annotations/DB/100.csv
DB_100,116,ra4,Legal Purposes,Categories of Personal Information Shared / Disclosed,DB_100_S142;DB_100_S149;DB_100_S155;DB_100_S160;DB_100_S167,C3PA_Dataset/Annotations/DB/100.csv
DB_100,117,ra4,"Provide our Services, including Services we provide to clients",Categories of Personal Information Shared / Disclosed,DB_100_S138;DB_100_S152,C3PA_Dataset/Annotations/DB/100.csv
DB_100,118,ra4,"Provide our Services, including Services we provide to clients",Categories of Personal Information Sold,DB_100_S138;DB_100_S152,C3PA_Dataset/Annotations/DB/100.csv
DB_101,35,ra2,Searcher will n,Categories of Personal Information Collected,DB_101_S204;DB_101_S284,C3PA_Dataset/Annotations/DB/101.csv
DB_101,39,ra2,s pur,Categories of Personal Information Shared / Disclosed,DB_101_S57;DB_101_S58;DB_101_S93;DB_101_S145;DB_101_S183;DB_101_S206;DB_101_S207;DB_101_S211;DB_101_S215;DB_101_S216;DB_101_S234;DB_101_S235,C3PA_Dataset/Annotations/DB/101.csv
DB_101,40,ra2,gories of thir,Categories of Personal Information Shared / Disclosed,DB_101_S211;DB_101_S232,C3PA_Dataset/Annotations/DB/101.csv
DB_101,41,ra2,gories of thir,Categories of Personal Information Sold,DB_101_S211;DB_101_S232,C3PA_Dataset/Annotations/DB/101.csv
DB_101,42,ra2,d parties,Categories of Personal Information Shared / Disclosed,DB_101_S31;DB_101_S54;DB_101_S59;DB_101_S63;DB_101_S75;DB_101_S76;DB_101_S121;DB_101_S122;DB_101_S181;DB_101_S193;DB_101_S208;DB_101_S211;DB_101_S214;DB_101_S232,C3PA_Dataset/Annotations/DB/101.csv
DB_101,66,ra4,Cookies and Web Beacons,Categories of Personal Information Collected,DB_101_S41;DB_101_S42;DB_101_S43;DB_101_S44,C3PA_Dataset/Annotations/DB/101.csv
DB_101,70,ra4,"We may share Financial Data with business partners who assist us by performing core services (such as hosting, billing, fulfillment, or data storage and security) related to our operation of the Site",Categories of Personal Information Shared / Disclosed,DB_101_S60;DB_101_S209,C3PA_Dataset/Annotations/DB/101.csv
DB_102,27,ra2,II,Categories of Personal Information Collected,DB_102_S23;DB_102_S36;DB_102_S70;DB_102_S81;DB_102_S85;DB_102_S109;DB_102_S115,C3PA_Dataset/Annotations/DB/102.csv
DB_102,30,ra2,I,Categories of Personal Information Collected,DB_102_S1;DB_102_S2;DB_102_S3;DB_102_S4;DB_102_S5;DB_102_S7;DB_102_S8;DB_102_S9;DB_102_S10;DB_102_S11;DB_102_S12;DB_102_S13;DB_102_S14;DB_102_S15;DB_102_S16;DB_102_S17;DB_102_S18;DB_102_S19;DB_102_S20;DB_102_S21;DB_102_S22;DB_102_S23;DB_102_S24;DB_102_S25;DB_102_S26;DB_102_S27;DB_102_S28;DB_102_S29;DB_102_S30;DB_102_S31;DB_102_S32;DB_102_S33;DB_102_S34;DB_102_S35;DB_102_S36;DB_102_S37;DB_102_S38;DB_102_S39;DB_102_S40;DB_102_S41;DB_102_S42;DB_102_S43;DB_102_S44;DB_102_S45;DB_102_S46;DB_102_S47;DB_102_S48;DB_102_S49;DB_102_S50;DB_102_S51;DB_102_S53;DB_102_S54;DB_102_S55;DB_102_S56;DB_102_S57;DB_102_S59;DB_102_S60;DB_102_S61;DB_102_S62;DB_102_S63;DB_102_S64;DB_102_S65;DB_102_S66;DB_102_S67;DB_102_S68;DB_102_S69;DB_102_S70;DB_102_S71;DB_102_S72;DB_102_S73;DB_102_S74;DB_102_S75;DB_102_S76;DB_102_S77;DB_102_S78;DB_102_S79;DB_102_S80;DB_102_S81;DB_102_S82;DB_102_S83;DB_102_S84;DB_102_S85;DB_102_S86;DB_102_S87;DB_102_S88;DB_102_S89;DB_102_S90;DB_102_S91;DB_102_S92;DB_102_S93;DB_102_S94;DB_102_S95;DB_102_S96;DB_102_S97;DB_102_S98;DB_102_S99;DB_102_S100;DB_102_S101;DB_102_S102;DB_102_S103;DB_102_S104;DB_102_S105;DB_102_S106;DB_102_S107;DB_102_S108;DB_102_S109;DB_102_S110;DB_102_S111;DB_102_S112;DB_102_S113;DB_102_S114;DB_102_S115;DB_102_S116;DB_102_S117;DB_102_S118;DB_102_S119;DB_102_S120;DB_102_S121;DB_102_S122;DB_102_S123;DB_102_S125;DB_102_S126;DB_102_S127;DB_102_S128;DB_102_S129;DB_102_S130;DB_102_S131;DB_102_S132;DB_102_S133;DB_102_S134;DB_102_S135;DB_102_S136;DB_102_S137;DB_102_S138;DB_102_S139;DB_102_S141;DB_102_S142;DB_102_S143;DB_102_S144;DB_102_S145;DB_102_S146;DB_102_S147;DB_102_S148;DB_102_S149;DB_102_S150;DB_102_S152;DB_102_S153;DB_102_S154;DB_102_S155;DB_102_S156;DB_102_S157;DB_102_S158;DB_102_S159;DB_102_S160;DB_102_S161;DB_102_S162;DB_102_S163;DB_102_S164;DB_102_S165;DB_102_S166;DB_102_S167;DB_102_S168;DB_102_S169;DB_102_S170;DB_102_S171;DB_102_S172;DB_102_S173;DB_102_S174;DB_102_S175;DB_102_S176;DB_102_S177;DB_102_S178;DB_102_S179;DB_102_S180;DB_102_S181;DB_102_S182;DB_102_S183;DB_102_S184;DB_102_S185;DB_102_S186;DB_102_S187;DB_102_S188;DB_102_S189;DB_102_S190;DB_102_S191;DB_102_S192;DB_102_S193;DB_102_S194;DB_102_S197;DB_102_S198;DB_102_S199;DB_102_S203;DB_102_S204;DB_102_S205;DB_102_S206;DB_102_S208;DB_102_S209;DB_102_S211;DB_102_S212;DB_102_S214;DB_102_S215;DB_102_S217;DB_102_S218;DB_102_S220;DB_102_S221;DB_102_S222;DB_102_S223;DB_102_S225;DB_102_S226;DB_102_S227;DB_102_S228;DB_102_S230;DB_102_S233;DB_102_S234;DB_102_S235;DB_102_S236;DB_102_S238;DB_102_S239;DB_102_S241;DB_102_S242;DB_102_S244;DB_102_S247;DB_102_S248;DB_102_S249;DB_102_S253;DB_102_S255;DB_102_S258;DB_102_S260;DB_102_S262;DB_102_S263;DB_102_S264;DB_102_S265;DB_102_S266;DB_102_S267;DB_102_S268;DB_102_S269;DB_102_S270;DB_102_S271;DB_102_S272;DB_102_S273;DB_102_S276;DB_102_S280;DB_102_S281;DB_102_S290;DB_102_S292;DB_102_S293;DB_102_S294;DB_102_S295;DB_102_S296;DB_102_S297;DB_102_S298;DB_102_S299;DB_102_S300;DB_102_S301;DB_102_S302;DB_102_S303;DB_102_S304;DB_102_S305;DB_102_S306;DB_102_S307;DB_102_S308;DB_102_S309;DB_102_S310;DB_102_S311;DB_102_S312;DB_102_S313;DB_102_S314;DB_102_S315;DB_102_S316;DB_102_S317;DB_102_S318;DB_102_S319;DB_102_S320;DB_102_S321;DB_102_S322;DB_102_S323;DB_102_S324;DB_102_S325;DB_102_S326;DB_102_S327;DB_102_S328;DB_102_S329;DB_102_S330;DB_102_S331;DB_102_S332;DB_102_S333;DB_102_S334;DB_102_S335;DB_102_S336;DB_102_S337;DB_102_S338;DB_102_S339;DB_102_S340;DB_102_S341;DB_102_S342;DB_102_S343;DB_102_S344;DB_102_S346;DB_102_S347;DB_102_S348;DB_102_S349;DB_102_S350;DB_102_S351;DB_102_S352;DB_102_S354;DB_102_S355,C3PA_Dataset/Annotations/DB/102.csv
DB_102,40,ra2,Automatically co,Description of Right to Know PI Collected,DB_102_S26;DB_102_S31;DB_102_S121;DB_102_S125;DB_102_S129;DB_102_S133;DB_102_S137;DB_102_S141;DB_102_S145,C3PA_Dataset/Annotations/DB/102.csv
DB_102,41,ra2,Automatically co,Description of Right to Know PI sold / shared,DB_102_S26;DB_102_S31;DB_102_S121;DB_102_S125;DB_102_S129;DB_102_S133;DB_102_S137;DB_102_S141;DB_102_S145,C3PA_Dataset/Annotations/DB/102.csv
DB_102,42,ra2,Automatically co,Description of Right to Delete,DB_102_S26;DB_102_S31;DB_102_S121;DB_102_S125;DB_102_S129;DB_102_S133;DB_102_S137;DB_102_S141;DB_102_S145,C3PA_Dataset/Annotations/DB/102.csv
DB_102,43,ra2,Automatically co,Description of Right to Opt-out of sale of PI,DB_102_S26;DB_102_S31;DB_102_S121;DB_102_S125;DB_102_S129;DB_102_S133;DB_102_S137;DB_102_S141;DB_102_S145,C3PA_Dataset/Annotations/DB/102.csv
DB_102,44,ra2,Automatically co,Description of Right to Non-discrimination on exercising rights,DB_102_S26;DB_102_S31;DB_102_S121;DB_102_S125;DB_102_S129;DB_102_S133;DB_102_S137;DB_102_S141;DB_102_S145,C3PA_Dataset/Annotations/DB/102.csv
DB_102,55,ra2,"English
",Categories of Personal Information Shared / Disclosed,DB_102_S204;DB_102_S276,C3PA_Dataset/Annotations/DB/102.csv
DB_102,61,ra2,+,Methods to exercise rights,DB_102_S202;DB_102_S221;DB_102_S313;DB_102_S317;DB_102_S318;DB_102_S328;DB_102_S356,C3PA_Dataset/Annotations/DB/102.csv
DB_102,62,ra2,Automatica,Description of Right to Non-discrimination on exercising rights,DB_102_S25;DB_102_S26;DB_102_S31;DB_102_S121;DB_102_S125;DB_102_S129;DB_102_S133;DB_102_S137;DB_102_S141;DB_102_S145;DB_102_S223;DB_102_S228,C3PA_Dataset/Annotations/DB/102.csv
DB_103,81,ra5,"To exercise your rights, please refer to the How to Exercise Your Rights section below.",Methods to exercise rights,DB_103_S112;DB_103_S115;DB_103_S123;DB_103_S126;DB_103_S132;DB_103_S141,C3PA_Dataset/Annotations/DB/103.csv
DB_103,126,ra4,"To exercise your rights, please refer to the How to Exercise Your Rights section below.",Methods to exercise rights,DB_103_S112;DB_103_S115;DB_103_S123;DB_103_S126;DB_103_S132;DB_103_S141,C3PA_Dataset/Annotations/DB/103.csv
DB_103,135,ra4,How to Exercise Your Rights,Methods to exercise rights,DB_103_S112;DB_103_S115;DB_103_S123;DB_103_S126;DB_103_S132;DB_103_S141;DB_103_S144,C3PA_Dataset/Annotations/DB/103.csv
DB_104,17,ra3,We may use this information in our celebrity profiles : We publicly post celebrity information in their profiles.,Categories of Personal Information Shared / Disclosed,DB_104_S129;DB_104_S131;DB_104_S135;DB_104_S136,C3PA_Dataset/Annotations/DB/104.csv
DB_104,18,ra3,We may use this information in our celebrity profiles :,Categories of Personal Information Collected,DB_104_S129;DB_104_S131;DB_104_S135;DB_104_S136,C3PA_Dataset/Annotations/DB/104.csv
DB_105,37,ra2,es of the ,Categories of Personal Information Collected,DB_105_S85;DB_105_S160;DB_105_S174,C3PA_Dataset/Annotations/DB/105.csv
DB_105,46,ra2,Safe ,Categories of Personal Information Collected,DB_105_S68;DB_105_S165;DB_105_S166;DB_105_S167;DB_105_S171;DB_105_S172;DB_105_S173;DB_105_S176,C3PA_Dataset/Annotations/DB/105.csv
DB_105,47,ra2,Safe ,Categories of Personal Information Shared / Disclosed,DB_105_S68;DB_105_S165;DB_105_S166;DB_105_S167;DB_105_S171;DB_105_S172;DB_105_S173;DB_105_S176,C3PA_Dataset/Annotations/DB/105.csv
DB_105,48,ra2,Safe ,Categories of Personal Information Sold,DB_105_S68;DB_105_S165;DB_105_S166;DB_105_S167;DB_105_S171;DB_105_S172;DB_105_S173;DB_105_S176,C3PA_Dataset/Annotations/DB/105.csv
DB_105,58,ra2,A,Description of Right to Non-discrimination on exercising rights,DB_105_S1;DB_105_S2;DB_105_S3;DB_105_S4;DB_105_S5;DB_105_S6;DB_105_S7;DB_105_S8;DB_105_S10;DB_105_S11;DB_105_S12;DB_105_S13;DB_105_S14;DB_105_S15;DB_105_S16;DB_105_S17;DB_105_S18;DB_105_S19;DB_105_S20;DB_105_S21;DB_105_S22;DB_105_S23;DB_105_S25;DB_105_S26;DB_105_S28;DB_105_S29;DB_105_S30;DB_105_S32;DB_105_S34;DB_105_S35;DB_105_S36;DB_105_S37;DB_105_S38;DB_105_S39;DB_105_S40;DB_105_S41;DB_105_S42;DB_105_S43;DB_105_S45;DB_105_S46;DB_105_S47;DB_105_S48;DB_105_S49;DB_105_S50;DB_105_S51;DB_105_S52;DB_105_S53;DB_105_S54;DB_105_S55;DB_105_S56;DB_105_S57;DB_105_S59;DB_105_S60;DB_105_S61;DB_105_S62;DB_105_S63;DB_105_S64;DB_105_S65;DB_105_S66;DB_105_S67;DB_105_S68;DB_105_S69;DB_105_S70;DB_105_S71;DB_105_S72;DB_105_S73;DB_105_S74;DB_105_S75;DB_105_S76;DB_105_S77;DB_105_S78;DB_105_S80;DB_105_S81;DB_105_S82;DB_105_S83;DB_105_S84;DB_105_S85;DB_105_S86;DB_105_S87;DB_105_S88;DB_105_S89;DB_105_S90;DB_105_S91;DB_105_S92;DB_105_S93;DB_105_S94;DB_105_S95;DB_105_S96;DB_105_S97;DB_105_S98;DB_105_S99;DB_105_S100;DB_105_S101;DB_105_S102;DB_105_S103;DB_105_S104;DB_105_S106;DB_105_S107;DB_105_S108;DB_105_S109;DB_105_S110;DB_105_S111;DB_105_S112;DB_105_S113;DB_105_S115;DB_105_S117;DB_105_S118;DB_105_S119;DB_105_S120;DB_105_S121;DB_105_S123;DB_105_S125;DB_105_S126;DB_105_S128;DB_105_S129;DB_105_S130;DB_105_S131;DB_105_S132;DB_105_S134;DB_105_S136;DB_105_S137;DB_105_S138;DB_105_S139;DB_105_S140;DB_105_S141;DB_105_S142;DB_105_S143;DB_105_S144;DB_105_S145;DB_105_S146;DB_105_S147;DB_105_S148;DB_105_S149;DB_105_S150;DB_105_S151;DB_105_S152;DB_105_S153;DB_105_S154;DB_105_S155;DB_105_S156;DB_105_S157;DB_105_S158;DB_105_S159;DB_105_S160;DB_105_S161;DB_105_S162;DB_105_S163;DB_105_S164;DB_105_S165;DB_105_S166;DB_105_S167;DB_105_S168;DB_105_S169;DB_105_S171;DB_105_S172;DB_105_S173;DB_105_S174;DB_105_S175;DB_105_S176;DB_105_S177;DB_105_S178;DB_105_S179;DB_105_S180;DB_105_S181;DB_105_S182;DB_105_S183;DB_105_S184;DB_105_S185;DB_105_S186;DB_105_S187;DB_105_S189;DB_105_S190;DB_105_S192;DB_105_S195;DB_105_S196;DB_105_S198;DB_105_S199;DB_105_S200;DB_105_S201;DB_105_S202;DB_105_S203;DB_105_S205;DB_105_S206;DB_105_S208;DB_105_S209;DB_105_S210;DB_105_S211;DB_105_S214;DB_105_S219;DB_105_S220;DB_105_S221;DB_105_S223;DB_105_S225;DB_105_S227;DB_105_S228;DB_105_S229;DB_105_S231;DB_105_S235;DB_105_S236;DB_105_S237;DB_105_S239,C3PA_Dataset/Annotations/DB/105.csv
DB_105,64,ra2,C,Updated Privacy Policy,DB_105_S1;DB_105_S2;DB_105_S3;DB_105_S4;DB_105_S5;DB_105_S6;DB_105_S7;DB_105_S8;DB_105_S9;DB_105_S10;DB_105_S11;DB_105_S12;DB_105_S13;DB_105_S14;DB_105_S15;DB_105_S16;DB_105_S17;DB_105_S18;DB_105_S19;DB_105_S20;DB_105_S21;DB_105_S22;DB_105_S23;DB_105_S24;DB_105_S25;DB_105_S26;DB_105_S27;DB_105_S28;DB_105_S29;DB_105_S30;DB_105_S31;DB_105_S32;DB_105_S34;DB_105_S35;DB_105_S36;DB_105_S37;DB_105_S38;DB_105_S39;DB_105_S40;DB_105_S41;DB_105_S42;DB_105_S43;DB_105_S44;DB_105_S45;DB_105_S46;DB_105_S48;DB_105_S49;DB_105_S50;DB_105_S52;DB_105_S54;DB_105_S55;DB_105_S56;DB_105_S57;DB_105_S58;DB_105_S59;DB_105_S60;DB_105_S61;DB_105_S62;DB_105_S63;DB_105_S64;DB_105_S65;DB_105_S66;DB_105_S67;DB_105_S68;DB_105_S69;DB_105_S70;DB_105_S71;DB_105_S72;DB_105_S73;DB_105_S74;DB_105_S76;DB_105_S77;DB_105_S78;DB_105_S79;DB_105_S80;DB_105_S81;DB_105_S82;DB_105_S83;DB_105_S84;DB_105_S85;DB_105_S86;DB_105_S87;DB_105_S88;DB_105_S89;DB_105_S90;DB_105_S91;DB_105_S92;DB_105_S93;DB_105_S94;DB_105_S95;DB_105_S97;DB_105_S98;DB_105_S99;DB_105_S100;DB_105_S101;DB_105_S103;DB_105_S104;DB_105_S107;DB_105_S108;DB_105_S109;DB_105_S111;DB_105_S112;DB_105_S113;DB_105_S115;DB_105_S117;DB_105_S119;DB_105_S120;DB_105_S121;DB_105_S123;DB_105_S125;DB_105_S126;DB_105_S128;DB_105_S129;DB_105_S130;DB_105_S131;DB_105_S132;DB_105_S134;DB_105_S137;DB_105_S138;DB_105_S139;DB_105_S140;DB_105_S141;DB_105_S142;DB_105_S143;DB_105_S144;DB_105_S145;DB_105_S146;DB_105_S147;DB_105_S148;DB_105_S149;DB_105_S150;DB_105_S151;DB_105_S152;DB_105_S153;DB_105_S154;DB_105_S155;DB_105_S156;DB_105_S157;DB_105_S158;DB_105_S159;DB_105_S160;DB_105_S161;DB_105_S162;DB_105_S163;DB_105_S164;DB_105_S165;DB_105_S166;DB_105_S167;DB_105_S168;DB_105_S169;DB_105_S171;DB_105_S172;DB_105_S173;DB_105_S174;DB_105_S176;DB_105_S178;DB_105_S180;DB_105_S182;DB_105_S183;DB_105_S184;DB_105_S185;DB_105_S187;DB_105_S188;DB_105_S189;DB_105_S190;DB_105_S191;DB_105_S192;DB_105_S193;DB_105_S195;DB_105_S196;DB_105_S197;DB_105_S198;DB_105_S199;DB_105_S200;DB_105_S201;DB_105_S202;DB_105_S203;DB_105_S204;DB_105_S205;DB_105_S206;DB_105_S210;DB_105_S211;DB_105_S212;DB_105_S215;DB_105_S217;DB_105_S220;DB_105_S223;DB_105_S224;DB_105_S225;DB_105_S226;DB_105_S228;DB_105_S232;DB_105_S237;DB_105_S239;DB_105_S240,C3PA_Dataset/Annotations/DB/105.csv
DB_106,35,ra2,es of the ,Categories of Personal Information Collected,DB_106_S85;DB_106_S160;DB_106_S174,C3PA_Dataset/Annotations/DB/106.csv
DB_106,38,ra2,-,Categories of Personal Information Shared / Disclosed,DB_106_S19;DB_106_S20;DB_106_S72;DB_106_S95;DB_106_S146;DB_106_S149;DB_106_S159;DB_106_S160;DB_106_S173;DB_106_S193;DB_106_S198;DB_106_S214,C3PA_Dataset/Annotations/DB/106.csv
DB_106,54,ra2,If ,Methods to exercise rights,DB_106_S5;DB_106_S18;DB_106_S20;DB_106_S41;DB_106_S60;DB_106_S62;DB_106_S72;DB_106_S73;DB_106_S74;DB_106_S78;DB_106_S86;DB_106_S93;DB_106_S94;DB_106_S95;DB_106_S97;DB_106_S105;DB_106_S109;DB_106_S113;DB_106_S125;DB_106_S128;DB_106_S138;DB_106_S139;DB_106_S141;DB_106_S144;DB_106_S151;DB_106_S153;DB_106_S154;DB_106_S155;DB_106_S161;DB_106_S164;DB_106_S167;DB_106_S168;DB_106_S169;DB_106_S174;DB_106_S176;DB_106_S180;DB_106_S200;DB_106_S203;DB_106_S206,C3PA_Dataset/Annotations/DB/106.csv
DB_106,56,ra2,A,Description of Right to Non-discrimination on exercising rights,DB_106_S2;DB_106_S3;DB_106_S4;DB_106_S5;DB_106_S6;DB_106_S7;DB_106_S8;DB_106_S10;DB_106_S11;DB_106_S12;DB_106_S13;DB_106_S14;DB_106_S15;DB_106_S16;DB_106_S17;DB_106_S18;DB_106_S19;DB_106_S20;DB_106_S21;DB_106_S22;DB_106_S23;DB_106_S25;DB_106_S26;DB_106_S28;DB_106_S29;DB_106_S30;DB_106_S32;DB_106_S34;DB_106_S35;DB_106_S36;DB_106_S37;DB_106_S38;DB_106_S39;DB_106_S40;DB_106_S41;DB_106_S42;DB_106_S43;DB_106_S45;DB_106_S46;DB_106_S47;DB_106_S48;DB_106_S49;DB_106_S50;DB_106_S51;DB_106_S52;DB_106_S53;DB_106_S54;DB_106_S55;DB_106_S56;DB_106_S57;DB_106_S59;DB_106_S60;DB_106_S61;DB_106_S62;DB_106_S63;DB_106_S64;DB_106_S65;DB_106_S66;DB_106_S67;DB_106_S68;DB_106_S69;DB_106_S70;DB_106_S71;DB_106_S72;DB_106_S73;DB_106_S74;DB_106_S75;DB_106_S76;DB_106_S77;DB_106_S78;DB_106_S80;DB_106_S81;DB_106_S82;DB_106_S83;DB_106_S84;DB_106_S85;DB_106_S86;DB_106_S87;DB_106_S88;DB_106_S89;DB_106_S90;DB_106_S91;DB_106_S92;DB_106_S93;DB_106_S94;DB_106_S95;DB_106_S96;DB_106_S97;DB_106_S98;DB_106_S99;DB_106_S100;DB_106_S101;DB_106_S102;DB_106_S103;DB_106_S104;DB_106_S106;DB_106_S107;DB_106_S108;DB_106_S109;DB_106_S110;DB_106_S111;DB_106_S112;DB_106_S113;DB_106_S115;DB_106_S117;DB_106_S118;DB_106_S119;DB_106_S120;DB_106_S121;DB_106_S123;DB_106_S125;DB_106_S126;DB_106_S128;DB_106_S129;DB_106_S130;DB_106_S131;DB_106_S132;DB_106_S134;DB_106_S136;DB_106_S137;DB_106_S138;DB_106_S139;DB_106_S140;DB_106_S141;DB_106_S142;DB_106_S143;DB_106_S144;DB_106_S145;DB_106_S146;DB_106_S147;DB_106_S148;DB_106_S149;DB_106_S150;DB_106_S151;DB_106_S152;DB_106_S153;DB_106_S154;DB_106_S155;DB_106_S156;DB_106_S157;DB_106_S158;DB_106_S159;DB_106_S160;DB_106_S161;DB_106_S162;DB_106_S163;DB_106_S164;DB_106_S165;DB_106_S166;DB_106_S167;DB_106_S168;DB_106_S169;DB_106_S171;DB_106_S172;DB_106_S173;DB_106_S174;DB_106_S175;DB_106_S176;DB_106_S177;DB_106_S178;DB_106_S179;DB_106_S180;DB_106_S181;DB_106_S182;DB_106_S183;DB_106_S184;DB_106_S185;DB_106_S186;DB_106_S187;DB_106_S189;DB_106_S190;DB_106_S192;DB_106_S195;DB_106_S196;DB_106_S198;DB_106_S199;DB_106_S200;DB_106_S201;DB_106_S202;DB_106_S203;DB_106_S204;DB_106_S205;DB_106_S206;DB_106_S208;DB_106_S209;DB_106_S210;DB_106_S211;DB_106_S212;DB_106_S213;DB_106_S214;DB_106_S217;DB_106_S219;DB_106_S220;DB_106_S223;DB_106_S224;DB_106_S225;DB_106_S226;DB_106_S227;DB_106_S228;DB_106_S229,C3PA_Dataset/Annotations/DB/106.csv
DB_106,62,ra2,C,Updated Privacy Policy,DB_106_S1;DB_106_S2;DB_106_S3;DB_106_S4;DB_106_S5;DB_106_S6;DB_106_S7;DB_106_S8;DB_106_S9;DB_106_S10;DB_106_S11;DB_106_S12;DB_106_S13;DB_106_S14;DB_106_S15;DB_106_S16;DB_106_S17;DB_106_S18;DB_106_S19;DB_106_S20;DB_106_S21;DB_106_S22;DB_106_S23;DB_106_S24;DB_106_S25;DB_106_S26;DB_106_S27;DB_106_S28;DB_106_S29;DB_106_S30;DB_106_S31;DB_106_S32;DB_106_S34;DB_106_S35;DB_106_S36;DB_106_S37;DB_106_S38;DB_106_S39;DB_106_S40;DB_106_S41;DB_106_S42;DB_106_S43;DB_106_S44;DB_106_S45;DB_106_S46;DB_106_S48;DB_106_S49;DB_106_S50;DB_106_S52;DB_106_S54;DB_106_S55;DB_106_S56;DB_106_S57;DB_106_S58;DB_106_S59;DB_106_S60;DB_106_S61;DB_106_S62;DB_106_S63;DB_106_S64;DB_106_S65;DB_106_S66;DB_106_S67;DB_106_S68;DB_106_S69;DB_106_S70;DB_106_S71;DB_106_S72;DB_106_S73;DB_106_S74;DB_106_S76;DB_106_S77;DB_106_S78;DB_106_S79;DB_106_S80;DB_106_S81;DB_106_S82;DB_106_S83;DB_106_S84;DB_106_S85;DB_106_S86;DB_106_S87;DB_106_S88;DB_106_S89;DB_106_S90;DB_106_S91;DB_106_S92;DB_106_S93;DB_106_S94;DB_106_S95;DB_106_S97;DB_106_S98;DB_106_S99;DB_106_S100;DB_106_S101;DB_106_S103;DB_106_S104;DB_106_S107;DB_106_S108;DB_106_S109;DB_106_S111;DB_106_S112;DB_106_S113;DB_106_S115;DB_106_S117;DB_106_S119;DB_106_S120;DB_106_S121;DB_106_S123;DB_106_S125;DB_106_S126;DB_106_S128;DB_106_S129;DB_106_S130;DB_106_S131;DB_106_S132;DB_106_S134;DB_106_S137;DB_106_S138;DB_106_S139;DB_106_S140;DB_106_S141;DB_106_S142;DB_106_S143;DB_106_S144;DB_106_S145;DB_106_S146;DB_106_S147;DB_106_S148;DB_106_S149;DB_106_S150;DB_106_S151;DB_106_S152;DB_106_S153;DB_106_S154;DB_106_S155;DB_106_S156;DB_106_S157;DB_106_S158;DB_106_S159;DB_106_S160;DB_106_S161;DB_106_S162;DB_106_S163;DB_106_S164;DB_106_S165;DB_106_S166;DB_106_S167;DB_106_S168;DB_106_S169;DB_106_S171;DB_106_S172;DB_106_S173;DB_106_S174;DB_106_S176;DB_106_S178;DB_106_S180;DB_106_S182;DB_106_S183;DB_106_S184;DB_106_S185;DB_106_S186;DB_106_S187;DB_106_S188;DB_106_S189;DB_106_S190;DB_106_S191;DB_106_S192;DB_106_S193;DB_106_S194;DB_106_S195;DB_106_S196;DB_106_S197;DB_106_S198;DB_106_S199;DB_106_S200;DB_106_S201;DB_106_S202;DB_106_S203;DB_106_S204;DB_106_S205;DB_106_S206;DB_106_S213;DB_106_S214;DB_106_S215;DB_106_S217;DB_106_S218;DB_106_S219;DB_106_S220;DB_106_S221;DB_106_S224;DB_106_S227;DB_106_S228;DB_106_S229;DB_106_S230,C3PA_Dataset/Annotations/DB/106.csv
DB_106,80,ra4,Customers (to provide the Lead Generation Services),Categories of Personal Information Sold,DB_106_S108;DB_106_S112;DB_106_S120,C3PA_Dataset/Annotations/DB/106.csv
DB_106,84,ra4,Customers (to provide the Lead Generation Services),Categories of Personal Information Sold,DB_106_S108;DB_106_S112;DB_106_S120,C3PA_Dataset/Annotations/DB/106.csv
DB_106,91,ra4,Customers (to provide the Lead Generation Services),Categories of Personal Information Sold,DB_106_S108;DB_106_S112;DB_106_S120,C3PA_Dataset/Annotations/DB/106.csv
DB_107,55,ra2,Do not sell or share my personal information,Categories of Personal Information Sold,DB_107_S4;DB_107_S5;DB_107_S7,C3PA_Dataset/Annotations/DB/107.csv
DB_107,83,ra1,Stores the user's cookie consent state for the current domain,Categories of Personal Information Collected,DB_107_S32;DB_107_S112,C3PA_Dataset/Annotations/DB/107.csv
DB_107,87,ra1,Stores the user's cookie consent state for the current domain,Categories of Personal Information Collected,DB_107_S32;DB_107_S112,C3PA_Dataset/Annotations/DB/107.csv
DB_107,101,ra1,Registers a unique ID that is used to generate statistical data on how the visitor uses the website.,Categories of Personal Information Collected,DB_107_S169;DB_107_S184,C3PA_Dataset/Annotations/DB/107.csv
DB_107,103,ra1,Registers a unique ID that is used to generate statistical data on how the visitor uses the website.,Categories of Personal Information Collected,DB_107_S169;DB_107_S184,C3PA_Dataset/Annotations/DB/107.csv
DB_107,107,ra1,"The cookie is used to manage the mailing list, if the visitor has subscribed to any newsletters or blog posts.",Categories of Personal Information Collected,DB_107_S207;DB_107_S217,C3PA_Dataset/Annotations/DB/107.csv
DB_107,108,ra1,"The cookie is used to manage the mailing list, if the visitor has subscribed to any newsletters or blog posts.",Categories of Personal Information Collected,DB_107_S207;DB_107_S217,C3PA_Dataset/Annotations/DB/107.csv
DB_107,115,ra1,Registers a unique ID that is used to generate statistical data on how the visitor uses the website.,Categories of Personal Information Collected,DB_107_S169;DB_107_S184,C3PA_Dataset/Annotations/DB/107.csv
DB_107,117,ra1,Registers a unique ID that is used to generate statistical data on how the visitor uses the website.,Categories of Personal Information Collected,DB_107_S169;DB_107_S184,C3PA_Dataset/Annotations/DB/107.csv
DB_107,121,ra1,"The cookie is used to manage the mailing list, if the visitor has subscribed to any newsletters or blog posts.",Categories of Personal Information Collected,DB_107_S207;DB_107_S217,C3PA_Dataset/Annotations/DB/107.csv
DB_107,122,ra1,"The cookie is used to manage the mailing list, if the visitor has subscribed to any newsletters or blog posts.",Categories of Personal Information Collected,DB_107_S207;DB_107_S217,C3PA_Dataset/Annotations/DB/107.csv
DB_107,129,ra1,Registers a unique ID that is used to generate statistical data on how the visitor uses the website.,Categories of Personal Information Collected,DB_107_S169;DB_107_S184,C3PA_Dataset/Annotations/DB/107.csv
DB_107,132,ra1,"The cookie is used to manage the mailing list, if the visitor has subscribed to any newsletters or blog posts.",Categories of Personal Information Collected,DB_107_S207;DB_107_S217,C3PA_Dataset/Annotations/DB/107.csv
DB_107,140,ra1,	Collects information on user preferences and/or interaction with web-campaign content - This is used on CRM-campaign-platform used by website owners for promoting events or products.,Categories of Personal Information Collected,DB_107_S302;DB_107_S407,C3PA_Dataset/Annotations/DB/107.csv
DB_107,143,ra1,"Collects data on visitor behaviour from multiple websites, in order to present more relevant advertisement - This also allows the website to limit the number of times that they are shown the same advertisement.",Categories of Personal Information Collected,DB_107_S323;DB_107_S365,C3PA_Dataset/Annotations/DB/107.csv
DB_107,147,ra1,"Collects data on visitor behaviour from multiple websites, in order to present more relevant advertisement - This also allows the website to limit the number of times that they are shown the same advertisement.",Categories of Personal Information Collected,DB_107_S323;DB_107_S365,C3PA_Dataset/Annotations/DB/107.csv
DB_107,149,ra1,Collects data on user behaviour and interaction in order to optimize the website and make advertisement on the website more relevant.,Categories of Personal Information Collected,DB_107_S392;DB_107_S429,C3PA_Dataset/Annotations/DB/107.csv
DB_107,150,ra1,	Collects information on user preferences and/or interaction with web-campaign content - This is used on CRM-campaign-platform used by website owners for promoting events or products.,Categories of Personal Information Collected,DB_107_S302;DB_107_S407,C3PA_Dataset/Annotations/DB/107.csv
DB_107,153,ra1,Collects data on user behaviour and interaction in order to optimize the website and make advertisement on the website more relevant.,Categories of Personal Information Collected,DB_107_S392;DB_107_S429,C3PA_Dataset/Annotations/DB/107.csv
DB_107,160,ra1,Collects information on user preferences and/or interaction with web-campaign content - This is used on CRM-campaign-platform used by website owners for promoting events or products.,Categories of Personal Information Collected,DB_107_S302;DB_107_S407,C3PA_Dataset/Annotations/DB/107.csv
DB_107,164,ra1,"Collects data on visitor behaviour from multiple websites, in order to present more relevant advertisement - This also allows the website to limit the number of times that they are shown the same advertisement.",Categories of Personal Information Collected,DB_107_S323;DB_107_S365,C3PA_Dataset/Annotations/DB/107.csv
DB_107,167,ra1,"Collects data on visitor behaviour from multiple websites, in order to present more relevant advertisement - This also allows the website to limit the number of times that they are shown the same advertisement.",Categories of Personal Information Collected,DB_107_S323;DB_107_S365,C3PA_Dataset/Annotations/DB/107.csv
DB_107,169,ra1,Collects data on user behaviour and interaction in order to optimize the website and make advertisement on the website more relevant.,Categories of Personal Information Collected,DB_107_S392;DB_107_S429,C3PA_Dataset/Annotations/DB/107.csv
DB_107,170,ra1,Collects information on user preferences and/or interaction with web-campaign content - This is used on CRM-campaign-platform used by website owners for promoting events or products.,Categories of Personal Information Collected,DB_107_S302;DB_107_S407,C3PA_Dataset/Annotations/DB/107.csv
DB_107,173,ra1,Collects data on user behaviour and interaction in order to optimize the website and make advertisement on the website more relevant.,Categories of Personal Information Collected,DB_107_S392;DB_107_S429,C3PA_Dataset/Annotations/DB/107.csv
DB_107,179,ra1,Collects data on user behaviour and interaction in order to optimize the website and make advertisement on the website more relevant.,Categories of Personal Information Collected,DB_107_S392;DB_107_S429,C3PA_Dataset/Annotations/DB/107.csv
DB_107,181,ra1,Collects data on user behaviour and interaction in order to optimize the website and make advertisement on the website more relevant.,Categories of Personal Information Collected,DB_107_S392;DB_107_S429,C3PA_Dataset/Annotations/DB/107.csv
DB_108,38,ra5,Right to Know/Access,Description of Right to Know PI Collected,DB_108_S154;DB_108_S217,C3PA_Dataset/Annotations/DB/108.csv
DB_108,40,ra5,Right to Know/Access,Categories of Personal Information Collected,DB_108_S154;DB_108_S217,C3PA_Dataset/Annotations/DB/108.csv
DB_109,0,ra3,"Last amended: January 1, 2023",Updated Privacy Policy,DB_109_S13;DB_109_S165,C3PA_Dataset/Annotations/DB/109.csv
DB_109,17,ra3,"Last amended: January 1, 2023",Updated Privacy Policy,DB_109_S13;DB_109_S165,C3PA_Dataset/Annotations/DB/109.csv
DB_109,44,ra5,"Last amended: January 1, 2023",Updated Privacy Policy,DB_109_S13;DB_109_S165,C3PA_Dataset/Annotations/DB/109.csv
DB_109,66,ra4,"Last amended: January 1, 2023",Updated Privacy Policy,DB_109_S13;DB_109_S165,C3PA_Dataset/Annotations/DB/109.csv
DB_109,85,ra4,"Last amended: January 1, 2023",Updated Privacy Policy,DB_109_S13;DB_109_S165,C3PA_Dataset/Annotations/DB/109.csv
DB_11,0,ra3,"Update Effective: December 30, 2022",Updated Privacy Policy,DB_11_S99;DB_11_S748,C3PA_Dataset/Annotations/DB/11.csv
DB_11,2,ra3,Billing information (including your payment card information),Categories of Personal Information Collected,DB_11_S124;DB_11_S776,C3PA_Dataset/Annotations/DB/11.csv
DB_11,3,ra3,"Contact details such as name, telephone numbers (which may include cell/mobile numbers), email address and postal address and details of any correspondence between us.",Categories of Personal Information Collected,DB_11_S127;DB_11_S779,C3PA_Dataset/Annotations/DB/11.csv
DB_11,5,ra3,"Employer and employment information such as job title, company affiliation, function, seniority, department and location of your office.",Categories of Personal Information Collected,DB_11_S139;DB_11_S791,C3PA_Dataset/Annotations/DB/11.csv
DB_11,8,ra3,"We may collect information automatically from your device, including information regarding how you use our Services. ",Categories of Personal Information Collected,DB_11_S157;DB_11_S809,C3PA_Dataset/Annotations/DB/11.csv
DB_11,9,ra3,"Information we may collect automatically includes your log-in events (when, how and for how long you log into and use certain Services), IP or MAC address, device make, model and operating system, mobile network information, internet service provider, unique device identification number, advertising ID, browser type and language, geographic location (e.g., country or city level location or time zone) and other technical information.",Categories of Personal Information Collected,DB_11_S159;DB_11_S811,C3PA_Dataset/Annotations/DB/11.csv
DB_11,10,ra3,"such as the pages, screens, functions, applications and products accessed and links clicked. ",Categories of Personal Information Collected,DB_11_S160;DB_11_S812,C3PA_Dataset/Annotations/DB/11.csv
DB_11,11,ra3,The information we collect from your employer (if you use our Services under your employer's corporate subscription) consists of your contact details and employment-related information.,Categories of Personal Information Collected,DB_11_S179;DB_11_S831,C3PA_Dataset/Annotations/DB/11.csv
DB_11,12,ra3,We may receive personal information about you from other sources (including your employer or business partner if you use Services covered by a subscription). ,Categories of Personal Information Collected,DB_11_S177;DB_11_S829,C3PA_Dataset/Annotations/DB/11.csv
DB_11,14,ra3," To stop collection of all information through one of our apps, please uninstall the app.",Methods to exercise rights,DB_11_S206;DB_11_S858,C3PA_Dataset/Annotations/DB/11.csv
DB_11,21,ra3,You may use this Personal Information Request Form or call us on 1-855-529-1761 to exercise any of your rights. ,Methods to exercise rights,DB_11_S325;DB_11_S984,C3PA_Dataset/Annotations/DB/11.csv
DB_11,23,ra3,"For right to know, access",Description of Right to Know PI sold / shared,DB_11_S527;DB_11_S1193,C3PA_Dataset/Annotations/DB/11.csv
DB_11,24,ra3,"For right to know, access,",Description of Right to Know PI Collected,DB_11_S527;DB_11_S1193,C3PA_Dataset/Annotations/DB/11.csv
DB_11,25,ra3,"or deletion requests,",Description of Right to Delete,DB_11_S527;DB_11_S1193,C3PA_Dataset/Annotations/DB/11.csv
DB_11,26,ra3," correct, ",Description of Right to Correct Information,DB_11_S301;DB_11_S527;DB_11_S960;DB_11_S1193,C3PA_Dataset/Annotations/DB/11.csv
DB_11,27,ra3," For right to know, access, correct, or deletion requests, complete and submit the Data Request Form.",Methods to exercise rights,DB_11_S527;DB_11_S1193,C3PA_Dataset/Annotations/DB/11.csv
DB_11,28,ra3, For the opt-out of sale requests,Description of Right to Opt-out of sale of PI,DB_11_S528;DB_11_S1194,C3PA_Dataset/Annotations/DB/11.csv
DB_11,29,ra3,"(2) For the opt-out of sale requests, visit ""Do Not Sell My Personal Information"" or call us at 1-855-529-1761.",Methods to exercise rights,DB_11_S528;DB_11_S1194,C3PA_Dataset/Annotations/DB/11.csv
DB_11,33,ra3,"We collect the following categories of sensitive personal information (as defined under California law): Social security, driver’s license, state identification card, or passport number; precise geolocation; Racial or ethnic origin, religious, or philosophical beliefs, or union membership; health information; and sex life or sexual orientation. ",Categories of Personal Information Collected,DB_11_S646;DB_11_S1312,C3PA_Dataset/Annotations/DB/11.csv
DB_11,35,ra3,"Update Effective: December 30, 2022",Updated Privacy Policy,DB_11_S99;DB_11_S748,C3PA_Dataset/Annotations/DB/11.csv
DB_11,36,ra3,Billing information (including your payment card information),Categories of Personal Information Collected,DB_11_S124;DB_11_S776,C3PA_Dataset/Annotations/DB/11.csv
DB_11,37,ra3,"Contact details such as name, telephone numbers (which may include cell/mobile numbers), email address and postal address and details of any correspondence between us.",Categories of Personal Information Collected,DB_11_S127;DB_11_S779,C3PA_Dataset/Annotations/DB/11.csv
DB_11,39,ra3,"Employer and employment information such as job title, company affiliation, function, seniority, department and location of your office.",Categories of Personal Information Collected,DB_11_S139;DB_11_S791,C3PA_Dataset/Annotations/DB/11.csv
DB_11,45,ra3,We may receive personal information about you from other sources (including your employer or business partner if you use Services covered by a subscription). ,Categories of Personal Information Collected,DB_11_S177;DB_11_S829,C3PA_Dataset/Annotations/DB/11.csv
DB_11,46,ra3,The information we collect from your employer (if you use our Services under your employer's corporate subscription) consists of your contact details and employment-related information.,Categories of Personal Information Collected,DB_11_S179;DB_11_S831,C3PA_Dataset/Annotations/DB/11.csv
DB_11,47,ra3,"We collect personal information from other third parties, such as marketing vendors, survey services, social media, conferences and other events that we or others organize, and other sources to the extent permitted by applicable law. ",Categories of Personal Information Collected,DB_11_S180;DB_11_S832,C3PA_Dataset/Annotations/DB/11.csv
DB_11,49,ra3,The automotive business collects and compiles motor vehicle registration and title information ,Categories of Personal Information Collected,DB_11_S185;DB_11_S837,C3PA_Dataset/Annotations/DB/11.csv
DB_11,51,ra3,"Generally, we use cookies and similar tracking technology ",Categories of Personal Information Collected,DB_11_S251;DB_11_S906,C3PA_Dataset/Annotations/DB/11.csv
DB_11,58,ra3,by clicking here or the “Do Not Sell My Personal Information” link on our homepage.,Methods to exercise rights,DB_11_S309;DB_11_S968,C3PA_Dataset/Annotations/DB/11.csv
DB_11,70,ra3,"To manage your individual user account when it is covered by an account of an S&P corporate customer, such as the corporate account of your employer.",Categories of Personal Information Collected,DB_11_S140;DB_11_S792,C3PA_Dataset/Annotations/DB/11.csv
DB_11,72,ra3,"To enable us to send you tailored information on our Services across our divisions that may interest you, to allow you to participate voluntarily in mailings and other events and to allow us to promote our events and Services. ",Categories of Personal Information Collected,DB_11_S145;DB_11_S797,C3PA_Dataset/Annotations/DB/11.csv
DB_11,74,ra3,For conducting due diligence activities for financial institutions and other regulated companies as part of our know-your-client products.,Categories of Personal Information Collected,DB_11_S150;DB_11_S802,C3PA_Dataset/Annotations/DB/11.csv
DB_11,75,ra3,"To maintain your account with us, provide technical support to that account, remedy issues or problems with that account, train you in the use of our Services and keep an auditable record of all such communications and actions which is accessible to our support, maintenance and training staff globally.",Categories of Personal Information Collected,DB_11_S154;DB_11_S806,C3PA_Dataset/Annotations/DB/11.csv
DB_11,77,ra3,"Where you register as a user, we will endeavor to check that these third parties have your consent or are otherwise legally permitted or required to disclose your personal information to us.",Categories of Personal Information Collected,DB_11_S178;DB_11_S830,C3PA_Dataset/Annotations/DB/11.csv
DB_11,78,ra3,Information that we obtain from other sources,Categories of Personal Information Collected,DB_11_S176;DB_11_S828,C3PA_Dataset/Annotations/DB/11.csv
DB_11,90,ra2,Billing information (including your payment card information),Categories of Personal Information Collected,DB_11_S124;DB_11_S776,C3PA_Dataset/Annotations/DB/11.csv
DB_11,91,ra2,"Contact details such as name, telephone numbers (which may include cell/mobile numbers), email address and postal address and details of any correspondence between us",Categories of Personal Information Collected,DB_11_S127;DB_11_S779,C3PA_Dataset/Annotations/DB/11.csv
DB_11,92,ra2,"User credentials including name, email address, signature and any personal login information you provide to us when you create a profile, such as details of your education and your gender",Categories of Personal Information Collected,DB_11_S134;DB_11_S786,C3PA_Dataset/Annotations/DB/11.csv
DB_11,93,ra2,"Some product platforms also allow users to upload data themselves including age, race, color, ancestry, national origin, citizenship, religion or creed, marital status, sex (including gender, gender identity, pregnancy or childbirth and related medical conditions), sexual orientation, veteran or military status, for their updates, information and alerts",Categories of Personal Information Collected,DB_11_S135;DB_11_S787,C3PA_Dataset/Annotations/DB/11.csv
DB_11,94,ra2,"Employer and employment information such as job title, company affiliation, function, seniority, department and location of your office",Categories of Personal Information Collected,DB_11_S139;DB_11_S791,C3PA_Dataset/Annotations/DB/11.csv
DB_11,132,ra4,You may also use this personal data request form to contact us or exercise any of your rights.,Methods to exercise rights,DB_11_S340;DB_11_S1001,C3PA_Dataset/Annotations/DB/11.csv
DB_11,134,ra4,Markit Digital does not sell personal information as defined by the California Consumer Privacy Act (CCPA),Categories of Personal Information Sold,DB_11_S459;DB_11_S1121,C3PA_Dataset/Annotations/DB/11.csv
DB_11,136,ra4,"This information is collected in order to process transactions, comply with laws, manage our business, or provide you with services",Categories of Personal Information Collected,DB_11_S647;DB_11_S1313,C3PA_Dataset/Annotations/DB/11.csv
DB_11,138,ra4,"As part of our Services, you may provide certain information to us, such as your contact details, user credentials, and employment information.",Categories of Personal Information Collected,DB_11_S118;DB_11_S770,C3PA_Dataset/Annotations/DB/11.csv
DB_11,145,ra4,The information we collect from your employer (if you use our Services under your employer's corporate subscription) consists of your contact details and employment-related information.,Categories of Personal Information Collected,DB_11_S179;DB_11_S831,C3PA_Dataset/Annotations/DB/11.csv
DB_11,147,ra4,"We collect personal information from other third parties, such as marketing vendors, survey services, social media, conferences and other events that we or others organize, and other sources to the extent permitted by applicable law.",Categories of Personal Information Collected,DB_11_S180;DB_11_S832,C3PA_Dataset/Annotations/DB/11.csv
DB_11,148,ra4,"We use this information to market our Services to you, to maintain and correct our records, to add data fields, and to enhance the marketing, delivery, and support of our Services to you.",Categories of Personal Information Collected,DB_11_S181;DB_11_S833,C3PA_Dataset/Annotations/DB/11.csv
DB_11,149,ra4,"We use this information to market our Services to you, to maintain and correct our records, to add data fields, and to enhance the marketing, delivery, and support of our Services to you.",Categories of Personal Information Shared / Disclosed,DB_11_S181;DB_11_S833,C3PA_Dataset/Annotations/DB/11.csv
DB_11,150,ra4,"We use this information to market our Services to you, to maintain and correct our records, to add data fields, and to enhance the marketing, delivery, and support of our Services to you.",Categories of Personal Information Sold,DB_11_S181;DB_11_S833,C3PA_Dataset/Annotations/DB/11.csv
DB_11,152,ra4,The automotive business collects and compiles motor vehicle registration and title information to provide products and services to authorized entities pursuant to 18 U.S.C A. §2721 and similar state laws governing the use of such information.,Categories of Personal Information Collected,DB_11_S185;DB_11_S837,C3PA_Dataset/Annotations/DB/11.csv
DB_11,153,ra4,"To access or correct your motor vehicle registration and/or title information, you must contact your state's department of motor vehicles or other state agency that processes motor vehicle titles and registration.",Description of Right to Know PI Collected,DB_11_S187;DB_11_S839,C3PA_Dataset/Annotations/DB/11.csv
DB_11,154,ra4,"We also may use your personal information for other purposes that we explain to you at the time we collect your personal information or, if permitted by applicable data protection laws, that are compatible with the purposes we have disclosed to you (such as archiving purposes in the public interest, scientific or historical research purposes, or statistical purposes).",Categories of Personal Information Collected,DB_11_S189;DB_11_S841,C3PA_Dataset/Annotations/DB/11.csv
DB_11,155,ra4,"We also may use your personal information for other purposes that we explain to you at the time we collect your personal information or, if permitted by applicable data protection laws, that are compatible with the purposes we have disclosed to you (such as archiving purposes in the public interest, scientific or historical research purposes, or statistical purposes).",Categories of Personal Information Shared / Disclosed,DB_11_S189;DB_11_S841,C3PA_Dataset/Annotations/DB/11.csv
DB_11,156,ra4,"We also may use your personal information for other purposes that we explain to you at the time we collect your personal information or, if permitted by applicable data protection laws, that are compatible with the purposes we have disclosed to you (such as archiving purposes in the public interest, scientific or historical research purposes, or statistical purposes).",Categories of Personal Information Sold,DB_11_S189;DB_11_S841,C3PA_Dataset/Annotations/DB/11.csv
DB_11,158,ra4,"When you agree, some of our apps collect the precise geo-location of your mobile device and some of our apps also collect information that may be personal information about your or others, from or about:",Categories of Personal Information Collected,DB_11_S197;DB_11_S849,C3PA_Dataset/Annotations/DB/11.csv
DB_11,160,ra4,We share personal information with those authorized parties referred to above for purposes consistent with those described in this Policy or as notified to you when your personal information is collected.,Categories of Personal Information Shared / Disclosed,DB_11_S211;DB_11_S864,C3PA_Dataset/Annotations/DB/11.csv
DB_11,161,ra4,We share personal information with those authorized parties referred to above for purposes consistent with those described in this Policy or as notified to you when your personal information is collected.,Categories of Personal Information Sold,DB_11_S211;DB_11_S864,C3PA_Dataset/Annotations/DB/11.csv
DB_11,162,ra4,We share personal information with those authorized parties referred to above for purposes consistent with those described in this Policy or as notified to you when your personal information is collected.,Categories of Personal Information Collected,DB_11_S211;DB_11_S864,C3PA_Dataset/Annotations/DB/11.csv
DB_11,168,ra4,"We may provide personal information to your employer for purposes such as to fulfill and enforce our contract with them, to inform them of potential group training needs, to inform them of Service use by certain categories of users and for pricing purposes.",Categories of Personal Information Shared / Disclosed,DB_11_S222;DB_11_S875,C3PA_Dataset/Annotations/DB/11.csv
DB_11,169,ra4,"We may provide personal information to any competent law enforcement body, regulatory, government agency, court or other third party in accordance with applicable law and regulation when we believe disclosure is necessary (i) as a matter of applicable law or regulation, (ii) to protect against fraud or for risk management purposes, (iii) to cooperate with relevant agencies for the investigation and prevention of crimes such as insider trading, (iv) to exercise, establish or defend our legal rights, (v) to protect your vital interests or those of any other person, or (vi) to protect the interests, rights, safety or property of us or others.",Categories of Personal Information Shared / Disclosed,DB_11_S224;DB_11_S877,C3PA_Dataset/Annotations/DB/11.csv
DB_11,170,ra4,"We may therefore disclose your information to comply with a court order, government request or other legal or regulatory process, sometimes without prior notice to you. ",Categories of Personal Information Shared / Disclosed,DB_11_S226;DB_11_S879,C3PA_Dataset/Annotations/DB/11.csv
DB_11,172,ra4,"Personal information that you disclose on message boards, chat areas or social media pages or in direct messages to other users of these platforms may be collected and used by third parties to contact you, to send you unsolicited messages or for other purposes without our knowledge or control.",Categories of Personal Information Shared / Disclosed,DB_11_S232;DB_11_S885,C3PA_Dataset/Annotations/DB/11.csv
DB_11,173,ra4,"Personal information that you disclose on message boards, chat areas or social media pages or in direct messages to other users of these platforms may be collected and used by third parties to contact you, to send you unsolicited messages or for other purposes without our knowledge or control.",Categories of Personal Information Sold,DB_11_S232;DB_11_S885,C3PA_Dataset/Annotations/DB/11.csv
DB_11,174,ra4,"Personal information that you disclose on message boards, chat areas or social media pages or in direct messages to other users of these platforms may be collected and used by third parties to contact you, to send you unsolicited messages or for other purposes without our knowledge or control.",Categories of Personal Information Collected,DB_11_S232;DB_11_S885,C3PA_Dataset/Annotations/DB/11.csv
DB_11,176,ra4,"Generally, we use cookies and similar tracking technology (collectively, ""Cookies"") in certain Services (in particular our websites and some mobile applications) to collect and use personal information about you, in order to better understand and improve the usability, performance, and effectiveness of our Services, to help us tailor content or offers for you, and to serve our targeted, interest-based advertising.",Categories of Personal Information Shared / Disclosed,DB_11_S251;DB_11_S906,C3PA_Dataset/Annotations/DB/11.csv
DB_11,177,ra4,"Generally, we use cookies and similar tracking technology (collectively, ""Cookies"") in certain Services (in particular our websites and some mobile applications) to collect and use personal information about you, in order to better understand and improve the usability, performance, and effectiveness of our Services, to help us tailor content or offers for you, and to serve our targeted, interest-based advertising.",Categories of Personal Information Sold,DB_11_S251;DB_11_S906,C3PA_Dataset/Annotations/DB/11.csv
DB_11,190,ra4,You may use this Personal Information Request Form or call us on 1-855-529-1761 to exercise any of your rights.,Methods to exercise rights,DB_11_S325;DB_11_S984,C3PA_Dataset/Annotations/DB/11.csv
DB_11,193,ra4,"For information on Opting Out on Mobile Devices, please visit https://www.networkadvertising.org/mobile-choice.",Methods to exercise rights,DB_11_S464;DB_11_S1126,C3PA_Dataset/Annotations/DB/11.csv
DB_11,194,ra4,Visit privacyrights.info to learn more about CCPA and how you may opt-out from other organizations' use of your data.,Methods to exercise rights,DB_11_S461;DB_11_S1123,C3PA_Dataset/Annotations/DB/11.csv
DB_11,195,ra4,"If you use our webform to correspond with us ( https://privacyportal.onetrust.com/webform/5cb57702-8ef7-437e-a62b-408fe78cd310/a2d05665-f8c3-44a2-ae58-d2015af31754 ⁠⁠), S&P Global will receive your name, email and your country of residence",Categories of Personal Information Collected,DB_11_S466;DB_11_S1128,C3PA_Dataset/Annotations/DB/11.csv
DB_11,200,ra4,"This information is collected in order to process transactions, comply with laws, manage our business, or provide you with services",Categories of Personal Information Sold,DB_11_S647;DB_11_S1313,C3PA_Dataset/Annotations/DB/11.csv
DB_11,201,ra4,"This information is collected in order to process transactions, comply with laws, manage our business, or provide you with services",Categories of Personal Information Shared / Disclosed,DB_11_S647;DB_11_S1313,C3PA_Dataset/Annotations/DB/11.csv
DB_11,202,ra4,We do not “sell” or “share” sensitive personal information for purposes of cross-context behavioral advertising.,Categories of Personal Information Shared / Disclosed,DB_11_S649;DB_11_S1315,C3PA_Dataset/Annotations/DB/11.csv
DB_11,203,ra4,We do not “sell” or “share” sensitive personal information for purposes of cross-context behavioral advertising.,Categories of Personal Information Sold,DB_11_S649;DB_11_S1315,C3PA_Dataset/Annotations/DB/11.csv
DB_110,61,ra4,Data Collected On Our Website,Categories of Personal Information Collected,DB_110_S9;DB_110_S20;DB_110_S40,C3PA_Dataset/Annotations/DB/110.csv
DB_111,0,ra3,"Last amended: January 1, 2023",Others,DB_111_S13;DB_111_S165,C3PA_Dataset/Annotations/DB/111.csv
DB_111,2,ra2,"Last amended: January 1, 2023",Updated Privacy Policy,DB_111_S13;DB_111_S165,C3PA_Dataset/Annotations/DB/111.csv
DB_111,17,ra2,"Last amended: January 1, 2023",Updated Privacy Policy,DB_111_S13;DB_111_S165,C3PA_Dataset/Annotations/DB/111.csv
DB_112,48,ra4,Sell consumer lists to third parties for direct marketing purposes.,Categories of Personal Information Sold,DB_112_S24;DB_112_S29,C3PA_Dataset/Annotations/DB/112.csv
DB_112,49,ra4,Sell consumer lists to third parties for direct marketing purposes.,Categories of Personal Information Sold,DB_112_S24;DB_112_S29,C3PA_Dataset/Annotations/DB/112.csv
DB_112,52,ra4,"We sell the information to various marketers, such as those who wish to sell products and services directly to consumers.",Categories of Personal Information Sold,DB_112_S27;DB_112_S32,C3PA_Dataset/Annotations/DB/112.csv
DB_113,103,ra4,Cookies,Categories of Personal Information Collected,DB_113_S1;DB_113_S2;DB_113_S4;DB_113_S71;DB_113_S88;DB_113_S89;DB_113_S90;DB_113_S91;DB_113_S93;DB_113_S98,C3PA_Dataset/Annotations/DB/113.csv
DB_113,106,ra4,Cookies,Categories of Personal Information Shared / Disclosed,DB_113_S1;DB_113_S2;DB_113_S4;DB_113_S71;DB_113_S88;DB_113_S89;DB_113_S90;DB_113_S91;DB_113_S93;DB_113_S98,C3PA_Dataset/Annotations/DB/113.csv
DB_113,107,ra4,Cookies,Categories of Personal Information Sold,DB_113_S1;DB_113_S2;DB_113_S4;DB_113_S71;DB_113_S88;DB_113_S89;DB_113_S90;DB_113_S91;DB_113_S93;DB_113_S98,C3PA_Dataset/Annotations/DB/113.csv
DB_114,4,ra3,"Other information that you provide to us online, by phone or in person, and use this information to respond to your request, provide you the requested services, and to inform our marketing and advertising campaigns.",Categories of Personal Information Shared / Disclosed,DB_114_S24;DB_114_S269,C3PA_Dataset/Annotations/DB/114.csv
DB_114,12,ra3,"We use the data collected through tracking technologies to:  (a) remember information so that you will not have to re-enter it during your visit or the next time you visit the site; (b) provide custom, personalized content and information, including targeted content and advertising; (c) identify you across multiple devices; (d) provide and monitor the effectiveness of our services; (e) monitor aggregate metrics such as total number of visitors, traffic, usage, and demographic patterns on our website; (f) diagnose or fix technology problems; and (g) otherwise to plan for and enhance our services. ",Categories of Personal Information Collected,DB_114_S69;DB_114_S298,C3PA_Dataset/Annotations/DB/114.csv
DB_114,13,ra3,"We use the data collected through tracking technologies to:  (a) remember information so that you will not have to re-enter it during your visit or the next time you visit the site; (b) provide custom, personalized content and information, including targeted content and advertising; (c) identify you across multiple devices; (d) provide and monitor the effectiveness of our services; (e) monitor aggregate metrics such as total number of visitors, traffic, usage, and demographic patterns on our website; (f) diagnose or fix technology problems; and (g) otherwise to plan for and enhance our services. ",Categories of Personal Information Shared / Disclosed,DB_114_S69;DB_114_S298,C3PA_Dataset/Annotations/DB/114.csv
DB_114,42,ra3,"We use the data collected through tracking technologies to:  (a) remember information so that you will not have to re-enter it during your visit or the next time you visit the site; (b) provide custom, personalized content and information, including targeted content and advertising; (c) identify you across multiple devices; (d) provide and monitor the effectiveness of our services; (e) monitor aggregate metrics such as total number of visitors, traffic, usage, and demographic patterns on our website; (f) diagnose or fix technology problems; and (g) otherwise to plan for and enhance our services.",Categories of Personal Information Collected,DB_114_S69;DB_114_S298,C3PA_Dataset/Annotations/DB/114.csv
DB_114,43,ra3,"We use the data collected through tracking technologies to:  (a) remember information so that you will not have to re-enter it during your visit or the next time you visit the site; (b) provide custom, personalized content and information, including targeted content and advertising; (c) identify you across multiple devices; (d) provide and monitor the effectiveness of our services; (e) monitor aggregate metrics such as total number of visitors, traffic, usage, and demographic patterns on our website; (f) diagnose or fix technology problems; and (g) otherwise to plan for and enhance our services.",Categories of Personal Information Shared / Disclosed,DB_114_S69;DB_114_S298,C3PA_Dataset/Annotations/DB/114.csv
DB_114,44,ra3,We and our third-party partners may also use cookies and tracking technologies for advertising purposes.,Categories of Personal Information Collected,DB_114_S299;DB_114_S301,C3PA_Dataset/Annotations/DB/114.csv
DB_114,45,ra3,We and our third-party partners may also use cookies and tracking technologies for advertising purposes.,Categories of Personal Information Shared / Disclosed,DB_114_S299;DB_114_S301,C3PA_Dataset/Annotations/DB/114.csv
DB_114,46,ra3,We and our third-party partners may also use cookies and tracking technologies for advertising purposes.,Categories of Personal Information Sold,DB_114_S299;DB_114_S301,C3PA_Dataset/Annotations/DB/114.csv
DB_114,73,ra2,"We use the data collected through tracking technologies to:  (a) remember information so that you will not have to re-enter it during your visit or the next time you visit the site; (b) provide custom, personalized content and information, including targeted content and advertising; (c) identify you across multiple devices; (d) provide and monitor the effectiveness of our services; (e) monitor aggregate metrics such as total number of visitors, traffic, usage, and demographic patterns on our website; (f) diagnose or fix technology problems; and (g) otherwise to plan for and enhance our services. ",Categories of Personal Information Collected,DB_114_S69;DB_114_S298,C3PA_Dataset/Annotations/DB/114.csv
DB_114,75,ra2,"We may share, or we may permit third-party online advertising networks, social media companies and other third-party services, to collect, information about your use of our services over time so that they may play or display ads that may be relevant to your interests on other websites or apps, or on other devices you may use.",Categories of Personal Information Shared / Disclosed,DB_114_S102;DB_114_S327,C3PA_Dataset/Annotations/DB/114.csv
DB_114,76,ra2,"Typically, though not always, the information we share is provided through cookies or similar tracking technologies, which recognize the device you are using and collect information, including hashed data, click stream information, browser type, time and date you visited the site, and other information. ",Categories of Personal Information Shared / Disclosed,DB_114_S103;DB_114_S328,C3PA_Dataset/Annotations/DB/114.csv
DB_114,77,ra2,"This information is used to display targeted ads on or through our services or on other websites, apps, or services.",Categories of Personal Information Collected,DB_114_S104;DB_114_S329,C3PA_Dataset/Annotations/DB/114.csv
DB_114,110,ra2,These cookies collect information for analytics and to personalize your experience with targeted ads.,Categories of Personal Information Collected,DB_114_S516;DB_114_S531,C3PA_Dataset/Annotations/DB/114.csv
DB_114,112,ra2,These cookies collect information for analytics and to personalize your experience with targeted ads.,Categories of Personal Information Collected,DB_114_S516;DB_114_S531,C3PA_Dataset/Annotations/DB/114.csv
DB_114,115,ra1,"We use this information to operate, maintain, and provide to you the features and functionality of the Service, as well as to communicate directly with you, such as to send you email messages about products and services that may be of interest to you.   ",Categories of Personal Information Shared / Disclosed,DB_114_S40;DB_114_S43,C3PA_Dataset/Annotations/DB/114.csv
DB_114,116,ra1,"We use this information to operate, maintain, and provide to you the features and functionality of the Service, as well as to communicate directly with you, such as to send you email messages about products and services that may be of interest to you.   ",Categories of Personal Information Sold,DB_114_S40;DB_114_S43,C3PA_Dataset/Annotations/DB/114.csv
DB_114,119,ra1,We use this to evaluate your eligibility for employment.,Categories of Personal Information Shared / Disclosed,DB_114_S23;DB_114_S268,C3PA_Dataset/Annotations/DB/114.csv
DB_114,120,ra1,We use this to evaluate your eligibility for employment.,Categories of Personal Information Sold,DB_114_S23;DB_114_S268,C3PA_Dataset/Annotations/DB/114.csv
DB_114,126,ra1,"We use the data collected through tracking technologies to:  (a) remember information so that you will not have to re-enter it during your visit or the next time you visit the site; (b) provide custom, personalized content and information, including targeted content and advertising; (c) identify you across multiple devices; (d) provide and monitor the effectiveness of our services; (e) monitor aggregate metrics such as total number of visitors, traffic, usage, and demographic patterns on our website; (f) diagnose or fix technology problems; and (g) otherwise to plan for and enhance our services. ",Categories of Personal Information Collected,DB_114_S69;DB_114_S298,C3PA_Dataset/Annotations/DB/114.csv
DB_114,127,ra1,"We use the data collected through tracking technologies to:  (a) remember information so that you will not have to re-enter it during your visit or the next time you visit the site; (b) provide custom, personalized content and information, including targeted content and advertising; (c) identify you across multiple devices; (d) provide and monitor the effectiveness of our services; (e) monitor aggregate metrics such as total number of visitors, traffic, usage, and demographic patterns on our website; (f) diagnose or fix technology problems; and (g) otherwise to plan for and enhance our services. ",Categories of Personal Information Shared / Disclosed,DB_114_S69;DB_114_S298,C3PA_Dataset/Annotations/DB/114.csv
DB_114,128,ra1,"We use the data collected through tracking technologies to:  (a) remember information so that you will not have to re-enter it during your visit or the next time you visit the site; (b) provide custom, personalized content and information, including targeted content and advertising; (c) identify you across multiple devices; (d) provide and monitor the effectiveness of our services; (e) monitor aggregate metrics such as total number of visitors, traffic, usage, and demographic patterns on our website; (f) diagnose or fix technology problems; and (g) otherwise to plan for and enhance our services. ",Categories of Personal Information Sold,DB_114_S69;DB_114_S298,C3PA_Dataset/Annotations/DB/114.csv
DB_114,134,ra1,We or the online advertising networks use this information to make the advertisements you see online more relevant to your interests.,Categories of Personal Information Shared / Disclosed,DB_114_S105;DB_114_S330,C3PA_Dataset/Annotations/DB/114.csv
DB_114,135,ra1,We or the online advertising networks use this information to make the advertisements you see online more relevant to your interests,Categories of Personal Information Sold,DB_114_S105;DB_114_S330,C3PA_Dataset/Annotations/DB/114.csv
DB_114,136,ra1,We or the online advertising networks use this information to make the advertisements you see online more relevant to your interests.,Categories of Personal Information Collected,DB_114_S105;DB_114_S330,C3PA_Dataset/Annotations/DB/114.csv
DB_115,64,ra1,"For a description of the PI we collect and how we collect that PI, please see the section above titled “The Types of Data That We Obtain and Use”",Categories of Personal Information Collected,DB_115_S142;DB_115_S153,C3PA_Dataset/Annotations/DB/115.csv
DB_115,65,ra1,"For a description of how we use your PI, please see the section above titled “Our Services and How We Use Personal Information”.",Categories of Personal Information Collected,DB_115_S143;DB_115_S154,C3PA_Dataset/Annotations/DB/115.csv
DB_115,66,ra1,"For a description of how we use your PI, please see the section above titled “Our Services and How We Use Personal Information”",Categories of Personal Information Shared / Disclosed,DB_115_S143;DB_115_S154,C3PA_Dataset/Annotations/DB/115.csv
DB_115,67,ra1,"For a description of how we use your PI, please see the section above titled “Our Services and How We Use Personal Information”.",Categories of Personal Information Sold,DB_115_S143;DB_115_S154,C3PA_Dataset/Annotations/DB/115.csv
DB_116,11,ra3,"To exercise your privacy rights, please use this form.",Methods to exercise rights,DB_116_S120;DB_116_S181,C3PA_Dataset/Annotations/DB/116.csv
DB_116,32,ra2,"To exercise your privacy rights, please use this form. ",Methods to exercise rights,DB_116_S120;DB_116_S181,C3PA_Dataset/Annotations/DB/116.csv
DB_118,76,ra4,"We process your information to provide, improve, and administer our Services, communicate with you, for security and fraud prevention, and to comply with law. ",Categories of Personal Information Collected,DB_118_S37;DB_118_S133,C3PA_Dataset/Annotations/DB/118.csv
DB_118,105,ra4,"HOW CAN YOU REVIEW, UPDATE, OR DELETE THE DATA WE COLLECT FROM YOU?",Methods to exercise rights,DB_118_S84;DB_118_S348,C3PA_Dataset/Annotations/DB/118.csv
DB_12,5,ra3,The specific pieces of personal information it has collected about that consumer.,Description of Right to Know PI Collected,DB_12_S103;DB_12_S107,C3PA_Dataset/Annotations/DB/12.csv
DB_12,15,ra3,The specific pieces of personal information it has collected about that consumer.,Description of Right to Know PI Collected,DB_12_S103;DB_12_S107,C3PA_Dataset/Annotations/DB/12.csv
DB_122,101,ra5,Special categories of Personal Data,Categories of Personal Information Shared / Disclosed,DB_122_S56;DB_122_S145;DB_122_S194;DB_122_S201;DB_122_S207;DB_122_S212;DB_122_S225,C3PA_Dataset/Annotations/DB/122.csv
DB_122,102,ra5,Identifiers,Categories of Personal Information Shared / Disclosed,DB_122_S45;DB_122_S135;DB_122_S194;DB_122_S201;DB_122_S207;DB_122_S212;DB_122_S225;DB_122_S355,C3PA_Dataset/Annotations/DB/122.csv
DB_122,105,ra5,Protected characteristics,Categories of Personal Information Shared / Disclosed,DB_122_S65;DB_122_S149;DB_122_S225,C3PA_Dataset/Annotations/DB/122.csv
DB_122,106,ra5,Billtrust Business Directory: to allow our customers to identify opportunities within their customer base to convert print invoices to electronic invoices and payments from paper checks to online payments.,Categories of Personal Information Shared / Disclosed,DB_122_S155;DB_122_S170,C3PA_Dataset/Annotations/DB/122.csv
DB_122,108,ra5,Commercial information,Categories of Personal Information Shared / Disclosed,DB_122_S68;DB_122_S151;DB_122_S194;DB_122_S201;DB_122_S207;DB_122_S212;DB_122_S222;DB_122_S225,C3PA_Dataset/Annotations/DB/122.csv
DB_122,111,ra5,Identifiers,Categories of Personal Information Sold,DB_122_S45;DB_122_S135;DB_122_S194;DB_122_S201;DB_122_S207;DB_122_S212;DB_122_S225;DB_122_S355,C3PA_Dataset/Annotations/DB/122.csv
DB_122,114,ra5,Protected characteristics,Categories of Personal Information Sold,DB_122_S65;DB_122_S149;DB_122_S225,C3PA_Dataset/Annotations/DB/122.csv
DB_122,116,ra5,Commercial information,Categories of Personal Information Sold,DB_122_S68;DB_122_S151;DB_122_S194;DB_122_S201;DB_122_S207;DB_122_S212;DB_122_S222;DB_122_S225,C3PA_Dataset/Annotations/DB/122.csv
DB_122,117,ra5,Billtrust Business Directory: to allow our customers to identify opportunities within their customer base to convert print invoices to electronic invoices and payments from paper checks to online payments,Categories of Personal Information Sold,DB_122_S155;DB_122_S170,C3PA_Dataset/Annotations/DB/122.csv
DB_122,182,ra5,Performance and Functionality Cookies,Categories of Personal Information Collected,DB_122_S431;DB_122_S432,C3PA_Dataset/Annotations/DB/122.csv
DB_123,48,ra5,WHAT ARE YOUR PRIVACY RIGHTS?,Description of Right to Know PI Collected,DB_123_S22;DB_123_S128,C3PA_Dataset/Annotations/DB/123.csv
DB_123,84,ra4,WILL YOUR INFORMATION BE SHARED WITH ANYONE?,Categories of Personal Information Shared / Disclosed,DB_123_S16;DB_123_S76;DB_123_S113,C3PA_Dataset/Annotations/DB/123.csv
DB_128,104,ra4,Facebook,Categories of Personal Information Shared / Disclosed,DB_128_S162;DB_128_S163;DB_128_S196;DB_128_S197;DB_128_S423,C3PA_Dataset/Annotations/DB/128.csv
DB_128,105,ra4,Facebook,Categories of Personal Information Sold,DB_128_S162;DB_128_S163;DB_128_S196;DB_128_S197;DB_128_S423,C3PA_Dataset/Annotations/DB/128.csv
DB_128,126,ra4,Sale of Personal Information,Categories of Personal Information Sold,DB_128_S288;DB_128_S305;DB_128_S309,C3PA_Dataset/Annotations/DB/128.csv
DB_129,113,ra4,What information we collect,Categories of Personal Information Collected,DB_129_S258;DB_129_S310;DB_129_S439;DB_129_S713;DB_129_S813,C3PA_Dataset/Annotations/DB/129.csv
DB_129,116,ra4,Website Visitors and Customers,Categories of Personal Information Collected,DB_129_S260;DB_129_S330,C3PA_Dataset/Annotations/DB/129.csv
DB_129,117,ra4,Products and Services,Categories of Personal Information Collected,DB_129_S259;DB_129_S298;DB_129_S311;DB_129_S327;DB_129_S333;DB_129_S346;DB_129_S382;DB_129_S470;DB_129_S507;DB_129_S535;DB_129_S569,C3PA_Dataset/Annotations/DB/129.csv
DB_129,124,ra4,D&B Email IQ,Categories of Personal Information Collected,DB_129_S261;DB_129_S363;DB_129_S365;DB_129_S366;DB_129_S368;DB_129_S373,C3PA_Dataset/Annotations/DB/129.csv
DB_129,126,ra4,"The application uses innovative technology powered by machine learning and natural language processing to scan the prospects and customers you are interacting with to provide company firmographics, recommendations on additional contacts, and suggestions for similar companies to pursue.",Categories of Personal Information Collected,DB_129_S355;DB_129_S367,C3PA_Dataset/Annotations/DB/129.csv
DB_129,129,ra4,We also collect personal information so that we can license and sell professional business contact information for marketing and data management purposes.,Categories of Personal Information Sold,DB_129_S378;DB_129_S723,C3PA_Dataset/Annotations/DB/129.csv
DB_129,136,ra4,We also collect personal information so that we can license and sell professional business contact information for marketing and data management purposes.,Categories of Personal Information Shared / Disclosed,DB_129_S378;DB_129_S723,C3PA_Dataset/Annotations/DB/129.csv
DB_129,143,ra4,"Cookies, Web Beacons, Pixel Tags, and GIFs",Categories of Personal Information Collected,DB_129_S268;DB_129_S412,C3PA_Dataset/Annotations/DB/129.csv
DB_129,145,ra4,Cookie Uses,Categories of Personal Information Collected,DB_129_S270;DB_129_S428,C3PA_Dataset/Annotations/DB/129.csv
DB_129,182,ra4,The business or commercial purpose for collecting personal information,Categories of Personal Information Sold,DB_129_S720;DB_129_S824,C3PA_Dataset/Annotations/DB/129.csv
DB_13,100,ra5,rights,Description of Right to Non-discrimination on exercising rights,DB_13_S5;DB_13_S19;DB_13_S31;DB_13_S46;DB_13_S82;DB_13_S130;DB_13_S131;DB_13_S132;DB_13_S134;DB_13_S180;DB_13_S181;DB_13_S184;DB_13_S185;DB_13_S186;DB_13_S188;DB_13_S204;DB_13_S210;DB_13_S213;DB_13_S215;DB_13_S242;DB_13_S246;DB_13_S256,C3PA_Dataset/Annotations/DB/13.csv
DB_13,185,ra6, a,Categories of Personal Information Sold,DB_13_S1;DB_13_S3;DB_13_S5;DB_13_S6;DB_13_S7;DB_13_S8;DB_13_S9;DB_13_S11;DB_13_S12;DB_13_S13;DB_13_S14;DB_13_S15;DB_13_S16;DB_13_S17;DB_13_S18;DB_13_S19;DB_13_S20;DB_13_S21;DB_13_S22;DB_13_S23;DB_13_S24;DB_13_S25;DB_13_S26;DB_13_S27;DB_13_S28;DB_13_S29;DB_13_S30;DB_13_S31;DB_13_S32;DB_13_S33;DB_13_S34;DB_13_S35;DB_13_S36;DB_13_S37;DB_13_S38;DB_13_S39;DB_13_S40;DB_13_S41;DB_13_S42;DB_13_S43;DB_13_S44;DB_13_S45;DB_13_S46;DB_13_S47;DB_13_S48;DB_13_S49;DB_13_S50;DB_13_S51;DB_13_S52;DB_13_S53;DB_13_S54;DB_13_S56;DB_13_S57;DB_13_S58;DB_13_S59;DB_13_S61;DB_13_S63;DB_13_S64;DB_13_S65;DB_13_S66;DB_13_S67;DB_13_S68;DB_13_S69;DB_13_S70;DB_13_S71;DB_13_S73;DB_13_S74;DB_13_S75;DB_13_S76;DB_13_S77;DB_13_S79;DB_13_S80;DB_13_S81;DB_13_S82;DB_13_S83;DB_13_S84;DB_13_S85;DB_13_S86;DB_13_S88;DB_13_S90;DB_13_S91;DB_13_S93;DB_13_S94;DB_13_S95;DB_13_S97;DB_13_S98;DB_13_S99;DB_13_S100;DB_13_S101;DB_13_S102;DB_13_S103;DB_13_S104;DB_13_S105;DB_13_S106;DB_13_S107;DB_13_S108;DB_13_S109;DB_13_S111;DB_13_S112;DB_13_S113;DB_13_S114;DB_13_S115;DB_13_S116;DB_13_S117;DB_13_S118;DB_13_S119;DB_13_S120;DB_13_S121;DB_13_S122;DB_13_S123;DB_13_S125;DB_13_S127;DB_13_S128;DB_13_S129;DB_13_S130;DB_13_S131;DB_13_S133;DB_13_S134;DB_13_S135;DB_13_S136;DB_13_S137;DB_13_S138;DB_13_S139;DB_13_S140;DB_13_S141;DB_13_S142;DB_13_S143;DB_13_S144;DB_13_S145;DB_13_S146;DB_13_S147;DB_13_S149;DB_13_S150;DB_13_S151;DB_13_S152;DB_13_S153;DB_13_S154;DB_13_S155;DB_13_S156;DB_13_S157;DB_13_S158;DB_13_S159;DB_13_S160;DB_13_S161;DB_13_S162;DB_13_S163;DB_13_S165;DB_13_S166;DB_13_S167;DB_13_S168;DB_13_S169;DB_13_S170;DB_13_S171;DB_13_S172;DB_13_S173;DB_13_S174;DB_13_S175;DB_13_S176;DB_13_S177;DB_13_S178;DB_13_S179;DB_13_S180;DB_13_S181;DB_13_S182;DB_13_S183;DB_13_S184;DB_13_S185;DB_13_S186;DB_13_S187;DB_13_S188;DB_13_S189;DB_13_S190;DB_13_S191;DB_13_S192;DB_13_S193;DB_13_S194;DB_13_S195;DB_13_S196;DB_13_S197;DB_13_S198;DB_13_S199;DB_13_S200;DB_13_S201;DB_13_S202;DB_13_S203;DB_13_S204;DB_13_S205;DB_13_S206;DB_13_S207;DB_13_S208;DB_13_S209;DB_13_S210;DB_13_S211;DB_13_S212;DB_13_S213;DB_13_S214;DB_13_S215;DB_13_S216;DB_13_S217;DB_13_S219;DB_13_S220;DB_13_S221;DB_13_S222;DB_13_S223;DB_13_S224;DB_13_S225;DB_13_S226;DB_13_S227;DB_13_S228;DB_13_S229;DB_13_S230;DB_13_S231;DB_13_S232;DB_13_S233;DB_13_S234;DB_13_S235;DB_13_S236;DB_13_S237;DB_13_S238;DB_13_S239;DB_13_S240;DB_13_S241;DB_13_S242;DB_13_S243;DB_13_S244;DB_13_S245;DB_13_S246;DB_13_S248;DB_13_S250;DB_13_S251;DB_13_S252;DB_13_S253;DB_13_S254;DB_13_S256,C3PA_Dataset/Annotations/DB/13.csv
DB_132,174,ra4,"We use this information to operate, maintain, and provide to you the features and functionality of the Service, as well as to communicate directly with you, such as to send you email messages about products and services that may be of interest to you.",Categories of Personal Information Collected,DB_132_S105;DB_132_S110,C3PA_Dataset/Annotations/DB/132.csv
DB_132,176,ra4,"We use this information to operate, maintain, and provide to you the features and functionality of the Service, as well as to communicate directly with you, such as to send you email messages about products and services that may be of interest to you.",Categories of Personal Information Collected,DB_132_S105;DB_132_S110,C3PA_Dataset/Annotations/DB/132.csv
DB_132,182,ra4,Sharing and Transfers,Categories of Personal Information Shared / Disclosed,DB_132_S139;DB_132_S386,C3PA_Dataset/Annotations/DB/132.csv
DB_133,149,ra4, Contact Us,Methods to exercise rights,DB_133_S70;DB_133_S674;DB_133_S780;DB_133_S786;DB_133_S804;DB_133_S892;DB_133_S899;DB_133_S1047;DB_133_S1048;DB_133_S1131,C3PA_Dataset/Annotations/DB/133.csv
DB_134,54,ra4,These cookies are required to enable the basic features of our website such as navigating to pages or accessing secure areas.,Categories of Personal Information Collected,DB_134_S41;DB_134_S208,C3PA_Dataset/Annotations/DB/134.csv
DB_134,62,ra4,Client Data,Categories of Personal Information Collected,DB_134_S67;DB_134_S68;DB_134_S69;DB_134_S70;DB_134_S73;DB_134_S75;DB_134_S90;DB_134_S91;DB_134_S100;DB_134_S128;DB_134_S164,C3PA_Dataset/Annotations/DB/134.csv
DB_135,7,ra2,The specific pieces of personal information it has collected about that consumer.,Description of Right to Know PI Collected,DB_135_S29;DB_135_S33,C3PA_Dataset/Annotations/DB/135.csv
DB_135,45,ra1,The specific pieces of personal information it has collected about that consumer.,Description of Right to Know PI Collected,DB_135_S29;DB_135_S33,C3PA_Dataset/Annotations/DB/135.csv
DB_135,47,ra1,The specific pieces of personal information it has collected about that consumer.,Description of Right to Know PI Collected,DB_135_S29;DB_135_S33,C3PA_Dataset/Annotations/DB/135.csv
DB_139,54,ra5,HOW WE USE AND SHARE INFORMATION AS A BUSINESS,Description of Right to Know PI Collected,DB_139_S16;DB_139_S107,C3PA_Dataset/Annotations/DB/139.csv
DB_139,55,ra5,HOW WE USE AND SHARE INFORMATION AS A BUSINESS,Description of Right to Know PI sold / shared,DB_139_S16;DB_139_S107,C3PA_Dataset/Annotations/DB/139.csv
DB_140,34,ra2,"If you are a California resident and would like to opt-out, please submit your information using our CCPA Opt-Out Request form.",Methods to exercise rights,DB_140_S156;DB_140_S287,C3PA_Dataset/Annotations/DB/140.csv
DB_140,36,ra5,We use cookies to track use of our Site and to track what sites you came from,Categories of Personal Information Collected,DB_140_S49;DB_140_S180,C3PA_Dataset/Annotations/DB/140.csv
DB_140,45,ra5,The link to our Do Not Sell web form is located here.,Methods to exercise rights,DB_140_S130;DB_140_S261,C3PA_Dataset/Annotations/DB/140.csv
DB_140,50,ra5,"This Privacy Policy is effective on February 1, 2018 and was last updated on January 6, 2020.",Updated Privacy Policy,DB_140_S157;DB_140_S288,C3PA_Dataset/Annotations/DB/140.csv
DB_140,53,ra5,We may collect Personal Information at different places within the Site and from other websites we own or utilize.,Categories of Personal Information Collected,DB_140_S50;DB_140_S181,C3PA_Dataset/Annotations/DB/140.csv
DB_140,61,ra5,We may use cookies to track user traffic patterns (as described above) and to reengage you as you surf the internet (i.e. remarketing).,Categories of Personal Information Collected,DB_140_S147;DB_140_S278,C3PA_Dataset/Annotations/DB/140.csv
DB_140,62,ra1,"We reserve the right, at our discretion, to change, modify, add or remove portions from this Privacy Policy for California Residents at any time so you are encouraged to review this Privacy Policy for California Residents from time to time.",Updated Privacy Policy,DB_140_S34;DB_140_S40;DB_140_S171,C3PA_Dataset/Annotations/DB/140.csv
DB_140,63,ra1,"We reserve the right, at our discretion, to change, modify, add or remove portions from this Privacy Policy for California Residents at any time so you are encouraged to review this Privacy Policy for California Residents from time to time.",Updated Privacy Policy,DB_140_S34;DB_140_S40;DB_140_S171,C3PA_Dataset/Annotations/DB/140.csv
DB_140,73,ra1,Right to know about personal information collected or sold,Description of Right to Know PI sold / shared,DB_140_S89;DB_140_S220,C3PA_Dataset/Annotations/DB/140.csv
DB_140,74,ra1,The categories of third parties with whom we share your personal information.,Description of Right to Know PI sold / shared,DB_140_S95;DB_140_S226,C3PA_Dataset/Annotations/DB/140.csv
DB_140,76,ra1,The specific pieces of Personal Information we collected about you.,Description of Right to Know PI Collected,DB_140_S96;DB_140_S227,C3PA_Dataset/Annotations/DB/140.csv
DB_140,81,ra1,The link to our Do Not Sell web form is located here.,Methods to exercise rights,DB_140_S130;DB_140_S261,C3PA_Dataset/Annotations/DB/140.csv
DB_140,82,ra1,California Civil Code Section 1798.83 permits California residents who have provided personal information to us to request certain information regarding our disclosure of such personal information to Third Party Companies for their marketing purposes.,Description of Right to Know PI sold / shared,DB_140_S132;DB_140_S263,C3PA_Dataset/Annotations/DB/140.csv
DB_140,87,ra1,"If you are a California resident and would like to opt-out, please submit your information using our CCPA Opt-Out Request form.",Methods to exercise rights,DB_140_S156;DB_140_S287,C3PA_Dataset/Annotations/DB/140.csv
DB_140,89,ra1,"This Privacy Policy is effective on February 1, 2018 and was last updated on January 6, 2020.",Updated Privacy Policy,DB_140_S157;DB_140_S288,C3PA_Dataset/Annotations/DB/140.csv
DB_140,91,ra1,"We reserve the right, at our discretion, to change, modify, add or remove portions from this Privacy Policy for California Residents at any time so you are encouraged to review this Privacy Policy for California Residents from time to time.",Updated Privacy Policy,DB_140_S34;DB_140_S40;DB_140_S171,C3PA_Dataset/Annotations/DB/140.csv
DB_140,92,ra1,DEFINITION OF PERSONAL INFORMATION,Others,DB_140_S43;DB_140_S174,C3PA_Dataset/Annotations/DB/140.csv
DB_141,80,ra1,  Please click here so that we can process your request. ,Methods to exercise rights,DB_141_S104;DB_141_S136,C3PA_Dataset/Annotations/DB/141.csv
DB_143,2,ra2,The,Categories of Personal Information Collected,DB_143_S4;DB_143_S16;DB_143_S18;DB_143_S21;DB_143_S24;DB_143_S26;DB_143_S27;DB_143_S28;DB_143_S30;DB_143_S38;DB_143_S41;DB_143_S42;DB_143_S45;DB_143_S48;DB_143_S49;DB_143_S50;DB_143_S51;DB_143_S52;DB_143_S53;DB_143_S54;DB_143_S55;DB_143_S56;DB_143_S57;DB_143_S58;DB_143_S59;DB_143_S60;DB_143_S66;DB_143_S67;DB_143_S70;DB_143_S71;DB_143_S72;DB_143_S73;DB_143_S76;DB_143_S79;DB_143_S80;DB_143_S81;DB_143_S83;DB_143_S84;DB_143_S85;DB_143_S87;DB_143_S88;DB_143_S89;DB_143_S90;DB_143_S95;DB_143_S98;DB_143_S104;DB_143_S105;DB_143_S112;DB_143_S114;DB_143_S115;DB_143_S117;DB_143_S118;DB_143_S119;DB_143_S122;DB_143_S123;DB_143_S125;DB_143_S126;DB_143_S128;DB_143_S134;DB_143_S135;DB_143_S136;DB_143_S137;DB_143_S138;DB_143_S139;DB_143_S144;DB_143_S147;DB_143_S148;DB_143_S151;DB_143_S152;DB_143_S153;DB_143_S154;DB_143_S155;DB_143_S156;DB_143_S157;DB_143_S159;DB_143_S160;DB_143_S163;DB_143_S164;DB_143_S172;DB_143_S173;DB_143_S174;DB_143_S175;DB_143_S176;DB_143_S177;DB_143_S178;DB_143_S179;DB_143_S180;DB_143_S183;DB_143_S184;DB_143_S186;DB_143_S187;DB_143_S188;DB_143_S190;DB_143_S193;DB_143_S194;DB_143_S195;DB_143_S196;DB_143_S198;DB_143_S199;DB_143_S200;DB_143_S201;DB_143_S203;DB_143_S204;DB_143_S205;DB_143_S206;DB_143_S208;DB_143_S209;DB_143_S210;DB_143_S211;DB_143_S212;DB_143_S214;DB_143_S215;DB_143_S216;DB_143_S217;DB_143_S218;DB_143_S219;DB_143_S223;DB_143_S225;DB_143_S226;DB_143_S227;DB_143_S229;DB_143_S232;DB_143_S233;DB_143_S234;DB_143_S235;DB_143_S236;DB_143_S237;DB_143_S245;DB_143_S249;DB_143_S250;DB_143_S256;DB_143_S257;DB_143_S265;DB_143_S278,C3PA_Dataset/Annotations/DB/143.csv
DB_143,3,ra2,access,Categories of Personal Information Collected,DB_143_S16;DB_143_S51;DB_143_S133;DB_143_S135;DB_143_S174;DB_143_S195;DB_143_S198;DB_143_S211;DB_143_S229,C3PA_Dataset/Annotations/DB/143.csv
DB_143,4,ra2,request information,Categories of Personal Information Collected,DB_143_S235;DB_143_S236,C3PA_Dataset/Annotations/DB/143.csv
DB_143,6,ra2,AW,Categories of Personal Information Collected,DB_143_S16;DB_143_S17;DB_143_S18;DB_143_S153;DB_143_S182;DB_143_S186;DB_143_S188;DB_143_S193;DB_143_S210;DB_143_S211;DB_143_S213;DB_143_S240,C3PA_Dataset/Annotations/DB/143.csv
DB_143,8,ra2,The ,Categories of Personal Information Collected,DB_143_S4;DB_143_S16;DB_143_S18;DB_143_S21;DB_143_S24;DB_143_S26;DB_143_S27;DB_143_S28;DB_143_S30;DB_143_S38;DB_143_S41;DB_143_S42;DB_143_S45;DB_143_S48;DB_143_S49;DB_143_S50;DB_143_S51;DB_143_S52;DB_143_S53;DB_143_S54;DB_143_S55;DB_143_S56;DB_143_S57;DB_143_S58;DB_143_S59;DB_143_S60;DB_143_S66;DB_143_S67;DB_143_S70;DB_143_S71;DB_143_S72;DB_143_S73;DB_143_S76;DB_143_S79;DB_143_S80;DB_143_S81;DB_143_S83;DB_143_S84;DB_143_S85;DB_143_S87;DB_143_S88;DB_143_S89;DB_143_S90;DB_143_S95;DB_143_S98;DB_143_S104;DB_143_S105;DB_143_S112;DB_143_S114;DB_143_S115;DB_143_S117;DB_143_S118;DB_143_S119;DB_143_S122;DB_143_S123;DB_143_S125;DB_143_S126;DB_143_S128;DB_143_S134;DB_143_S135;DB_143_S136;DB_143_S137;DB_143_S138;DB_143_S139;DB_143_S144;DB_143_S147;DB_143_S148;DB_143_S151;DB_143_S152;DB_143_S153;DB_143_S154;DB_143_S155;DB_143_S156;DB_143_S157;DB_143_S159;DB_143_S160;DB_143_S163;DB_143_S164;DB_143_S172;DB_143_S173;DB_143_S174;DB_143_S175;DB_143_S176;DB_143_S177;DB_143_S178;DB_143_S179;DB_143_S180;DB_143_S183;DB_143_S184;DB_143_S186;DB_143_S187;DB_143_S188;DB_143_S190;DB_143_S193;DB_143_S194;DB_143_S195;DB_143_S196;DB_143_S198;DB_143_S199;DB_143_S200;DB_143_S201;DB_143_S203;DB_143_S204;DB_143_S205;DB_143_S206;DB_143_S208;DB_143_S209;DB_143_S210;DB_143_S211;DB_143_S212;DB_143_S214;DB_143_S215;DB_143_S216;DB_143_S217;DB_143_S218;DB_143_S219;DB_143_S223;DB_143_S225;DB_143_S226;DB_143_S227;DB_143_S229;DB_143_S232;DB_143_S233;DB_143_S234;DB_143_S235;DB_143_S236;DB_143_S237;DB_143_S245;DB_143_S249;DB_143_S250;DB_143_S256;DB_143_S257;DB_143_S265;DB_143_S278,C3PA_Dataset/Annotations/DB/143.csv
DB_143,14,ra2,What ,Categories of Personal Information Collected,DB_143_S21;DB_143_S83;DB_143_S185;DB_143_S186;DB_143_S196;DB_143_S205;DB_143_S253;DB_143_S266,C3PA_Dataset/Annotations/DB/143.csv
DB_143,15,ra2,best,Others,DB_143_S257;DB_143_S266,C3PA_Dataset/Annotations/DB/143.csv
DB_143,54,ra5,The right to erasure,Description of Right to Delete,DB_143_S176;DB_143_S184;DB_143_S204,C3PA_Dataset/Annotations/DB/143.csv
DB_144,0,ra2,et ,Others,DB_144_S6;DB_144_S10;DB_144_S15;DB_144_S18;DB_144_S21;DB_144_S22;DB_144_S23;DB_144_S26;DB_144_S30;DB_144_S31;DB_144_S36;DB_144_S39;DB_144_S43;DB_144_S50;DB_144_S54;DB_144_S58;DB_144_S75;DB_144_S79;DB_144_S80;DB_144_S81;DB_144_S90;DB_144_S91;DB_144_S92;DB_144_S93;DB_144_S94;DB_144_S95;DB_144_S98;DB_144_S101;DB_144_S102;DB_144_S104;DB_144_S107;DB_144_S111;DB_144_S117;DB_144_S118;DB_144_S119;DB_144_S120;DB_144_S121;DB_144_S122;DB_144_S124;DB_144_S128;DB_144_S130;DB_144_S132;DB_144_S133;DB_144_S135;DB_144_S138;DB_144_S139;DB_144_S141;DB_144_S143;DB_144_S145;DB_144_S150;DB_144_S151;DB_144_S152;DB_144_S157;DB_144_S160;DB_144_S166;DB_144_S169;DB_144_S171;DB_144_S177;DB_144_S180;DB_144_S184;DB_144_S186;DB_144_S188;DB_144_S191;DB_144_S193;DB_144_S194;DB_144_S199;DB_144_S206;DB_144_S212;DB_144_S221;DB_144_S224;DB_144_S229;DB_144_S230;DB_144_S231;DB_144_S239;DB_144_S251;DB_144_S255;DB_144_S256;DB_144_S262;DB_144_S264;DB_144_S273;DB_144_S282;DB_144_S283;DB_144_S292;DB_144_S293;DB_144_S298;DB_144_S311;DB_144_S313;DB_144_S315;DB_144_S316,C3PA_Dataset/Annotations/DB/144.csv
DB_144,1,ra2,e,Categories of Personal Information Collected,DB_144_S1;DB_144_S2;DB_144_S3;DB_144_S4;DB_144_S5;DB_144_S6;DB_144_S8;DB_144_S9;DB_144_S10;DB_144_S11;DB_144_S12;DB_144_S13;DB_144_S14;DB_144_S15;DB_144_S17;DB_144_S18;DB_144_S20;DB_144_S21;DB_144_S22;DB_144_S23;DB_144_S24;DB_144_S25;DB_144_S26;DB_144_S27;DB_144_S28;DB_144_S29;DB_144_S30;DB_144_S31;DB_144_S32;DB_144_S33;DB_144_S34;DB_144_S35;DB_144_S36;DB_144_S37;DB_144_S38;DB_144_S39;DB_144_S40;DB_144_S41;DB_144_S42;DB_144_S43;DB_144_S44;DB_144_S45;DB_144_S46;DB_144_S47;DB_144_S48;DB_144_S49;DB_144_S50;DB_144_S51;DB_144_S52;DB_144_S53;DB_144_S54;DB_144_S55;DB_144_S56;DB_144_S57;DB_144_S58;DB_144_S59;DB_144_S60;DB_144_S61;DB_144_S62;DB_144_S63;DB_144_S64;DB_144_S65;DB_144_S66;DB_144_S67;DB_144_S68;DB_144_S69;DB_144_S70;DB_144_S72;DB_144_S73;DB_144_S74;DB_144_S75;DB_144_S76;DB_144_S77;DB_144_S78;DB_144_S79;DB_144_S80;DB_144_S81;DB_144_S82;DB_144_S83;DB_144_S84;DB_144_S85;DB_144_S86;DB_144_S87;DB_144_S88;DB_144_S89;DB_144_S90;DB_144_S91;DB_144_S92;DB_144_S93;DB_144_S94;DB_144_S95;DB_144_S96;DB_144_S97;DB_144_S98;DB_144_S99;DB_144_S100;DB_144_S101;DB_144_S102;DB_144_S103;DB_144_S104;DB_144_S105;DB_144_S106;DB_144_S107;DB_144_S108;DB_144_S109;DB_144_S110;DB_144_S111;DB_144_S112;DB_144_S113;DB_144_S114;DB_144_S115;DB_144_S116;DB_144_S117;DB_144_S118;DB_144_S119;DB_144_S120;DB_144_S121;DB_144_S122;DB_144_S123;DB_144_S124;DB_144_S125;DB_144_S126;DB_144_S127;DB_144_S128;DB_144_S129;DB_144_S130;DB_144_S131;DB_144_S132;DB_144_S133;DB_144_S134;DB_144_S135;DB_144_S136;DB_144_S137;DB_144_S138;DB_144_S139;DB_144_S140;DB_144_S141;DB_144_S142;DB_144_S143;DB_144_S144;DB_144_S145;DB_144_S146;DB_144_S147;DB_144_S148;DB_144_S149;DB_144_S150;DB_144_S151;DB_144_S152;DB_144_S153;DB_144_S154;DB_144_S155;DB_144_S156;DB_144_S157;DB_144_S158;DB_144_S159;DB_144_S160;DB_144_S161;DB_144_S162;DB_144_S163;DB_144_S164;DB_144_S165;DB_144_S166;DB_144_S167;DB_144_S168;DB_144_S169;DB_144_S170;DB_144_S171;DB_144_S172;DB_144_S173;DB_144_S174;DB_144_S175;DB_144_S176;DB_144_S177;DB_144_S178;DB_144_S179;DB_144_S180;DB_144_S181;DB_144_S182;DB_144_S183;DB_144_S184;DB_144_S185;DB_144_S186;DB_144_S187;DB_144_S188;DB_144_S189;DB_144_S190;DB_144_S191;DB_144_S192;DB_144_S193;DB_144_S194;DB_144_S195;DB_144_S196;DB_144_S197;DB_144_S198;DB_144_S199;DB_144_S200;DB_144_S201;DB_144_S202;DB_144_S203;DB_144_S204;DB_144_S205;DB_144_S206;DB_144_S207;DB_144_S208;DB_144_S209;DB_144_S210;DB_144_S211;DB_144_S212;DB_144_S213;DB_144_S214;DB_144_S215;DB_144_S216;DB_144_S217;DB_144_S218;DB_144_S219;DB_144_S220;DB_144_S221;DB_144_S222;DB_144_S223;DB_144_S224;DB_144_S225;DB_144_S226;DB_144_S227;DB_144_S228;DB_144_S229;DB_144_S230;DB_144_S231;DB_144_S232;DB_144_S233;DB_144_S234;DB_144_S236;DB_144_S237;DB_144_S238;DB_144_S239;DB_144_S241;DB_144_S242;DB_144_S243;DB_144_S244;DB_144_S245;DB_144_S246;DB_144_S247;DB_144_S248;DB_144_S249;DB_144_S251;DB_144_S252;DB_144_S253;DB_144_S255;DB_144_S256;DB_144_S257;DB_144_S258;DB_144_S259;DB_144_S260;DB_144_S261;DB_144_S262;DB_144_S263;DB_144_S264;DB_144_S265;DB_144_S266;DB_144_S267;DB_144_S268;DB_144_S269;DB_144_S270;DB_144_S271;DB_144_S272;DB_144_S273;DB_144_S275;DB_144_S276;DB_144_S277;DB_144_S278;DB_144_S279;DB_144_S280;DB_144_S281;DB_144_S282;DB_144_S283;DB_144_S284;DB_144_S285;DB_144_S287;DB_144_S288;DB_144_S289;DB_144_S290;DB_144_S291;DB_144_S292;DB_144_S293;DB_144_S294;DB_144_S295;DB_144_S296;DB_144_S297;DB_144_S298;DB_144_S299;DB_144_S300;DB_144_S301;DB_144_S302;DB_144_S303;DB_144_S304;DB_144_S305;DB_144_S306;DB_144_S307;DB_144_S308;DB_144_S309;DB_144_S310;DB_144_S311;DB_144_S312;DB_144_S313;DB_144_S314;DB_144_S315;DB_144_S316;DB_144_S317;DB_144_S319;DB_144_S320;DB_144_S321;DB_144_S322;DB_144_S324;DB_144_S325;DB_144_S326;DB_144_S327;DB_144_S328;DB_144_S329;DB_144_S330,C3PA_Dataset/Annotations/DB/144.csv
DB_144,18,ra2,coo,Description of Right to Correct Information,DB_144_S17;DB_144_S22;DB_144_S25;DB_144_S26;DB_144_S28;DB_144_S29;DB_144_S49;DB_144_S60;DB_144_S61;DB_144_S62;DB_144_S63;DB_144_S64;DB_144_S68;DB_144_S107;DB_144_S114;DB_144_S123;DB_144_S129;DB_144_S130;DB_144_S131;DB_144_S132;DB_144_S170;DB_144_S172;DB_144_S185;DB_144_S262;DB_144_S275;DB_144_S277;DB_144_S279;DB_144_S281;DB_144_S283;DB_144_S284;DB_144_S288;DB_144_S290;DB_144_S291;DB_144_S293;DB_144_S294;DB_144_S298;DB_144_S305;DB_144_S306;DB_144_S307;DB_144_S309;DB_144_S310;DB_144_S311;DB_144_S312;DB_144_S313;DB_144_S316;DB_144_S319,C3PA_Dataset/Annotations/DB/144.csv
DB_144,19,ra2,coo,Description of Right to Delete,DB_144_S17;DB_144_S22;DB_144_S25;DB_144_S26;DB_144_S28;DB_144_S29;DB_144_S49;DB_144_S60;DB_144_S61;DB_144_S62;DB_144_S63;DB_144_S64;DB_144_S68;DB_144_S107;DB_144_S114;DB_144_S123;DB_144_S129;DB_144_S130;DB_144_S131;DB_144_S132;DB_144_S170;DB_144_S172;DB_144_S185;DB_144_S262;DB_144_S275;DB_144_S277;DB_144_S279;DB_144_S281;DB_144_S283;DB_144_S284;DB_144_S288;DB_144_S290;DB_144_S291;DB_144_S293;DB_144_S294;DB_144_S298;DB_144_S305;DB_144_S306;DB_144_S307;DB_144_S309;DB_144_S310;DB_144_S311;DB_144_S312;DB_144_S313;DB_144_S316;DB_144_S319,C3PA_Dataset/Annotations/DB/144.csv
DB_144,20,ra2,coo,Methods to exercise rights,DB_144_S17;DB_144_S22;DB_144_S25;DB_144_S26;DB_144_S28;DB_144_S29;DB_144_S49;DB_144_S60;DB_144_S61;DB_144_S62;DB_144_S63;DB_144_S64;DB_144_S68;DB_144_S107;DB_144_S114;DB_144_S123;DB_144_S129;DB_144_S130;DB_144_S131;DB_144_S132;DB_144_S170;DB_144_S172;DB_144_S185;DB_144_S262;DB_144_S275;DB_144_S277;DB_144_S279;DB_144_S281;DB_144_S283;DB_144_S284;DB_144_S288;DB_144_S290;DB_144_S291;DB_144_S293;DB_144_S294;DB_144_S298;DB_144_S305;DB_144_S306;DB_144_S307;DB_144_S309;DB_144_S310;DB_144_S311;DB_144_S312;DB_144_S313;DB_144_S316;DB_144_S319,C3PA_Dataset/Annotations/DB/144.csv
DB_144,23,ra2,lo,Categories of Personal Information Collected,DB_144_S5;DB_144_S11;DB_144_S13;DB_144_S16;DB_144_S17;DB_144_S18;DB_144_S19;DB_144_S21;DB_144_S22;DB_144_S26;DB_144_S27;DB_144_S30;DB_144_S38;DB_144_S39;DB_144_S47;DB_144_S48;DB_144_S49;DB_144_S61;DB_144_S62;DB_144_S68;DB_144_S72;DB_144_S74;DB_144_S83;DB_144_S84;DB_144_S86;DB_144_S87;DB_144_S89;DB_144_S90;DB_144_S95;DB_144_S96;DB_144_S98;DB_144_S99;DB_144_S100;DB_144_S104;DB_144_S107;DB_144_S109;DB_144_S111;DB_144_S114;DB_144_S115;DB_144_S116;DB_144_S117;DB_144_S119;DB_144_S120;DB_144_S121;DB_144_S130;DB_144_S131;DB_144_S132;DB_144_S138;DB_144_S139;DB_144_S143;DB_144_S144;DB_144_S145;DB_144_S146;DB_144_S152;DB_144_S163;DB_144_S173;DB_144_S175;DB_144_S177;DB_144_S184;DB_144_S185;DB_144_S186;DB_144_S194;DB_144_S195;DB_144_S204;DB_144_S205;DB_144_S212;DB_144_S214;DB_144_S215;DB_144_S217;DB_144_S221;DB_144_S224;DB_144_S226;DB_144_S227;DB_144_S229;DB_144_S238;DB_144_S239;DB_144_S241;DB_144_S245;DB_144_S248;DB_144_S252;DB_144_S261;DB_144_S262;DB_144_S273;DB_144_S281;DB_144_S283;DB_144_S284;DB_144_S286;DB_144_S292;DB_144_S293;DB_144_S307;DB_144_S310;DB_144_S316;DB_144_S326;DB_144_S329,C3PA_Dataset/Annotations/DB/144.csv
DB_144,25,ra2,be used b,Methods to exercise rights,DB_144_S43;DB_144_S49;DB_144_S314,C3PA_Dataset/Annotations/DB/144.csv
DB_144,36,ra2,Allowed,Categories of Personal Information Sold,DB_144_S326;DB_144_S329,C3PA_Dataset/Annotations/DB/144.csv
DB_144,147,ra1,CONTROLLING THE USE OF YOUR INFORMATION,Methods to exercise rights,DB_144_S34;DB_144_S105;DB_144_S125,C3PA_Dataset/Annotations/DB/144.csv
DB_144,151,ra1,"Mobile operating systems (e.g., iOS and Android) offer opt-out choice mechanisms applicable to mobile applications and these choice mechanisms may be found via your mobile device settings.",Methods to exercise rights,DB_144_S23;DB_144_S135,C3PA_Dataset/Annotations/DB/144.csv
DB_145,0,ra2,e colle,Categories of Personal Information Sold,DB_145_S39;DB_145_S63;DB_145_S87;DB_145_S111;DB_145_S135;DB_145_S158;DB_145_S181;DB_145_S204;DB_145_S229;DB_145_S286;DB_145_S287;DB_145_S303;DB_145_S311;DB_145_S326;DB_145_S402;DB_145_S409;DB_145_S426;DB_145_S435;DB_145_S440;DB_145_S441;DB_145_S442;DB_145_S448;DB_145_S450;DB_145_S474;DB_145_S475;DB_145_S490;DB_145_S502;DB_145_S559;DB_145_S560;DB_145_S576;DB_145_S582;DB_145_S597;DB_145_S673;DB_145_S680;DB_145_S697;DB_145_S706;DB_145_S711;DB_145_S712;DB_145_S713;DB_145_S719;DB_145_S721;DB_145_S745;DB_145_S746;DB_145_S761;DB_145_S773;DB_145_S830;DB_145_S831;DB_145_S847;DB_145_S853;DB_145_S868;DB_145_S943;DB_145_S950;DB_145_S967;DB_145_S976;DB_145_S981;DB_145_S982;DB_145_S983;DB_145_S989;DB_145_S991;DB_145_S1015;DB_145_S1016;DB_145_S1031;DB_145_S1043;DB_145_S1100;DB_145_S1101;DB_145_S1117;DB_145_S1123;DB_145_S1138;DB_145_S1222;DB_145_S1229;DB_145_S1246;DB_145_S1255;DB_145_S1260;DB_145_S1261;DB_145_S1262;DB_145_S1268;DB_145_S1270;DB_145_S1294;DB_145_S1295;DB_145_S1310;DB_145_S1322;DB_145_S1379;DB_145_S1380;DB_145_S1396;DB_145_S1402;DB_145_S1417;DB_145_S1501;DB_145_S1508;DB_145_S1525;DB_145_S1534;DB_145_S1539;DB_145_S1540;DB_145_S1541;DB_145_S1547;DB_145_S1549;DB_145_S1573;DB_145_S1574;DB_145_S1589;DB_145_S1601;DB_145_S1658;DB_145_S1659;DB_145_S1675;DB_145_S1681;DB_145_S1696;DB_145_S1780;DB_145_S1787;DB_145_S1804;DB_145_S1813;DB_145_S1818;DB_145_S1819;DB_145_S1820;DB_145_S1826;DB_145_S1828;DB_145_S1852;DB_145_S1853;DB_145_S1868;DB_145_S1880;DB_145_S1937;DB_145_S1938;DB_145_S1954;DB_145_S1960;DB_145_S1975;DB_145_S2074;DB_145_S2081;DB_145_S2098;DB_145_S2107;DB_145_S2112;DB_145_S2113;DB_145_S2114;DB_145_S2120;DB_145_S2122;DB_145_S2146;DB_145_S2147;DB_145_S2162;DB_145_S2227;DB_145_S2228;DB_145_S2244;DB_145_S2250;DB_145_S2265;DB_145_S2364;DB_145_S2371;DB_145_S2388;DB_145_S2397;DB_145_S2402;DB_145_S2403;DB_145_S2404;DB_145_S2410;DB_145_S2412;DB_145_S2436;DB_145_S2437;DB_145_S2452;DB_145_S2475;DB_145_S2476;DB_145_S2481;DB_145_S2507;DB_145_S2541;DB_145_S2556;DB_145_S2577;DB_145_S2578;DB_145_S2579;DB_145_S2581;DB_145_S2583;DB_145_S2590;DB_145_S2599;DB_145_S2601;DB_145_S2603,C3PA_Dataset/Annotations/DB/145.csv
DB_145,1,ra2,e colle,Categories of Personal Information Shared / Disclosed,DB_145_S39;DB_145_S63;DB_145_S87;DB_145_S111;DB_145_S135;DB_145_S158;DB_145_S181;DB_145_S204;DB_145_S229;DB_145_S286;DB_145_S287;DB_145_S303;DB_145_S311;DB_145_S326;DB_145_S402;DB_145_S409;DB_145_S426;DB_145_S435;DB_145_S440;DB_145_S441;DB_145_S442;DB_145_S448;DB_145_S450;DB_145_S474;DB_145_S475;DB_145_S490;DB_145_S502;DB_145_S559;DB_145_S560;DB_145_S576;DB_145_S582;DB_145_S597;DB_145_S673;DB_145_S680;DB_145_S697;DB_145_S706;DB_145_S711;DB_145_S712;DB_145_S713;DB_145_S719;DB_145_S721;DB_145_S745;DB_145_S746;DB_145_S761;DB_145_S773;DB_145_S830;DB_145_S831;DB_145_S847;DB_145_S853;DB_145_S868;DB_145_S943;DB_145_S950;DB_145_S967;DB_145_S976;DB_145_S981;DB_145_S982;DB_145_S983;DB_145_S989;DB_145_S991;DB_145_S1015;DB_145_S1016;DB_145_S1031;DB_145_S1043;DB_145_S1100;DB_145_S1101;DB_145_S1117;DB_145_S1123;DB_145_S1138;DB_145_S1222;DB_145_S1229;DB_145_S1246;DB_145_S1255;DB_145_S1260;DB_145_S1261;DB_145_S1262;DB_145_S1268;DB_145_S1270;DB_145_S1294;DB_145_S1295;DB_145_S1310;DB_145_S1322;DB_145_S1379;DB_145_S1380;DB_145_S1396;DB_145_S1402;DB_145_S1417;DB_145_S1501;DB_145_S1508;DB_145_S1525;DB_145_S1534;DB_145_S1539;DB_145_S1540;DB_145_S1541;DB_145_S1547;DB_145_S1549;DB_145_S1573;DB_145_S1574;DB_145_S1589;DB_145_S1601;DB_145_S1658;DB_145_S1659;DB_145_S1675;DB_145_S1681;DB_145_S1696;DB_145_S1780;DB_145_S1787;DB_145_S1804;DB_145_S1813;DB_145_S1818;DB_145_S1819;DB_145_S1820;DB_145_S1826;DB_145_S1828;DB_145_S1852;DB_145_S1853;DB_145_S1868;DB_145_S1880;DB_145_S1937;DB_145_S1938;DB_145_S1954;DB_145_S1960;DB_145_S1975;DB_145_S2074;DB_145_S2081;DB_145_S2098;DB_145_S2107;DB_145_S2112;DB_145_S2113;DB_145_S2114;DB_145_S2120;DB_145_S2122;DB_145_S2146;DB_145_S2147;DB_145_S2162;DB_145_S2227;DB_145_S2228;DB_145_S2244;DB_145_S2250;DB_145_S2265;DB_145_S2364;DB_145_S2371;DB_145_S2388;DB_145_S2397;DB_145_S2402;DB_145_S2403;DB_145_S2404;DB_145_S2410;DB_145_S2412;DB_145_S2436;DB_145_S2437;DB_145_S2452;DB_145_S2475;DB_145_S2476;DB_145_S2481;DB_145_S2507;DB_145_S2541;DB_145_S2556;DB_145_S2577;DB_145_S2578;DB_145_S2579;DB_145_S2581;DB_145_S2583;DB_145_S2590;DB_145_S2599;DB_145_S2601;DB_145_S2603,C3PA_Dataset/Annotations/DB/145.csv
DB_145,5,ra2,9. ,Categories of Personal Information Shared / Disclosed,DB_145_S412;DB_145_S683;DB_145_S953;DB_145_S1232;DB_145_S1511;DB_145_S1790;DB_145_S2084;DB_145_S2374;DB_145_S2615,C3PA_Dataset/Annotations/DB/145.csv
DB_145,19,ra5,"To opt-out of this transfer, please click on the browser and mobile “opt out” buttons above. ",Description of Right to Opt-out of sale of PI,DB_145_S38;DB_145_S62;DB_145_S86;DB_145_S110;DB_145_S134;DB_145_S157;DB_145_S180;DB_145_S203,C3PA_Dataset/Annotations/DB/145.csv
DB_145,25,ra5,"Apply market research to generate audience insights –To apply market research and insights to learn more about users who visit websites or apps and provide aggregated reporting insights to advertisers (e.g., the type of audiences which viewed an advertiser’s ad).",Categories of Personal Information Shared / Disclosed,DB_145_S331;DB_145_S602;DB_145_S873;DB_145_S1143;DB_145_S1422;DB_145_S1701;DB_145_S1980;DB_145_S2270,C3PA_Dataset/Annotations/DB/145.csv
DB_145,38,ra5,"To opt-out of this ” sale,” click on this link where you can opt out of personalised recommendations",Methods to exercise rights,DB_145_S471;DB_145_S742;DB_145_S1012;DB_145_S1291;DB_145_S1570;DB_145_S1849;DB_145_S2143;DB_145_S2433,C3PA_Dataset/Annotations/DB/145.csv
DB_145,57,ra5,"LoopMe, however, may transfer some of your personal information to our third-party partners, for example, so that they can help serve ads more likely to interest you",Categories of Personal Information Shared / Disclosed,DB_145_S37;DB_145_S61;DB_145_S85;DB_145_S109;DB_145_S133;DB_145_S156;DB_145_S179;DB_145_S202,C3PA_Dataset/Annotations/DB/145.csv
DB_145,58,ra5,"To opt-out of this transfer, please click on the browser and mobile “opt out” buttons above.",Methods to exercise rights,DB_145_S38;DB_145_S62;DB_145_S86;DB_145_S110;DB_145_S134;DB_145_S157;DB_145_S180;DB_145_S203,C3PA_Dataset/Annotations/DB/145.csv
DB_145,65,ra5,"An actual or potential buyer (and its agents and advisers) in connection with any actual or proposed business transition, such as a merger, acquisition by another company, or sale of all or a portion of our assets, provided that your information is only used for the purposes disclosed in this Privacy Notice.",Categories of Personal Information Sold,DB_145_S362;DB_145_S633;DB_145_S903;DB_145_S1173;DB_145_S1452;DB_145_S1731;DB_145_S2010;DB_145_S2300;DB_145_S2537,C3PA_Dataset/Annotations/DB/145.csv
DB_145,75,ra1,You can opt-out of receiving targeted ads from LoopMe on your Device (by entering your Google Advertising ID (AAID) or your Apple Advertising ID (IDFA) below ) or browser by opting out below:,Methods to exercise rights,DB_145_S25;DB_145_S49;DB_145_S73;DB_145_S97;DB_145_S121;DB_145_S145;DB_145_S168;DB_145_S191,C3PA_Dataset/Annotations/DB/145.csv
DB_145,77,ra1,LoopMe does not sell your personal information for money.,Categories of Personal Information Sold,DB_145_S36;DB_145_S60;DB_145_S84;DB_145_S108;DB_145_S132;DB_145_S155;DB_145_S178;DB_145_S201,C3PA_Dataset/Annotations/DB/145.csv
DB_145,78,ra1,"LoopMe, however, may transfer some of your personal information to our third-party partners, for example, so that they can help serve ads more likely to interest you. ",Categories of Personal Information Shared / Disclosed,DB_145_S37;DB_145_S61;DB_145_S85;DB_145_S109;DB_145_S133;DB_145_S156;DB_145_S179;DB_145_S202,C3PA_Dataset/Annotations/DB/145.csv
DB_145,86,ra1,You may opt out of receiving LoopMe’s personalised advertisements on your device or browser at any time via our Opt Out Page here.,Methods to exercise rights,DB_145_S368;DB_145_S639;DB_145_S909;DB_145_S1179;DB_145_S1458;DB_145_S1737;DB_145_S2031;DB_145_S2321,C3PA_Dataset/Annotations/DB/145.csv
DB_145,87,ra1,"If you’d like to opt-out from having LoopMe use your web viewing data and other information for web-based IBA purposes, the DAA and NAI provide websites where you can learn more about IBA and opt out of receiving targeted ads from our advertising partners who participate in the DAA or NAI programs. ",Methods to exercise rights,DB_145_S376;DB_145_S647;DB_145_S917;DB_145_S1187;DB_145_S1466;DB_145_S1745;DB_145_S2039;DB_145_S2329,C3PA_Dataset/Annotations/DB/145.csv
DB_145,97,ra1,"To opt-out of this ” sale,” click on this link where you can opt out of personalised recommendations.",Methods to exercise rights,DB_145_S471;DB_145_S742;DB_145_S1012;DB_145_S1291;DB_145_S1570;DB_145_S1849;DB_145_S2143;DB_145_S2433,C3PA_Dataset/Annotations/DB/145.csv
DB_145,104,ra1,LoopMe Privacy Notice,Others,DB_145_S4;DB_145_S214;DB_145_S227;DB_145_S500;DB_145_S771;DB_145_S1041;DB_145_S1320;DB_145_S1599;DB_145_S1878,C3PA_Dataset/Annotations/DB/145.csv
DB_148,127,ra1,Testimonials,Categories of Personal Information Collected,DB_148_S258;DB_148_S259;DB_148_S260,C3PA_Dataset/Annotations/DB/148.csv
DB_148,149,ra1,"Right to know about your personal information which we collect, use, disclose, sell and/or share for the 12-month period prior to the request date.",Description of Right to Know PI sold / shared,DB_148_S391;DB_148_S421,C3PA_Dataset/Annotations/DB/148.csv
DB_148,150,ra1,"the categories of personal information we have collected about you in the prior 12 months,",Description of Right to Know PI Collected,DB_148_S393;DB_148_S423,C3PA_Dataset/Annotations/DB/148.csv
DB_148,160,ra1,You may also ask us for a copy of the specific pieces of personal information we have collected about you in the prior 12 months in a machine-readable format.,Description of Right to Know PI Collected,DB_148_S398;DB_148_S428,C3PA_Dataset/Annotations/DB/148.csv
DB_148,161,ra1,"Our Access Request form available has step by step guidance as to how you can make your request, and the information we are required to seek from you.",Methods to exercise rights,DB_148_S411;DB_148_S438,C3PA_Dataset/Annotations/DB/148.csv
DB_149,13,ra2,"Last Updated: May 04, 2022",Updated Privacy Policy,DB_149_S2;DB_149_S104,C3PA_Dataset/Annotations/DB/149.csv
DB_149,45,ra5,"Last Updated: May 04, 2022",Updated Privacy Policy,DB_149_S2;DB_149_S104,C3PA_Dataset/Annotations/DB/149.csv
DB_149,62,ra5,with ,Categories of Personal Information Collected,DB_149_S4;DB_149_S7;DB_149_S9;DB_149_S15;DB_149_S16;DB_149_S19;DB_149_S23;DB_149_S24;DB_149_S31;DB_149_S34;DB_149_S36;DB_149_S38;DB_149_S39;DB_149_S40;DB_149_S42;DB_149_S43;DB_149_S45;DB_149_S46;DB_149_S48;DB_149_S55;DB_149_S58;DB_149_S59;DB_149_S60;DB_149_S65;DB_149_S71;DB_149_S75;DB_149_S80;DB_149_S85;DB_149_S87;DB_149_S91;DB_149_S102;DB_149_S107;DB_149_S110;DB_149_S113;DB_149_S119;DB_149_S128;DB_149_S136;DB_149_S150;DB_149_S162;DB_149_S164;DB_149_S168;DB_149_S170;DB_149_S172;DB_149_S174;DB_149_S176;DB_149_S198;DB_149_S200;DB_149_S205;DB_149_S208;DB_149_S210;DB_149_S216;DB_149_S217;DB_149_S227,C3PA_Dataset/Annotations/DB/149.csv
DB_149,95,ra1,"Last Updated: May 04, 2022",Updated Privacy Policy,DB_149_S2;DB_149_S104,C3PA_Dataset/Annotations/DB/149.csv
DB_149,109,ra1,"Last Updated: May 04, 2022",Updated Privacy Policy,DB_149_S2;DB_149_S104,C3PA_Dataset/Annotations/DB/149.csv
DB_15,99,ra4,Personal information we collect,Categories of Personal Information Collected,DB_15_S12;DB_15_S35;DB_15_S52;DB_15_S53,C3PA_Dataset/Annotations/DB/15.csv
DB_15,101,ra4,Sources of personal information,Categories of Personal Information Collected,DB_15_S13;DB_15_S55,C3PA_Dataset/Annotations/DB/15.csv
DB_15,103,ra4,Use of information,Categories of Personal Information Collected,DB_15_S14;DB_15_S15;DB_15_S67;DB_15_S106,C3PA_Dataset/Annotations/DB/15.csv
DB_15,106,ra4,Sharing your information,Categories of Personal Information Shared / Disclosed,DB_15_S16;DB_15_S112,C3PA_Dataset/Annotations/DB/15.csv
DB_15,132,ra4,Use of information,Categories of Personal Information Sold,DB_15_S14;DB_15_S15;DB_15_S67;DB_15_S106,C3PA_Dataset/Annotations/DB/15.csv
DB_15,133,ra4,Use of information,Categories of Personal Information Shared / Disclosed,DB_15_S14;DB_15_S15;DB_15_S67;DB_15_S106,C3PA_Dataset/Annotations/DB/15.csv
DB_150,87,ra5,"Performing services (for us or our service provider) such as account servicing, processing orders and payments, and analytics;",Categories of Personal Information Shared / Disclosed,DB_150_S131;DB_150_S149,C3PA_Dataset/Annotations/DB/150.csv
DB_151,8,ra2,Health and ,Categories of Personal Information Collected,DB_151_S306;DB_151_S324;DB_151_S348;DB_151_S366;DB_151_S389;DB_151_S410;DB_151_S425;DB_151_S466;DB_151_S493;DB_151_S541,C3PA_Dataset/Annotations/DB/151.csv
DB_151,80,ra6,	Inquiries about ,Categories of Personal Information Sold,DB_151_S292;DB_151_S432,C3PA_Dataset/Annotations/DB/151.csv
DB_152,0,ra2,ETE,Categories of Personal Information Collected,DB_152_S48;DB_152_S76;DB_152_S137;DB_152_S139;DB_152_S153;DB_152_S165;DB_152_S169;DB_152_S176;DB_152_S198;DB_152_S200;DB_152_S205;DB_152_S214;DB_152_S227;DB_152_S228;DB_152_S230;DB_152_S238;DB_152_S275;DB_152_S276;DB_152_S277;DB_152_S279;DB_152_S280;DB_152_S329;DB_152_S400;DB_152_S405;DB_152_S408;DB_152_S427;DB_152_S485;DB_152_S488;DB_152_S491;DB_152_S506;DB_152_S518;DB_152_S522;DB_152_S529;DB_152_S559;DB_152_S560;DB_152_S570;DB_152_S587;DB_152_S588;DB_152_S590;DB_152_S598;DB_152_S620;DB_152_S621;DB_152_S628;DB_152_S643;DB_152_S644;DB_152_S646;DB_152_S654,C3PA_Dataset/Annotations/DB/152.csv
DB_152,1,ra2,"California resident, or provide us with the Personal ",Categories of Personal Information Collected,DB_152_S361;DB_152_S550;DB_152_S611,C3PA_Dataset/Annotations/DB/152.csv
DB_152,2,ra2,Information of a ,Categories of Personal Information Collected,DB_152_S361;DB_152_S550;DB_152_S611,C3PA_Dataset/Annotations/DB/152.csv
DB_152,6,ra2,You may ,Categories of Personal Information Collected,DB_152_S42;DB_152_S157;DB_152_S195;DB_152_S200;DB_152_S201;DB_152_S215;DB_152_S217;DB_152_S232;DB_152_S233;DB_152_S274;DB_152_S308;DB_152_S314;DB_152_S316;DB_152_S362;DB_152_S510;DB_152_S551;DB_152_S553;DB_152_S555;DB_152_S560;DB_152_S564;DB_152_S565;DB_152_S566;DB_152_S577;DB_152_S592;DB_152_S593;DB_152_S604;DB_152_S612;DB_152_S614;DB_152_S616;DB_152_S621;DB_152_S623;DB_152_S624;DB_152_S648;DB_152_S649;DB_152_S660,C3PA_Dataset/Annotations/DB/152.csv
DB_152,8,ra2,Access ,Description of Right to Know PI Collected,DB_152_S17;DB_152_S201;DB_152_S231;DB_152_S232;DB_152_S273;DB_152_S274;DB_152_S309;DB_152_S310;DB_152_S564;DB_152_S566;DB_152_S585;DB_152_S591;DB_152_S592;DB_152_S624;DB_152_S641;DB_152_S647;DB_152_S648,C3PA_Dataset/Annotations/DB/152.csv
DB_152,9,ra2,Access ,Description of Right to Correct Information,DB_152_S17;DB_152_S201;DB_152_S231;DB_152_S232;DB_152_S273;DB_152_S274;DB_152_S309;DB_152_S310;DB_152_S564;DB_152_S566;DB_152_S585;DB_152_S591;DB_152_S592;DB_152_S624;DB_152_S641;DB_152_S647;DB_152_S648,C3PA_Dataset/Annotations/DB/152.csv
DB_152,10,ra2,Access ,Description of Right to Delete,DB_152_S17;DB_152_S201;DB_152_S231;DB_152_S232;DB_152_S273;DB_152_S274;DB_152_S309;DB_152_S310;DB_152_S564;DB_152_S566;DB_152_S585;DB_152_S591;DB_152_S592;DB_152_S624;DB_152_S641;DB_152_S647;DB_152_S648,C3PA_Dataset/Annotations/DB/152.csv
DB_152,11,ra2,Access ,Methods to exercise rights,DB_152_S17;DB_152_S201;DB_152_S231;DB_152_S232;DB_152_S273;DB_152_S274;DB_152_S309;DB_152_S310;DB_152_S564;DB_152_S566;DB_152_S585;DB_152_S591;DB_152_S592;DB_152_S624;DB_152_S641;DB_152_S647;DB_152_S648,C3PA_Dataset/Annotations/DB/152.csv
DB_152,12,ra2,"If you would like to access, correct, update, or re",Categories of Personal Information Collected,DB_152_S232;DB_152_S592;DB_152_S648,C3PA_Dataset/Annotations/DB/152.csv
DB_152,13,ra2,quest deletion of your ,Description of Right to Know PI Collected,DB_152_S232;DB_152_S592;DB_152_S648,C3PA_Dataset/Annotations/DB/152.csv
DB_152,14,ra2,quest deletion of your ,Description of Right to Know PI sold / shared,DB_152_S232;DB_152_S592;DB_152_S648,C3PA_Dataset/Annotations/DB/152.csv
DB_152,15,ra2,P,Description of Right to Delete,DB_152_S1;DB_152_S2;DB_152_S4;DB_152_S5;DB_152_S6;DB_152_S7;DB_152_S8;DB_152_S9;DB_152_S10;DB_152_S11;DB_152_S14;DB_152_S15;DB_152_S16;DB_152_S17;DB_152_S18;DB_152_S19;DB_152_S20;DB_152_S21;DB_152_S22;DB_152_S23;DB_152_S24;DB_152_S25;DB_152_S26;DB_152_S27;DB_152_S28;DB_152_S29;DB_152_S30;DB_152_S31;DB_152_S32;DB_152_S33;DB_152_S34;DB_152_S35;DB_152_S36;DB_152_S37;DB_152_S38;DB_152_S39;DB_152_S41;DB_152_S42;DB_152_S43;DB_152_S44;DB_152_S46;DB_152_S47;DB_152_S48;DB_152_S49;DB_152_S50;DB_152_S52;DB_152_S53;DB_152_S54;DB_152_S55;DB_152_S56;DB_152_S57;DB_152_S58;DB_152_S68;DB_152_S80;DB_152_S81;DB_152_S101;DB_152_S104;DB_152_S109;DB_152_S112;DB_152_S113;DB_152_S114;DB_152_S115;DB_152_S116;DB_152_S117;DB_152_S118;DB_152_S119;DB_152_S125;DB_152_S126;DB_152_S135;DB_152_S136;DB_152_S137;DB_152_S138;DB_152_S141;DB_152_S142;DB_152_S144;DB_152_S145;DB_152_S147;DB_152_S148;DB_152_S149;DB_152_S150;DB_152_S152;DB_152_S153;DB_152_S154;DB_152_S155;DB_152_S156;DB_152_S157;DB_152_S158;DB_152_S159;DB_152_S160;DB_152_S161;DB_152_S162;DB_152_S163;DB_152_S164;DB_152_S165;DB_152_S167;DB_152_S168;DB_152_S169;DB_152_S170;DB_152_S171;DB_152_S172;DB_152_S173;DB_152_S174;DB_152_S175;DB_152_S176;DB_152_S177;DB_152_S178;DB_152_S179;DB_152_S181;DB_152_S182;DB_152_S183;DB_152_S184;DB_152_S185;DB_152_S186;DB_152_S187;DB_152_S188;DB_152_S189;DB_152_S190;DB_152_S191;DB_152_S192;DB_152_S193;DB_152_S194;DB_152_S196;DB_152_S197;DB_152_S198;DB_152_S199;DB_152_S200;DB_152_S201;DB_152_S202;DB_152_S203;DB_152_S204;DB_152_S205;DB_152_S206;DB_152_S207;DB_152_S208;DB_152_S209;DB_152_S210;DB_152_S211;DB_152_S212;DB_152_S213;DB_152_S214;DB_152_S215;DB_152_S216;DB_152_S217;DB_152_S219;DB_152_S220;DB_152_S221;DB_152_S222;DB_152_S224;DB_152_S226;DB_152_S228;DB_152_S229;DB_152_S230;DB_152_S232;DB_152_S233;DB_152_S234;DB_152_S235;DB_152_S236;DB_152_S237;DB_152_S238;DB_152_S240;DB_152_S241;DB_152_S242;DB_152_S243;DB_152_S244;DB_152_S245;DB_152_S247;DB_152_S248;DB_152_S249;DB_152_S251;DB_152_S252;DB_152_S254;DB_152_S255;DB_152_S256;DB_152_S257;DB_152_S259;DB_152_S260;DB_152_S261;DB_152_S262;DB_152_S264;DB_152_S265;DB_152_S266;DB_152_S267;DB_152_S269;DB_152_S270;DB_152_S271;DB_152_S272;DB_152_S273;DB_152_S274;DB_152_S276;DB_152_S277;DB_152_S278;DB_152_S279;DB_152_S280;DB_152_S281;DB_152_S282;DB_152_S283;DB_152_S284;DB_152_S285;DB_152_S286;DB_152_S287;DB_152_S288;DB_152_S289;DB_152_S290;DB_152_S291;DB_152_S292;DB_152_S293;DB_152_S294;DB_152_S295;DB_152_S296;DB_152_S297;DB_152_S298;DB_152_S299;DB_152_S300;DB_152_S301;DB_152_S302;DB_152_S303;DB_152_S304;DB_152_S306;DB_152_S307;DB_152_S308;DB_152_S309;DB_152_S310;DB_152_S312;DB_152_S313;DB_152_S314;DB_152_S315;DB_152_S317;DB_152_S318;DB_152_S320;DB_152_S321;DB_152_S322;DB_152_S323;DB_152_S324;DB_152_S325;DB_152_S326;DB_152_S327;DB_152_S328;DB_152_S329;DB_152_S330;DB_152_S331;DB_152_S332;DB_152_S333;DB_152_S334;DB_152_S335;DB_152_S336;DB_152_S337;DB_152_S338;DB_152_S339;DB_152_S340;DB_152_S341;DB_152_S342;DB_152_S343;DB_152_S344;DB_152_S345;DB_152_S346;DB_152_S347;DB_152_S348;DB_152_S349;DB_152_S350;DB_152_S351;DB_152_S352;DB_152_S353;DB_152_S354;DB_152_S355;DB_152_S356;DB_152_S357;DB_152_S358;DB_152_S359;DB_152_S360;DB_152_S361;DB_152_S362;DB_152_S363;DB_152_S364;DB_152_S365;DB_152_S366;DB_152_S367;DB_152_S368;DB_152_S370;DB_152_S371;DB_152_S372;DB_152_S373;DB_152_S379;DB_152_S382;DB_152_S383;DB_152_S385;DB_152_S387;DB_152_S389;DB_152_S390;DB_152_S391;DB_152_S392;DB_152_S393;DB_152_S396;DB_152_S398;DB_152_S399;DB_152_S400;DB_152_S401;DB_152_S402;DB_152_S404;DB_152_S405;DB_152_S406;DB_152_S407;DB_152_S419;DB_152_S431;DB_152_S432;DB_152_S452;DB_152_S455;DB_152_S460;DB_152_S463;DB_152_S464;DB_152_S465;DB_152_S466;DB_152_S467;DB_152_S468;DB_152_S469;DB_152_S470;DB_152_S476;DB_152_S477;DB_152_S485;DB_152_S487;DB_152_S488;DB_152_S489;DB_152_S493;DB_152_S494;DB_152_S496;DB_152_S497;DB_152_S498;DB_152_S500;DB_152_S501;DB_152_S502;DB_152_S503;DB_152_S505;DB_152_S506;DB_152_S507;DB_152_S508;DB_152_S509;DB_152_S510;DB_152_S511;DB_152_S512;DB_152_S513;DB_152_S514;DB_152_S515;DB_152_S516;DB_152_S517;DB_152_S518;DB_152_S520;DB_152_S521;DB_152_S522;DB_152_S523;DB_152_S524;DB_152_S525;DB_152_S526;DB_152_S527;DB_152_S528;DB_152_S529;DB_152_S530;DB_152_S531;DB_152_S532;DB_152_S533;DB_152_S534;DB_152_S536;DB_152_S537;DB_152_S538;DB_152_S539;DB_152_S540;DB_152_S541;DB_152_S542;DB_152_S543;DB_152_S544;DB_152_S545;DB_152_S546;DB_152_S547;DB_152_S548;DB_152_S549;DB_152_S550;DB_152_S551;DB_152_S552;DB_152_S553;DB_152_S554;DB_152_S556;DB_152_S557;DB_152_S558;DB_152_S559;DB_152_S560;DB_152_S561;DB_152_S562;DB_152_S563;DB_152_S564;DB_152_S565;DB_152_S566;DB_152_S567;DB_152_S568;DB_152_S569;DB_152_S570;DB_152_S571;DB_152_S572;DB_152_S573;DB_152_S574;DB_152_S575;DB_152_S576;DB_152_S577;DB_152_S579;DB_152_S580;DB_152_S581;DB_152_S582;DB_152_S584;DB_152_S585;DB_152_S586;DB_152_S588;DB_152_S589;DB_152_S590;DB_152_S592;DB_152_S593;DB_152_S594;DB_152_S595;DB_152_S596;DB_152_S597;DB_152_S598;DB_152_S600;DB_152_S601;DB_152_S602;DB_152_S604;DB_152_S606;DB_152_S608;DB_152_S609;DB_152_S610;DB_152_S611;DB_152_S612;DB_152_S613;DB_152_S614;DB_152_S615;DB_152_S617;DB_152_S618;DB_152_S619;DB_152_S620;DB_152_S621;DB_152_S622;DB_152_S623;DB_152_S624;DB_152_S625;DB_152_S626;DB_152_S627;DB_152_S628;DB_152_S629;DB_152_S630;DB_152_S631;DB_152_S632;DB_152_S633;DB_152_S635;DB_152_S636;DB_152_S637;DB_152_S638;DB_152_S640;DB_152_S641;DB_152_S642;DB_152_S644;DB_152_S645;DB_152_S646;DB_152_S648;DB_152_S649;DB_152_S650;DB_152_S651;DB_152_S652;DB_152_S653;DB_152_S654;DB_152_S656;DB_152_S657;DB_152_S658;DB_152_S660;DB_152_S662;DB_152_S664,C3PA_Dataset/Annotations/DB/152.csv
DB_152,16,ra2,"II we have on file, ",Description of Right to Correct Information,DB_152_S232;DB_152_S592;DB_152_S648,C3PA_Dataset/Annotations/DB/152.csv
DB_152,17,ra2,you may submit such re,Description of Right to Opt-out of sale of PI,DB_152_S232;DB_152_S592;DB_152_S648,C3PA_Dataset/Annotations/DB/152.csv
DB_152,19,ra2,quests her,Categories of Personal Information Shared / Disclosed,DB_152_S232;DB_152_S592;DB_152_S648,C3PA_Dataset/Annotations/DB/152.csv
DB_152,20,ra2,quests her,Description of Right to Opt-out of sale of PI,DB_152_S232;DB_152_S592;DB_152_S648,C3PA_Dataset/Annotations/DB/152.csv
DB_152,22,ra2,Updated: December 2022,Updated Privacy Policy,DB_152_S2;DB_152_S334,C3PA_Dataset/Annotations/DB/152.csv
DB_152,27,ra5,Updated: December 2022,Updated Privacy Policy,DB_152_S2;DB_152_S334,C3PA_Dataset/Annotations/DB/152.csv
DB_152,31,ra5,We also use the information we acquire to serve ads to more targeted audiences as explained below.,Categories of Personal Information Collected,DB_152_S48;DB_152_S400,C3PA_Dataset/Annotations/DB/152.csv
DB_152,40,ra5,We may also use information collected from mobile apps and browsers to serve ads across devices for the purpose of linking devices to relevant individuals.,Categories of Personal Information Collected,DB_152_S150;DB_152_S503,C3PA_Dataset/Annotations/DB/152.csv
DB_152,41,ra5,"The geo location of your device will, however, be provided to us or one of our service partners when you enter the target area, and we may also be provided other Non-PII",Categories of Personal Information Collected,DB_152_S159;DB_152_S512,C3PA_Dataset/Annotations/DB/152.csv
DB_152,42,ra5,"The geo location of your device will, however, be provided to us or one of our service partners when you enter the target area, and we may also be provided other Non-PII",Categories of Personal Information Shared / Disclosed,DB_152_S159;DB_152_S512,C3PA_Dataset/Annotations/DB/152.csv
DB_152,43,ra5,If you want to limit or prevent location data from being collected from your device you can adjust this capability through your mobile device settings.,Description of Right to Opt-out of sale of PI,DB_152_S163;DB_152_S516,C3PA_Dataset/Annotations/DB/152.csv
DB_152,74,ra5,Updated: December 2022,Updated Privacy Policy,DB_152_S2;DB_152_S334,C3PA_Dataset/Annotations/DB/152.csv
DB_152,91,ra5,‍,Categories of Personal Information Collected,DB_152_S12;DB_152_S186;DB_152_S344;DB_152_S364;DB_152_S403;DB_152_S404;DB_152_S487;DB_152_S491;DB_152_S492;DB_152_S499;DB_152_S500;DB_152_S504;DB_152_S505;DB_152_S541;DB_152_S544,C3PA_Dataset/Annotations/DB/152.csv
DB_152,99,ra5,"For example, if an advertiser wants us to display ads to individuals who have expressed interest in acne, sun-care products, or advances in treating certain medical conditions, we may serve ads for those products or services to those individuals based on segment data and Internet browsing habits.",Categories of Personal Information Shared / Disclosed,DB_152_S142;DB_152_S494,C3PA_Dataset/Annotations/DB/152.csv
DB_152,100,ra5,"For example, if an advertiser wants us to display ads to individuals who have expressed interest in acne, sun-care products, or advances in treating certain medical conditions, we may serve ads for those products or services to those individuals based on segment data and Internet browsing habits.",Categories of Personal Information Sold,DB_152_S142;DB_152_S494,C3PA_Dataset/Annotations/DB/152.csv
DB_152,116,ra5,You may Opt Out at DO NOT SELL MY INFORMATION,Description of Right to Opt-out of sale of PI,DB_152_S362;DB_152_S551;DB_152_S612,C3PA_Dataset/Annotations/DB/152.csv
DB_152,117,ra5,"To opt out of targeted ads from our Platform, you may go here",Methods to exercise rights,DB_152_S560;DB_152_S621,C3PA_Dataset/Annotations/DB/152.csv
DB_152,118,ra5," To opt out of targeted ads from our Platform, you may go here",Description of Right to Opt-out of sale of PI,DB_152_S560;DB_152_S621,C3PA_Dataset/Annotations/DB/152.csv
DB_152,119,ra5,The NAI’s opt-out tool to opt-out of our collection of data online for IBA and the placement of interest based ads.,Description of Right to Opt-out of sale of PI,DB_152_S563;DB_152_S623,C3PA_Dataset/Annotations/DB/152.csv
DB_152,120,ra5,You may access the NAI’s opt-out tool here. ,Methods to exercise rights,DB_152_S201;DB_152_S564;DB_152_S624,C3PA_Dataset/Annotations/DB/152.csv
DB_152,127,ra5,l,Description of Right to Know PI Collected,DB_152_S1;DB_152_S4;DB_152_S5;DB_152_S6;DB_152_S8;DB_152_S9;DB_152_S10;DB_152_S11;DB_152_S12;DB_152_S13;DB_152_S14;DB_152_S15;DB_152_S16;DB_152_S17;DB_152_S18;DB_152_S19;DB_152_S20;DB_152_S21;DB_152_S22;DB_152_S24;DB_152_S25;DB_152_S27;DB_152_S28;DB_152_S29;DB_152_S31;DB_152_S32;DB_152_S33;DB_152_S34;DB_152_S35;DB_152_S36;DB_152_S37;DB_152_S38;DB_152_S39;DB_152_S40;DB_152_S41;DB_152_S42;DB_152_S43;DB_152_S44;DB_152_S45;DB_152_S46;DB_152_S47;DB_152_S48;DB_152_S49;DB_152_S50;DB_152_S52;DB_152_S53;DB_152_S54;DB_152_S56;DB_152_S57;DB_152_S58;DB_152_S59;DB_152_S60;DB_152_S64;DB_152_S65;DB_152_S66;DB_152_S69;DB_152_S70;DB_152_S74;DB_152_S75;DB_152_S78;DB_152_S80;DB_152_S84;DB_152_S88;DB_152_S91;DB_152_S94;DB_152_S95;DB_152_S96;DB_152_S97;DB_152_S98;DB_152_S99;DB_152_S105;DB_152_S106;DB_152_S108;DB_152_S111;DB_152_S112;DB_152_S115;DB_152_S117;DB_152_S119;DB_152_S120;DB_152_S121;DB_152_S124;DB_152_S125;DB_152_S126;DB_152_S128;DB_152_S131;DB_152_S133;DB_152_S134;DB_152_S135;DB_152_S136;DB_152_S137;DB_152_S138;DB_152_S140;DB_152_S141;DB_152_S142;DB_152_S143;DB_152_S144;DB_152_S145;DB_152_S147;DB_152_S148;DB_152_S149;DB_152_S150;DB_152_S152;DB_152_S154;DB_152_S155;DB_152_S157;DB_152_S158;DB_152_S159;DB_152_S160;DB_152_S161;DB_152_S162;DB_152_S163;DB_152_S164;DB_152_S165;DB_152_S167;DB_152_S168;DB_152_S169;DB_152_S170;DB_152_S172;DB_152_S173;DB_152_S174;DB_152_S175;DB_152_S176;DB_152_S177;DB_152_S178;DB_152_S179;DB_152_S181;DB_152_S182;DB_152_S184;DB_152_S185;DB_152_S186;DB_152_S187;DB_152_S188;DB_152_S189;DB_152_S190;DB_152_S191;DB_152_S193;DB_152_S194;DB_152_S195;DB_152_S196;DB_152_S197;DB_152_S198;DB_152_S199;DB_152_S200;DB_152_S201;DB_152_S202;DB_152_S203;DB_152_S204;DB_152_S205;DB_152_S206;DB_152_S207;DB_152_S208;DB_152_S209;DB_152_S210;DB_152_S211;DB_152_S212;DB_152_S213;DB_152_S214;DB_152_S216;DB_152_S217;DB_152_S218;DB_152_S219;DB_152_S220;DB_152_S221;DB_152_S222;DB_152_S224;DB_152_S226;DB_152_S228;DB_152_S229;DB_152_S230;DB_152_S232;DB_152_S233;DB_152_S234;DB_152_S235;DB_152_S236;DB_152_S237;DB_152_S238;DB_152_S240;DB_152_S241;DB_152_S242;DB_152_S243;DB_152_S244;DB_152_S245;DB_152_S246;DB_152_S247;DB_152_S248;DB_152_S249;DB_152_S250;DB_152_S251;DB_152_S252;DB_152_S253;DB_152_S254;DB_152_S255;DB_152_S256;DB_152_S257;DB_152_S258;DB_152_S259;DB_152_S260;DB_152_S261;DB_152_S262;DB_152_S263;DB_152_S264;DB_152_S265;DB_152_S266;DB_152_S267;DB_152_S268;DB_152_S269;DB_152_S270;DB_152_S271;DB_152_S272;DB_152_S273;DB_152_S274;DB_152_S275;DB_152_S276;DB_152_S277;DB_152_S278;DB_152_S279;DB_152_S280;DB_152_S281;DB_152_S282;DB_152_S283;DB_152_S284;DB_152_S285;DB_152_S286;DB_152_S287;DB_152_S288;DB_152_S289;DB_152_S290;DB_152_S291;DB_152_S292;DB_152_S293;DB_152_S294;DB_152_S295;DB_152_S296;DB_152_S297;DB_152_S298;DB_152_S299;DB_152_S300;DB_152_S301;DB_152_S303;DB_152_S304;DB_152_S306;DB_152_S307;DB_152_S308;DB_152_S309;DB_152_S310;DB_152_S311;DB_152_S312;DB_152_S313;DB_152_S315;DB_152_S316;DB_152_S317;DB_152_S318;DB_152_S319;DB_152_S320;DB_152_S322;DB_152_S323;DB_152_S324;DB_152_S325;DB_152_S326;DB_152_S327;DB_152_S328;DB_152_S329;DB_152_S331;DB_152_S333;DB_152_S335;DB_152_S336;DB_152_S337;DB_152_S338;DB_152_S339;DB_152_S340;DB_152_S341;DB_152_S342;DB_152_S343;DB_152_S344;DB_152_S345;DB_152_S346;DB_152_S347;DB_152_S348;DB_152_S349;DB_152_S350;DB_152_S351;DB_152_S352;DB_152_S353;DB_152_S355;DB_152_S356;DB_152_S357;DB_152_S358;DB_152_S359;DB_152_S360;DB_152_S361;DB_152_S362;DB_152_S363;DB_152_S364;DB_152_S365;DB_152_S366;DB_152_S367;DB_152_S368;DB_152_S370;DB_152_S371;DB_152_S372;DB_152_S373;DB_152_S376;DB_152_S377;DB_152_S379;DB_152_S384;DB_152_S385;DB_152_S386;DB_152_S388;DB_152_S389;DB_152_S392;DB_152_S394;DB_152_S396;DB_152_S399;DB_152_S400;DB_152_S401;DB_152_S402;DB_152_S404;DB_152_S405;DB_152_S406;DB_152_S407;DB_152_S408;DB_152_S409;DB_152_S410;DB_152_S411;DB_152_S415;DB_152_S416;DB_152_S417;DB_152_S420;DB_152_S421;DB_152_S425;DB_152_S426;DB_152_S429;DB_152_S431;DB_152_S435;DB_152_S439;DB_152_S442;DB_152_S445;DB_152_S446;DB_152_S447;DB_152_S448;DB_152_S449;DB_152_S450;DB_152_S456;DB_152_S457;DB_152_S459;DB_152_S462;DB_152_S463;DB_152_S466;DB_152_S468;DB_152_S470;DB_152_S471;DB_152_S472;DB_152_S475;DB_152_S476;DB_152_S477;DB_152_S479;DB_152_S482;DB_152_S484;DB_152_S485;DB_152_S486;DB_152_S487;DB_152_S488;DB_152_S489;DB_152_S490;DB_152_S492;DB_152_S493;DB_152_S494;DB_152_S495;DB_152_S496;DB_152_S497;DB_152_S498;DB_152_S500;DB_152_S501;DB_152_S502;DB_152_S503;DB_152_S505;DB_152_S507;DB_152_S508;DB_152_S510;DB_152_S511;DB_152_S512;DB_152_S513;DB_152_S514;DB_152_S515;DB_152_S516;DB_152_S517;DB_152_S518;DB_152_S520;DB_152_S521;DB_152_S522;DB_152_S523;DB_152_S525;DB_152_S526;DB_152_S527;DB_152_S528;DB_152_S529;DB_152_S530;DB_152_S531;DB_152_S532;DB_152_S533;DB_152_S534;DB_152_S536;DB_152_S537;DB_152_S539;DB_152_S540;DB_152_S541;DB_152_S542;DB_152_S543;DB_152_S544;DB_152_S545;DB_152_S546;DB_152_S547;DB_152_S549;DB_152_S550;DB_152_S551;DB_152_S552;DB_152_S553;DB_152_S554;DB_152_S555;DB_152_S556;DB_152_S557;DB_152_S558;DB_152_S559;DB_152_S560;DB_152_S561;DB_152_S562;DB_152_S563;DB_152_S564;DB_152_S565;DB_152_S566;DB_152_S567;DB_152_S568;DB_152_S569;DB_152_S570;DB_152_S571;DB_152_S572;DB_152_S573;DB_152_S574;DB_152_S575;DB_152_S576;DB_152_S577;DB_152_S578;DB_152_S579;DB_152_S580;DB_152_S581;DB_152_S582;DB_152_S584;DB_152_S585;DB_152_S586;DB_152_S588;DB_152_S589;DB_152_S590;DB_152_S592;DB_152_S593;DB_152_S594;DB_152_S595;DB_152_S596;DB_152_S597;DB_152_S598;DB_152_S600;DB_152_S601;DB_152_S602;DB_152_S605;DB_152_S606;DB_152_S608;DB_152_S610;DB_152_S611;DB_152_S612;DB_152_S613;DB_152_S614;DB_152_S615;DB_152_S616;DB_152_S617;DB_152_S618;DB_152_S619;DB_152_S620;DB_152_S621;DB_152_S622;DB_152_S623;DB_152_S624;DB_152_S625;DB_152_S626;DB_152_S627;DB_152_S628;DB_152_S629;DB_152_S630;DB_152_S631;DB_152_S632;DB_152_S633;DB_152_S634;DB_152_S635;DB_152_S636;DB_152_S637;DB_152_S638;DB_152_S640;DB_152_S641;DB_152_S642;DB_152_S644;DB_152_S645;DB_152_S646;DB_152_S648;DB_152_S649;DB_152_S650;DB_152_S651;DB_152_S652;DB_152_S653;DB_152_S654;DB_152_S656;DB_152_S657;DB_152_S658;DB_152_S661;DB_152_S662;DB_152_S664,C3PA_Dataset/Annotations/DB/152.csv
DB_152,133,ra1,Updated: December 2022,Updated Privacy Policy,DB_152_S2;DB_152_S334,C3PA_Dataset/Annotations/DB/152.csv
DB_152,170,ra1,"If you would like to access, correct, update, or request deletion of your PII we have on file, you may submit such requests here.",Description of Right to Correct Information,DB_152_S232;DB_152_S592;DB_152_S648,C3PA_Dataset/Annotations/DB/152.csv
DB_152,171,ra1,"If you would like to access, correct, update, or request deletion of your PII we have on file, you may submit such requests here.",Description of Right to Know PI Collected,DB_152_S232;DB_152_S592;DB_152_S648,C3PA_Dataset/Annotations/DB/152.csv
DB_152,172,ra1,"If you would like to access, correct, update, or request deletion of your PII we have on file, you may submit such requests here.",Description of Right to Delete,DB_152_S232;DB_152_S592;DB_152_S648,C3PA_Dataset/Annotations/DB/152.csv
DB_153,53,ra5,"To submit a request please email us at privacy@inmarket.com, or call us toll-free at 1 (888) 506-4042",Methods to exercise rights,DB_153_S167;DB_153_S201,C3PA_Dataset/Annotations/DB/153.csv
DB_155,39,ra5,Delete your personal information.,Description of Right to Delete,DB_155_S146;DB_155_S150,C3PA_Dataset/Annotations/DB/155.csv
DB_155,57,ra5,You can exercise these rights by submitted a request via our webform or emailing privacy@samba.tv. ,Methods to exercise rights,DB_155_S239;DB_155_S295,C3PA_Dataset/Annotations/DB/155.csv
DB_155,76,ra1,Delete your personal information.,Description of Right to Delete,DB_155_S146;DB_155_S150,C3PA_Dataset/Annotations/DB/155.csv
DB_155,93,ra1,You can exercise these rights by submitted a request via our webform or emailing privacy@samba.tv.,Methods to exercise rights,DB_155_S239;DB_155_S295,C3PA_Dataset/Annotations/DB/155.csv
DB_158,76,ra1,from,Others,DB_158_S11;DB_158_S34;DB_158_S54;DB_158_S55;DB_158_S118;DB_158_S123;DB_158_S160;DB_158_S163;DB_158_S165;DB_158_S168;DB_158_S193,C3PA_Dataset/Annotations/DB/158.csv
DB_159,19,ra2,l in,Methods to exercise rights,DB_159_S18;DB_159_S49;DB_159_S57;DB_159_S58;DB_159_S108;DB_159_S109;DB_159_S169,C3PA_Dataset/Annotations/DB/159.csv
DB_159,61,ra1,We will also pass data if required by applicable law.,Categories of Personal Information Shared / Disclosed,DB_159_S40;DB_159_S51,C3PA_Dataset/Annotations/DB/159.csv
DB_16,42,ra5,"Last amended: January 1, 2023",Updated Privacy Policy,DB_16_S11;DB_16_S163,C3PA_Dataset/Annotations/DB/16.csv
DB_16,81,ra5,i,Description of Right to Know PI sold / shared,DB_16_S1;DB_16_S2;DB_16_S3;DB_16_S4;DB_16_S5;DB_16_S6;DB_16_S8;DB_16_S9;DB_16_S10;DB_16_S12;DB_16_S13;DB_16_S14;DB_16_S15;DB_16_S16;DB_16_S17;DB_16_S18;DB_16_S19;DB_16_S20;DB_16_S21;DB_16_S24;DB_16_S25;DB_16_S28;DB_16_S29;DB_16_S30;DB_16_S31;DB_16_S32;DB_16_S33;DB_16_S34;DB_16_S35;DB_16_S36;DB_16_S37;DB_16_S38;DB_16_S39;DB_16_S40;DB_16_S41;DB_16_S42;DB_16_S43;DB_16_S44;DB_16_S45;DB_16_S46;DB_16_S47;DB_16_S48;DB_16_S49;DB_16_S50;DB_16_S51;DB_16_S52;DB_16_S53;DB_16_S54;DB_16_S55;DB_16_S56;DB_16_S57;DB_16_S58;DB_16_S59;DB_16_S60;DB_16_S61;DB_16_S62;DB_16_S63;DB_16_S64;DB_16_S65;DB_16_S66;DB_16_S67;DB_16_S68;DB_16_S69;DB_16_S70;DB_16_S71;DB_16_S72;DB_16_S73;DB_16_S74;DB_16_S75;DB_16_S76;DB_16_S77;DB_16_S78;DB_16_S79;DB_16_S80;DB_16_S81;DB_16_S82;DB_16_S83;DB_16_S84;DB_16_S85;DB_16_S86;DB_16_S87;DB_16_S88;DB_16_S89;DB_16_S90;DB_16_S91;DB_16_S92;DB_16_S93;DB_16_S94;DB_16_S95;DB_16_S96;DB_16_S97;DB_16_S98;DB_16_S99;DB_16_S100;DB_16_S101;DB_16_S102;DB_16_S103;DB_16_S104;DB_16_S105;DB_16_S106;DB_16_S107;DB_16_S108;DB_16_S109;DB_16_S110;DB_16_S111;DB_16_S112;DB_16_S113;DB_16_S114;DB_16_S115;DB_16_S116;DB_16_S117;DB_16_S118;DB_16_S119;DB_16_S120;DB_16_S121;DB_16_S122;DB_16_S123;DB_16_S124;DB_16_S125;DB_16_S126;DB_16_S127;DB_16_S128;DB_16_S129;DB_16_S130;DB_16_S131;DB_16_S132;DB_16_S133;DB_16_S134;DB_16_S135;DB_16_S136;DB_16_S137;DB_16_S138;DB_16_S139;DB_16_S140;DB_16_S141;DB_16_S142;DB_16_S143;DB_16_S144;DB_16_S145;DB_16_S146;DB_16_S147;DB_16_S148;DB_16_S149;DB_16_S150;DB_16_S151;DB_16_S152;DB_16_S153;DB_16_S155;DB_16_S156;DB_16_S157;DB_16_S159;DB_16_S161;DB_16_S162;DB_16_S164;DB_16_S165;DB_16_S166;DB_16_S167;DB_16_S168;DB_16_S169;DB_16_S170;DB_16_S171;DB_16_S172;DB_16_S173;DB_16_S174;DB_16_S175;DB_16_S176;DB_16_S177;DB_16_S178;DB_16_S179;DB_16_S180;DB_16_S181;DB_16_S182;DB_16_S183;DB_16_S184;DB_16_S185;DB_16_S186;DB_16_S187;DB_16_S188;DB_16_S190;DB_16_S191;DB_16_S192;DB_16_S193;DB_16_S194;DB_16_S195;DB_16_S196;DB_16_S197;DB_16_S198;DB_16_S199;DB_16_S200;DB_16_S201;DB_16_S202;DB_16_S203;DB_16_S204;DB_16_S205;DB_16_S206;DB_16_S207;DB_16_S208;DB_16_S209;DB_16_S211;DB_16_S212;DB_16_S213;DB_16_S214;DB_16_S215;DB_16_S216;DB_16_S218;DB_16_S219;DB_16_S220;DB_16_S222;DB_16_S223;DB_16_S224;DB_16_S226;DB_16_S227;DB_16_S229;DB_16_S230;DB_16_S232;DB_16_S233;DB_16_S234;DB_16_S236;DB_16_S237;DB_16_S238;DB_16_S240;DB_16_S241;DB_16_S242;DB_16_S243;DB_16_S244;DB_16_S245;DB_16_S246;DB_16_S247;DB_16_S248;DB_16_S249;DB_16_S250;DB_16_S251;DB_16_S252;DB_16_S253;DB_16_S254;DB_16_S255;DB_16_S256;DB_16_S257;DB_16_S258;DB_16_S259;DB_16_S260;DB_16_S261;DB_16_S262;DB_16_S263;DB_16_S264;DB_16_S265;DB_16_S266;DB_16_S267;DB_16_S268;DB_16_S269;DB_16_S270;DB_16_S271;DB_16_S272;DB_16_S273;DB_16_S274;DB_16_S275;DB_16_S276;DB_16_S277;DB_16_S278;DB_16_S279;DB_16_S280;DB_16_S281;DB_16_S282;DB_16_S283;DB_16_S284;DB_16_S285;DB_16_S286;DB_16_S287;DB_16_S288;DB_16_S289;DB_16_S290;DB_16_S291;DB_16_S292;DB_16_S293;DB_16_S294;DB_16_S295;DB_16_S296;DB_16_S297;DB_16_S298;DB_16_S299;DB_16_S300;DB_16_S301;DB_16_S302;DB_16_S303;DB_16_S304;DB_16_S305;DB_16_S306;DB_16_S307;DB_16_S308;DB_16_S309;DB_16_S310;DB_16_S311;DB_16_S312;DB_16_S313;DB_16_S314;DB_16_S315;DB_16_S316;DB_16_S317;DB_16_S318;DB_16_S319;DB_16_S320;DB_16_S321;DB_16_S322;DB_16_S325;DB_16_S326;DB_16_S327;DB_16_S328;DB_16_S329;DB_16_S331;DB_16_S333;DB_16_S334;DB_16_S335;DB_16_S340;DB_16_S341;DB_16_S348;DB_16_S349;DB_16_S350;DB_16_S351;DB_16_S352;DB_16_S353;DB_16_S354;DB_16_S355;DB_16_S360;DB_16_S362;DB_16_S363;DB_16_S364;DB_16_S366;DB_16_S367;DB_16_S372;DB_16_S373;DB_16_S378;DB_16_S379;DB_16_S380;DB_16_S381;DB_16_S382;DB_16_S383;DB_16_S384,C3PA_Dataset/Annotations/DB/16.csv
DB_160,4,ra2,Cookie,Categories of Personal Information Collected,DB_160_S1;DB_160_S2;DB_160_S3;DB_160_S5;DB_160_S46;DB_160_S72;DB_160_S73;DB_160_S74;DB_160_S77;DB_160_S78;DB_160_S79;DB_160_S80;DB_160_S81;DB_160_S82;DB_160_S84;DB_160_S85;DB_160_S87;DB_160_S88;DB_160_S89;DB_160_S90;DB_160_S91;DB_160_S94;DB_160_S97;DB_160_S98;DB_160_S101;DB_160_S104;DB_160_S105;DB_160_S107;DB_160_S108;DB_160_S109;DB_160_S110;DB_160_S111;DB_160_S113;DB_160_S114;DB_160_S116;DB_160_S117;DB_160_S118;DB_160_S119;DB_160_S147;DB_160_S158;DB_160_S163;DB_160_S171;DB_160_S228;DB_160_S229;DB_160_S391;DB_160_S392;DB_160_S393;DB_160_S394;DB_160_S398;DB_160_S399;DB_160_S403;DB_160_S404;DB_160_S405;DB_160_S406;DB_160_S408;DB_160_S409;DB_160_S410;DB_160_S412;DB_160_S413;DB_160_S415;DB_160_S416;DB_160_S417;DB_160_S419;DB_160_S420;DB_160_S421;DB_160_S423;DB_160_S424;DB_160_S425;DB_160_S427;DB_160_S431;DB_160_S434;DB_160_S437;DB_160_S438;DB_160_S441;DB_160_S442;DB_160_S445,C3PA_Dataset/Annotations/DB/160.csv
DB_160,5,ra2,Cookie,Categories of Personal Information Shared / Disclosed,DB_160_S1;DB_160_S2;DB_160_S3;DB_160_S5;DB_160_S46;DB_160_S72;DB_160_S73;DB_160_S74;DB_160_S77;DB_160_S78;DB_160_S79;DB_160_S80;DB_160_S81;DB_160_S82;DB_160_S84;DB_160_S85;DB_160_S87;DB_160_S88;DB_160_S89;DB_160_S90;DB_160_S91;DB_160_S94;DB_160_S97;DB_160_S98;DB_160_S101;DB_160_S104;DB_160_S105;DB_160_S107;DB_160_S108;DB_160_S109;DB_160_S110;DB_160_S111;DB_160_S113;DB_160_S114;DB_160_S116;DB_160_S117;DB_160_S118;DB_160_S119;DB_160_S147;DB_160_S158;DB_160_S163;DB_160_S171;DB_160_S228;DB_160_S229;DB_160_S391;DB_160_S392;DB_160_S393;DB_160_S394;DB_160_S398;DB_160_S399;DB_160_S403;DB_160_S404;DB_160_S405;DB_160_S406;DB_160_S408;DB_160_S409;DB_160_S410;DB_160_S412;DB_160_S413;DB_160_S415;DB_160_S416;DB_160_S417;DB_160_S419;DB_160_S420;DB_160_S421;DB_160_S423;DB_160_S424;DB_160_S425;DB_160_S427;DB_160_S431;DB_160_S434;DB_160_S437;DB_160_S438;DB_160_S441;DB_160_S442;DB_160_S445,C3PA_Dataset/Annotations/DB/160.csv
DB_160,6,ra2,Cookie,Categories of Personal Information Collected,DB_160_S1;DB_160_S2;DB_160_S3;DB_160_S5;DB_160_S46;DB_160_S72;DB_160_S73;DB_160_S74;DB_160_S77;DB_160_S78;DB_160_S79;DB_160_S80;DB_160_S81;DB_160_S82;DB_160_S84;DB_160_S85;DB_160_S87;DB_160_S88;DB_160_S89;DB_160_S90;DB_160_S91;DB_160_S94;DB_160_S97;DB_160_S98;DB_160_S101;DB_160_S104;DB_160_S105;DB_160_S107;DB_160_S108;DB_160_S109;DB_160_S110;DB_160_S111;DB_160_S113;DB_160_S114;DB_160_S116;DB_160_S117;DB_160_S118;DB_160_S119;DB_160_S147;DB_160_S158;DB_160_S163;DB_160_S171;DB_160_S228;DB_160_S229;DB_160_S391;DB_160_S392;DB_160_S393;DB_160_S394;DB_160_S398;DB_160_S399;DB_160_S403;DB_160_S404;DB_160_S405;DB_160_S406;DB_160_S408;DB_160_S409;DB_160_S410;DB_160_S412;DB_160_S413;DB_160_S415;DB_160_S416;DB_160_S417;DB_160_S419;DB_160_S420;DB_160_S421;DB_160_S423;DB_160_S424;DB_160_S425;DB_160_S427;DB_160_S431;DB_160_S434;DB_160_S437;DB_160_S438;DB_160_S441;DB_160_S442;DB_160_S445,C3PA_Dataset/Annotations/DB/160.csv
DB_160,7,ra2,Coo,Categories of Personal Information Collected,DB_160_S1;DB_160_S2;DB_160_S3;DB_160_S5;DB_160_S46;DB_160_S72;DB_160_S73;DB_160_S74;DB_160_S77;DB_160_S78;DB_160_S79;DB_160_S80;DB_160_S81;DB_160_S82;DB_160_S84;DB_160_S85;DB_160_S87;DB_160_S88;DB_160_S89;DB_160_S90;DB_160_S91;DB_160_S94;DB_160_S97;DB_160_S98;DB_160_S101;DB_160_S104;DB_160_S105;DB_160_S107;DB_160_S108;DB_160_S109;DB_160_S110;DB_160_S111;DB_160_S113;DB_160_S114;DB_160_S116;DB_160_S117;DB_160_S118;DB_160_S119;DB_160_S147;DB_160_S158;DB_160_S163;DB_160_S171;DB_160_S228;DB_160_S229;DB_160_S391;DB_160_S392;DB_160_S393;DB_160_S394;DB_160_S398;DB_160_S399;DB_160_S403;DB_160_S404;DB_160_S405;DB_160_S406;DB_160_S408;DB_160_S409;DB_160_S410;DB_160_S412;DB_160_S413;DB_160_S415;DB_160_S416;DB_160_S417;DB_160_S419;DB_160_S420;DB_160_S421;DB_160_S423;DB_160_S424;DB_160_S425;DB_160_S427;DB_160_S431;DB_160_S434;DB_160_S437;DB_160_S438;DB_160_S441;DB_160_S442;DB_160_S445,C3PA_Dataset/Annotations/DB/160.csv
DB_160,11,ra2,"Functional
",Categories of Personal Information Shared / Disclosed,DB_160_S94;DB_160_S101;DB_160_S238;DB_160_S399;DB_160_S404;DB_160_S410;DB_160_S412;DB_160_S429;DB_160_S430;DB_160_S431,C3PA_Dataset/Annotations/DB/160.csv
DB_160,13,ra2,Performance,Categories of Personal Information Shared / Disclosed,DB_160_S91;DB_160_S107;DB_160_S421;DB_160_S424;DB_160_S432;DB_160_S433;DB_160_S434,C3PA_Dataset/Annotations/DB/160.csv
DB_160,20,ra2,S,Categories of Personal Information Collected,DB_160_S1;DB_160_S2;DB_160_S3;DB_160_S4;DB_160_S5;DB_160_S9;DB_160_S10;DB_160_S11;DB_160_S12;DB_160_S13;DB_160_S14;DB_160_S15;DB_160_S16;DB_160_S17;DB_160_S19;DB_160_S20;DB_160_S21;DB_160_S22;DB_160_S23;DB_160_S24;DB_160_S25;DB_160_S26;DB_160_S28;DB_160_S29;DB_160_S30;DB_160_S31;DB_160_S32;DB_160_S34;DB_160_S35;DB_160_S37;DB_160_S38;DB_160_S39;DB_160_S40;DB_160_S41;DB_160_S42;DB_160_S43;DB_160_S45;DB_160_S46;DB_160_S47;DB_160_S48;DB_160_S49;DB_160_S50;DB_160_S51;DB_160_S52;DB_160_S53;DB_160_S54;DB_160_S55;DB_160_S56;DB_160_S57;DB_160_S58;DB_160_S59;DB_160_S61;DB_160_S62;DB_160_S63;DB_160_S64;DB_160_S65;DB_160_S66;DB_160_S67;DB_160_S69;DB_160_S70;DB_160_S72;DB_160_S73;DB_160_S74;DB_160_S75;DB_160_S76;DB_160_S77;DB_160_S78;DB_160_S79;DB_160_S80;DB_160_S81;DB_160_S82;DB_160_S83;DB_160_S84;DB_160_S85;DB_160_S86;DB_160_S87;DB_160_S88;DB_160_S89;DB_160_S90;DB_160_S91;DB_160_S92;DB_160_S93;DB_160_S94;DB_160_S95;DB_160_S96;DB_160_S97;DB_160_S98;DB_160_S99;DB_160_S100;DB_160_S101;DB_160_S102;DB_160_S103;DB_160_S104;DB_160_S105;DB_160_S106;DB_160_S107;DB_160_S108;DB_160_S109;DB_160_S110;DB_160_S111;DB_160_S112;DB_160_S113;DB_160_S114;DB_160_S115;DB_160_S116;DB_160_S117;DB_160_S118;DB_160_S119;DB_160_S120;DB_160_S121;DB_160_S122;DB_160_S123;DB_160_S124;DB_160_S125;DB_160_S126;DB_160_S127;DB_160_S128;DB_160_S130;DB_160_S131;DB_160_S132;DB_160_S133;DB_160_S134;DB_160_S135;DB_160_S136;DB_160_S137;DB_160_S138;DB_160_S139;DB_160_S140;DB_160_S141;DB_160_S142;DB_160_S143;DB_160_S145;DB_160_S146;DB_160_S147;DB_160_S148;DB_160_S149;DB_160_S150;DB_160_S151;DB_160_S152;DB_160_S153;DB_160_S154;DB_160_S155;DB_160_S156;DB_160_S157;DB_160_S158;DB_160_S159;DB_160_S160;DB_160_S161;DB_160_S162;DB_160_S163;DB_160_S164;DB_160_S166;DB_160_S167;DB_160_S168;DB_160_S169;DB_160_S170;DB_160_S171;DB_160_S172;DB_160_S173;DB_160_S174;DB_160_S175;DB_160_S177;DB_160_S178;DB_160_S179;DB_160_S180;DB_160_S181;DB_160_S182;DB_160_S183;DB_160_S184;DB_160_S186;DB_160_S188;DB_160_S189;DB_160_S190;DB_160_S191;DB_160_S192;DB_160_S193;DB_160_S195;DB_160_S196;DB_160_S197;DB_160_S199;DB_160_S200;DB_160_S201;DB_160_S202;DB_160_S204;DB_160_S205;DB_160_S206;DB_160_S207;DB_160_S209;DB_160_S210;DB_160_S211;DB_160_S212;DB_160_S213;DB_160_S214;DB_160_S215;DB_160_S216;DB_160_S217;DB_160_S218;DB_160_S219;DB_160_S220;DB_160_S221;DB_160_S222;DB_160_S223;DB_160_S224;DB_160_S225;DB_160_S226;DB_160_S227;DB_160_S228;DB_160_S229;DB_160_S230;DB_160_S231;DB_160_S232;DB_160_S233;DB_160_S234;DB_160_S235;DB_160_S236;DB_160_S237;DB_160_S238;DB_160_S239;DB_160_S240;DB_160_S241;DB_160_S242;DB_160_S243;DB_160_S244;DB_160_S245;DB_160_S246;DB_160_S247;DB_160_S248;DB_160_S249;DB_160_S251;DB_160_S252;DB_160_S253;DB_160_S254;DB_160_S255;DB_160_S256;DB_160_S257;DB_160_S258;DB_160_S259;DB_160_S260;DB_160_S262;DB_160_S263;DB_160_S264;DB_160_S265;DB_160_S266;DB_160_S267;DB_160_S268;DB_160_S269;DB_160_S270;DB_160_S271;DB_160_S272;DB_160_S273;DB_160_S274;DB_160_S275;DB_160_S276;DB_160_S277;DB_160_S278;DB_160_S279;DB_160_S280;DB_160_S281;DB_160_S283;DB_160_S284;DB_160_S285;DB_160_S286;DB_160_S287;DB_160_S288;DB_160_S290;DB_160_S291;DB_160_S292;DB_160_S293;DB_160_S295;DB_160_S296;DB_160_S297;DB_160_S298;DB_160_S300;DB_160_S302;DB_160_S303;DB_160_S305;DB_160_S306;DB_160_S308;DB_160_S309;DB_160_S310;DB_160_S311;DB_160_S316;DB_160_S318;DB_160_S323;DB_160_S326;DB_160_S328;DB_160_S333;DB_160_S335;DB_160_S338;DB_160_S340;DB_160_S341;DB_160_S342;DB_160_S343;DB_160_S344;DB_160_S345;DB_160_S346;DB_160_S347;DB_160_S348;DB_160_S349;DB_160_S350;DB_160_S351;DB_160_S352;DB_160_S353;DB_160_S354;DB_160_S361;DB_160_S362;DB_160_S373;DB_160_S374;DB_160_S381;DB_160_S382;DB_160_S386;DB_160_S390;DB_160_S391;DB_160_S392;DB_160_S393;DB_160_S394;DB_160_S395;DB_160_S396;DB_160_S398;DB_160_S399;DB_160_S400;DB_160_S401;DB_160_S402;DB_160_S403;DB_160_S404;DB_160_S405;DB_160_S406;DB_160_S407;DB_160_S408;DB_160_S409;DB_160_S411;DB_160_S412;DB_160_S413;DB_160_S414;DB_160_S415;DB_160_S416;DB_160_S417;DB_160_S418;DB_160_S419;DB_160_S420;DB_160_S422;DB_160_S423;DB_160_S424;DB_160_S426;DB_160_S427;DB_160_S428;DB_160_S431;DB_160_S434;DB_160_S435;DB_160_S436;DB_160_S437;DB_160_S438;DB_160_S439;DB_160_S440;DB_160_S441;DB_160_S442;DB_160_S443;DB_160_S444;DB_160_S445;DB_160_S446;DB_160_S447;DB_160_S448;DB_160_S450,C3PA_Dataset/Annotations/DB/160.csv
DB_161,60,ra1,Catalyze AI may also use your information collected for the above purposes for the limited circumstances described in INFORMATION SHARING.,Categories of Personal Information Shared / Disclosed,DB_161_S23;DB_161_S33,C3PA_Dataset/Annotations/DB/161.csv
DB_161,61,ra1,Catalyze AI may also use your information collected for the above purposes for the limited circumstances described in INFORMATION SHARING.,Categories of Personal Information Sold,DB_161_S23;DB_161_S33,C3PA_Dataset/Annotations/DB/161.csv
DB_161,62,ra1,Catalyze AI may also use your information collected for the above purposes for the limited circumstances described in INFORMATION SHARING.,Categories of Personal Information Shared / Disclosed,DB_161_S23;DB_161_S33,C3PA_Dataset/Annotations/DB/161.csv
DB_161,63,ra1,Catalyze AI may also use your information collected for the above purposes for the limited circumstances described in INFORMATION SHARING.,Categories of Personal Information Sold,DB_161_S23;DB_161_S33,C3PA_Dataset/Annotations/DB/161.csv
DB_163,64,ra5,You may opt out of such cookies as detailed in ‘Cookies and Other Tracking Technologies’ section (above).,Methods to exercise rights,DB_163_S184;DB_163_S187,C3PA_Dataset/Annotations/DB/163.csv
DB_163,66,ra5,You may opt out of such cookies as detailed in ‘Cookies and Other Tracking Technologies’ section (above),Methods to exercise rights,DB_163_S184;DB_163_S187,C3PA_Dataset/Annotations/DB/163.csv
DB_163,102,ra1, You may opt out of such cookies as detailed in ‘Cookies and Other Tracking Technologies’ section (above).,Methods to exercise rights,DB_163_S184;DB_163_S187,C3PA_Dataset/Annotations/DB/163.csv
DB_163,104,ra1, You may opt out of such cookies as detailed in ‘Cookies and Other Tracking Technologies’ section (above). ,Methods to exercise rights,DB_163_S184;DB_163_S187,C3PA_Dataset/Annotations/DB/163.csv
DB_164,7,ra2,We do not share or sell mobile numbers or Financial Data with these third parties.,Categories of Personal Information Sold,DB_164_S59;DB_164_S208,C3PA_Dataset/Annotations/DB/164.csv
DB_164,9,ra2,s pur,Categories of Personal Information Shared / Disclosed,DB_164_S57;DB_164_S58;DB_164_S93;DB_164_S145;DB_164_S183;DB_164_S206;DB_164_S207;DB_164_S211;DB_164_S215;DB_164_S216;DB_164_S234;DB_164_S235,C3PA_Dataset/Annotations/DB/164.csv
DB_164,10,ra2,gories of thir,Categories of Personal Information Shared / Disclosed,DB_164_S211;DB_164_S232,C3PA_Dataset/Annotations/DB/164.csv
DB_164,11,ra2,gories of thir,Categories of Personal Information Sold,DB_164_S211;DB_164_S232,C3PA_Dataset/Annotations/DB/164.csv
DB_164,12,ra2,d parties,Categories of Personal Information Shared / Disclosed,DB_164_S31;DB_164_S54;DB_164_S59;DB_164_S63;DB_164_S75;DB_164_S76;DB_164_S121;DB_164_S122;DB_164_S181;DB_164_S193;DB_164_S208;DB_164_S211;DB_164_S214;DB_164_S232,C3PA_Dataset/Annotations/DB/164.csv
DB_164,35,ra5,"Monitor and analyze trends, usage, and activities in connection with the Site and services it provides and for marketing or advertising purposes;",Categories of Personal Information Shared / Disclosed,DB_164_S27;DB_164_S190,C3PA_Dataset/Annotations/DB/164.csv
DB_164,43,ra5,"Monitor and analyze trends, usage, and activities in connection with the Site and services it provides and for marketing or advertising purposes;",Categories of Personal Information Sold,DB_164_S27;DB_164_S190,C3PA_Dataset/Annotations/DB/164.csv
DB_164,65,ra5,"Monitor and analyze trends, usage, and activities in connection with the Site and services it provides and for marketing or advertising purposes;",Categories of Personal Information Sold,DB_164_S27;DB_164_S190,C3PA_Dataset/Annotations/DB/164.csv
DB_164,75,ra5,r,Categories of Personal Information Sold,DB_164_S1;DB_164_S3;DB_164_S4;DB_164_S5;DB_164_S6;DB_164_S7;DB_164_S8;DB_164_S10;DB_164_S11;DB_164_S12;DB_164_S13;DB_164_S14;DB_164_S15;DB_164_S16;DB_164_S17;DB_164_S19;DB_164_S20;DB_164_S21;DB_164_S22;DB_164_S24;DB_164_S25;DB_164_S26;DB_164_S27;DB_164_S28;DB_164_S29;DB_164_S30;DB_164_S31;DB_164_S32;DB_164_S33;DB_164_S34;DB_164_S35;DB_164_S36;DB_164_S37;DB_164_S38;DB_164_S39;DB_164_S42;DB_164_S43;DB_164_S44;DB_164_S45;DB_164_S46;DB_164_S47;DB_164_S48;DB_164_S49;DB_164_S50;DB_164_S51;DB_164_S52;DB_164_S53;DB_164_S54;DB_164_S56;DB_164_S57;DB_164_S58;DB_164_S59;DB_164_S60;DB_164_S61;DB_164_S62;DB_164_S63;DB_164_S64;DB_164_S65;DB_164_S66;DB_164_S67;DB_164_S68;DB_164_S69;DB_164_S70;DB_164_S71;DB_164_S72;DB_164_S74;DB_164_S75;DB_164_S76;DB_164_S78;DB_164_S79;DB_164_S80;DB_164_S81;DB_164_S82;DB_164_S85;DB_164_S86;DB_164_S88;DB_164_S89;DB_164_S90;DB_164_S91;DB_164_S92;DB_164_S93;DB_164_S94;DB_164_S95;DB_164_S96;DB_164_S97;DB_164_S99;DB_164_S100;DB_164_S102;DB_164_S103;DB_164_S104;DB_164_S105;DB_164_S106;DB_164_S107;DB_164_S108;DB_164_S110;DB_164_S111;DB_164_S112;DB_164_S113;DB_164_S114;DB_164_S115;DB_164_S116;DB_164_S117;DB_164_S118;DB_164_S119;DB_164_S120;DB_164_S121;DB_164_S122;DB_164_S123;DB_164_S124;DB_164_S125;DB_164_S126;DB_164_S127;DB_164_S128;DB_164_S129;DB_164_S130;DB_164_S131;DB_164_S132;DB_164_S133;DB_164_S135;DB_164_S138;DB_164_S139;DB_164_S141;DB_164_S142;DB_164_S144;DB_164_S145;DB_164_S147;DB_164_S148;DB_164_S150;DB_164_S151;DB_164_S154;DB_164_S156;DB_164_S157;DB_164_S159;DB_164_S160;DB_164_S162;DB_164_S163;DB_164_S165;DB_164_S166;DB_164_S168;DB_164_S169;DB_164_S170;DB_164_S171;DB_164_S172;DB_164_S173;DB_164_S174;DB_164_S175;DB_164_S176;DB_164_S177;DB_164_S178;DB_164_S179;DB_164_S180;DB_164_S181;DB_164_S182;DB_164_S183;DB_164_S184;DB_164_S186;DB_164_S187;DB_164_S188;DB_164_S189;DB_164_S190;DB_164_S191;DB_164_S192;DB_164_S193;DB_164_S194;DB_164_S195;DB_164_S196;DB_164_S197;DB_164_S198;DB_164_S199;DB_164_S200;DB_164_S201;DB_164_S202;DB_164_S203;DB_164_S204;DB_164_S205;DB_164_S206;DB_164_S207;DB_164_S208;DB_164_S209;DB_164_S210;DB_164_S211;DB_164_S212;DB_164_S213;DB_164_S214;DB_164_S215;DB_164_S216;DB_164_S217;DB_164_S218;DB_164_S219;DB_164_S220;DB_164_S221;DB_164_S222;DB_164_S223;DB_164_S224;DB_164_S225;DB_164_S226;DB_164_S227;DB_164_S228;DB_164_S229;DB_164_S230;DB_164_S231;DB_164_S232;DB_164_S233;DB_164_S234;DB_164_S235;DB_164_S236;DB_164_S237;DB_164_S238;DB_164_S239;DB_164_S241;DB_164_S243;DB_164_S245;DB_164_S247;DB_164_S249;DB_164_S253;DB_164_S255;DB_164_S259;DB_164_S260;DB_164_S261;DB_164_S263;DB_164_S264;DB_164_S265;DB_164_S266;DB_164_S267;DB_164_S268;DB_164_S269;DB_164_S270;DB_164_S271;DB_164_S272;DB_164_S273;DB_164_S274;DB_164_S275;DB_164_S276;DB_164_S277;DB_164_S278;DB_164_S279;DB_164_S280;DB_164_S281;DB_164_S282;DB_164_S283;DB_164_S284;DB_164_S285;DB_164_S286;DB_164_S287;DB_164_S288;DB_164_S289;DB_164_S290;DB_164_S291;DB_164_S292;DB_164_S293;DB_164_S294;DB_164_S295;DB_164_S296;DB_164_S297;DB_164_S298;DB_164_S299;DB_164_S300;DB_164_S301;DB_164_S302;DB_164_S303;DB_164_S304;DB_164_S305;DB_164_S306;DB_164_S308;DB_164_S310,C3PA_Dataset/Annotations/DB/164.csv
DB_164,99,ra1,We do not share or sell mobile numbers or Financial Data with these third parties.,Categories of Personal Information Sold,DB_164_S59;DB_164_S208,C3PA_Dataset/Annotations/DB/164.csv
DB_166,0,ra2,"Last amended: January 1, 2023",Updated Privacy Policy,DB_166_S3;DB_166_S156,C3PA_Dataset/Annotations/DB/166.csv
DB_166,85,ra5,"Last amended: January 1, 2023",Updated Privacy Policy,DB_166_S3;DB_166_S156,C3PA_Dataset/Annotations/DB/166.csv
DB_166,98,ra5,Category of Personal Information,Categories of Personal Information Shared / Disclosed,DB_166_S173;DB_166_S205,C3PA_Dataset/Annotations/DB/166.csv
DB_166,99,ra5,"Identifiers, e.g., name; alias; postal address; telephone number; email address",Categories of Personal Information Shared / Disclosed,DB_166_S175;DB_166_S206,C3PA_Dataset/Annotations/DB/166.csv
DB_166,104,ra5,Internet or other electronic network activity information,Categories of Personal Information Shared / Disclosed,DB_166_S189;DB_166_S219,C3PA_Dataset/Annotations/DB/166.csv
DB_166,106,ra5,Geolocation data,Categories of Personal Information Shared / Disclosed,DB_166_S192;DB_166_S222,C3PA_Dataset/Annotations/DB/166.csv
DB_166,108,ra5,"E.g., current or past job history or performance evaluations.",Categories of Personal Information Shared / Disclosed,DB_166_S195;DB_166_S226,C3PA_Dataset/Annotations/DB/166.csv
DB_166,109,ra5,Inferenced Categories,Categories of Personal Information Shared / Disclosed,DB_166_S197;DB_166_S229,C3PA_Dataset/Annotations/DB/166.csv
DB_166,110,ra5,"E.g., Inferenced consumer interests",Categories of Personal Information Shared / Disclosed,DB_166_S198;DB_166_S230,C3PA_Dataset/Annotations/DB/166.csv
DB_166,111,ra5,.,Categories of Personal Information Collected,DB_166_S4;DB_166_S5;DB_166_S6;DB_166_S7;DB_166_S8;DB_166_S10;DB_166_S11;DB_166_S12;DB_166_S20;DB_166_S21;DB_166_S22;DB_166_S23;DB_166_S24;DB_166_S25;DB_166_S26;DB_166_S29;DB_166_S30;DB_166_S31;DB_166_S32;DB_166_S33;DB_166_S34;DB_166_S35;DB_166_S36;DB_166_S37;DB_166_S42;DB_166_S43;DB_166_S44;DB_166_S48;DB_166_S49;DB_166_S50;DB_166_S51;DB_166_S52;DB_166_S53;DB_166_S55;DB_166_S56;DB_166_S57;DB_166_S59;DB_166_S61;DB_166_S62;DB_166_S63;DB_166_S64;DB_166_S65;DB_166_S66;DB_166_S67;DB_166_S68;DB_166_S69;DB_166_S71;DB_166_S72;DB_166_S73;DB_166_S74;DB_166_S75;DB_166_S76;DB_166_S77;DB_166_S78;DB_166_S79;DB_166_S80;DB_166_S81;DB_166_S82;DB_166_S85;DB_166_S86;DB_166_S87;DB_166_S88;DB_166_S89;DB_166_S90;DB_166_S91;DB_166_S92;DB_166_S93;DB_166_S94;DB_166_S95;DB_166_S96;DB_166_S97;DB_166_S98;DB_166_S100;DB_166_S101;DB_166_S102;DB_166_S106;DB_166_S107;DB_166_S108;DB_166_S111;DB_166_S112;DB_166_S113;DB_166_S114;DB_166_S115;DB_166_S116;DB_166_S117;DB_166_S118;DB_166_S119;DB_166_S120;DB_166_S121;DB_166_S124;DB_166_S125;DB_166_S126;DB_166_S127;DB_166_S128;DB_166_S129;DB_166_S130;DB_166_S131;DB_166_S133;DB_166_S134;DB_166_S136;DB_166_S137;DB_166_S138;DB_166_S140;DB_166_S141;DB_166_S142;DB_166_S144;DB_166_S145;DB_166_S146;DB_166_S148;DB_166_S154;DB_166_S157;DB_166_S158;DB_166_S159;DB_166_S160;DB_166_S161;DB_166_S162;DB_166_S165;DB_166_S166;DB_166_S167;DB_166_S168;DB_166_S171;DB_166_S172;DB_166_S175;DB_166_S176;DB_166_S177;DB_166_S178;DB_166_S179;DB_166_S180;DB_166_S181;DB_166_S182;DB_166_S184;DB_166_S185;DB_166_S187;DB_166_S188;DB_166_S190;DB_166_S193;DB_166_S195;DB_166_S198;DB_166_S201;DB_166_S202;DB_166_S206;DB_166_S207;DB_166_S208;DB_166_S211;DB_166_S212;DB_166_S213;DB_166_S215;DB_166_S216;DB_166_S217;DB_166_S219;DB_166_S220;DB_166_S223;DB_166_S225;DB_166_S226;DB_166_S227;DB_166_S230;DB_166_S231;DB_166_S234;DB_166_S235;DB_166_S236;DB_166_S237;DB_166_S238;DB_166_S239;DB_166_S240;DB_166_S241;DB_166_S243;DB_166_S246;DB_166_S247;DB_166_S248;DB_166_S249;DB_166_S251;DB_166_S252;DB_166_S253;DB_166_S255;DB_166_S256;DB_166_S257;DB_166_S258;DB_166_S260;DB_166_S261;DB_166_S262;DB_166_S264;DB_166_S265;DB_166_S267;DB_166_S268;DB_166_S269;DB_166_S270;DB_166_S271;DB_166_S272;DB_166_S273;DB_166_S274;DB_166_S275;DB_166_S276;DB_166_S277;DB_166_S278;DB_166_S279;DB_166_S280;DB_166_S281;DB_166_S282;DB_166_S283;DB_166_S284;DB_166_S285;DB_166_S288;DB_166_S289;DB_166_S290;DB_166_S292;DB_166_S293;DB_166_S294;DB_166_S295;DB_166_S296;DB_166_S297;DB_166_S298;DB_166_S299;DB_166_S300;DB_166_S302;DB_166_S303;DB_166_S304;DB_166_S305;DB_166_S306;DB_166_S308;DB_166_S309,C3PA_Dataset/Annotations/DB/166.csv
DB_166,113,ra5,Category of Personal Information,Categories of Personal Information Sold,DB_166_S173;DB_166_S205,C3PA_Dataset/Annotations/DB/166.csv
DB_166,117,ra5,Commercial or transactions information,Categories of Personal Information Sold,DB_166_S186;DB_166_S215,C3PA_Dataset/Annotations/DB/166.csv
DB_166,120,ra5,"E.g., browsing history; search history; online interests, such as information about categories of consumer interests derived from online usage; and information on a consumer’s interaction with a website, application, or advertisement.",Categories of Personal Information Sold,DB_166_S190;DB_166_S219,C3PA_Dataset/Annotations/DB/166.csv
DB_166,121,ra5,Geolocation data,Categories of Personal Information Sold,DB_166_S192;DB_166_S222,C3PA_Dataset/Annotations/DB/166.csv
DB_166,124,ra5,Inferenced Categories,Categories of Personal Information Sold,DB_166_S197;DB_166_S229,C3PA_Dataset/Annotations/DB/166.csv
DB_166,125,ra5,"E.g., Inferenced consumer interests",Categories of Personal Information Sold,DB_166_S198;DB_166_S230,C3PA_Dataset/Annotations/DB/166.csv
DB_166,156,ra1,"Last amended: January 1, 2023",Updated Privacy Policy,DB_166_S3;DB_166_S156,C3PA_Dataset/Annotations/DB/166.csv
DB_166,171,ra1,"Last amended: January 1, 2023",Updated Privacy Policy,DB_166_S3;DB_166_S156,C3PA_Dataset/Annotations/DB/166.csv
DB_167,0,ra2,"Last Updated: November 22, 2022",Updated Privacy Policy,DB_167_S5;DB_167_S151,C3PA_Dataset/Annotations/DB/167.csv
DB_167,15,ra2,"Last Updated: November 22, 2022",Updated Privacy Policy,DB_167_S5;DB_167_S151,C3PA_Dataset/Annotations/DB/167.csv
DB_167,30,ra5,"Last Updated: November 22, 2022",Updated Privacy Policy,DB_167_S5;DB_167_S151,C3PA_Dataset/Annotations/DB/167.csv
DB_167,49,ra5,Identifiers,Categories of Personal Information Shared / Disclosed,DB_167_S29;DB_167_S30;DB_167_S70;DB_167_S177;DB_167_S202,C3PA_Dataset/Annotations/DB/167.csv
DB_167,53,ra5,Geolocation data,Categories of Personal Information Shared / Disclosed,DB_167_S41;DB_167_S70,C3PA_Dataset/Annotations/DB/167.csv
DB_167,59,ra5,Geolocation data,Categories of Personal Information Sold,DB_167_S41;DB_167_S70,C3PA_Dataset/Annotations/DB/167.csv
DB_167,60,ra5,IP address,Categories of Personal Information Sold,DB_167_S23;DB_167_S42,C3PA_Dataset/Annotations/DB/167.csv
DB_167,62,ra5,Commercial information,Categories of Personal Information Sold,DB_167_S35;DB_167_S70;DB_167_S183;DB_167_S202,C3PA_Dataset/Annotations/DB/167.csv
DB_167,64,ra5,Identifiers,Categories of Personal Information Sold,DB_167_S29;DB_167_S30;DB_167_S70;DB_167_S177;DB_167_S202,C3PA_Dataset/Annotations/DB/167.csv
DB_167,65,ra5,Category,Categories of Personal Information Sold,DB_167_S26;DB_167_S164;DB_167_S165;DB_167_S292;DB_167_S295;DB_167_S299;DB_167_S303;DB_167_S307;DB_167_S328,C3PA_Dataset/Annotations/DB/167.csv
DB_167,72,ra5,"Last Updated: November 22, 2022",Updated Privacy Policy,DB_167_S5;DB_167_S151,C3PA_Dataset/Annotations/DB/167.csv
DB_167,81,ra1,"Last Updated: November 22, 2022",Updated Privacy Policy,DB_167_S5;DB_167_S151,C3PA_Dataset/Annotations/DB/167.csv
DB_167,97,ra1,"If shared for a business purpose, the specific disclosures made for a business purpose made to a third party identifying the categories of information disclosed about you.",Description of Right to Know PI sold / shared,DB_167_S95;DB_167_S220,C3PA_Dataset/Annotations/DB/167.csv
DB_167,98,ra1,The specific pieces of Personal Information we have collected about you,Description of Right to Know PI Collected,DB_167_S94;DB_167_S219,C3PA_Dataset/Annotations/DB/167.csv
DB_167,102,ra1,"Last Updated: November 22, 2022",Updated Privacy Policy,DB_167_S5;DB_167_S151,C3PA_Dataset/Annotations/DB/167.csv
DB_167,103,ra1,Consum,Others,DB_167_S11;DB_167_S85;DB_167_S150;DB_167_S155;DB_167_S156;DB_167_S157;DB_167_S172;DB_167_S173;DB_167_S174;DB_167_S179;DB_167_S188;DB_167_S189;DB_167_S191;DB_167_S192;DB_167_S193;DB_167_S194;DB_167_S195;DB_167_S197;DB_167_S198;DB_167_S200;DB_167_S203;DB_167_S204;DB_167_S205;DB_167_S206;DB_167_S207;DB_167_S210;DB_167_S211;DB_167_S239,C3PA_Dataset/Annotations/DB/167.csv
DB_170,147,ra1,Requests to Know,Description of Right to Know PI Collected,DB_170_S567;DB_170_S616;DB_170_S617;DB_170_S618;DB_170_S619;DB_170_S620,C3PA_Dataset/Annotations/DB/170.csv
DB_170,148,ra1,Requests to Delete,Description of Right to Delete,DB_170_S575;DB_170_S621;DB_170_S622;DB_170_S623;DB_170_S624;DB_170_S625,C3PA_Dataset/Annotations/DB/170.csv
DB_170,149,ra1,Requests to Correct,Description of Right to Correct Information,DB_170_S564;DB_170_S583;DB_170_S587,C3PA_Dataset/Annotations/DB/170.csv
DB_170,150,ra1,Requests to Opt-Out (Do Not Sell Information),Description of Right to Opt-out of sale of PI,DB_170_S592;DB_170_S626;DB_170_S645,C3PA_Dataset/Annotations/DB/170.csv
DB_172,85,ra1,You may contact us by email at privacy@lighthouselist.com or writing us at the above address.,Methods to exercise rights,DB_172_S135;DB_172_S140;DB_172_S142,C3PA_Dataset/Annotations/DB/172.csv
DB_177,80,ra5,"Under the CPRA, sharing your data through third party Cookies for online advertising may be considered a “sale” of information. ",Categories of Personal Information Shared / Disclosed,DB_177_S345;DB_177_S393,C3PA_Dataset/Annotations/DB/177.csv
DB_177,122,ra1,"Under the CPRA, sharing your data through third party Cookies for online advertising may be considered a “sale” of information.",Categories of Personal Information Sold,DB_177_S345;DB_177_S393,C3PA_Dataset/Annotations/DB/177.csv
DB_177,130,ra1,"Under the CPRA, sharing your data through third party Cookies for online advertising may be considered a “sale” of information.",Categories of Personal Information Sold,DB_177_S345;DB_177_S393,C3PA_Dataset/Annotations/DB/177.csv
DB_178,16,ra5,Collection and Use of Personal Information,Categories of Personal Information Collected,DB_178_S12;DB_178_S138,C3PA_Dataset/Annotations/DB/178.csv
DB_179,25,ra5,8,Others,DB_179_S3;DB_179_S28;DB_179_S63;DB_179_S80;DB_179_S98;DB_179_S116;DB_179_S134,C3PA_Dataset/Annotations/DB/179.csv
DB_179,34,ra5,The right to opt out of the sale of their personal information,Description of Right to Opt-out of sale of PI,DB_179_S43;DB_179_S68;DB_179_S85;DB_179_S103;DB_179_S121,C3PA_Dataset/Annotations/DB/179.csv
DB_179,45,ra4,Access to the specific pieces of personal information we’ve collected,Description of Right to Know PI Collected,DB_179_S42;DB_179_S67,C3PA_Dataset/Annotations/DB/179.csv
DB_179,72,ra6,Access to the specific pieces of personal information we’ve collected,Description of Right to Delete,DB_179_S42;DB_179_S67,C3PA_Dataset/Annotations/DB/179.csv
DB_179,73,ra6,and to request deletion of that personal information,Description of Right to Delete,DB_179_S42;DB_179_S67;DB_179_S84;DB_179_S102;DB_179_S120,C3PA_Dataset/Annotations/DB/179.csv
DB_18,117,ra4,Please submit a Data Access Request or email privacy@limeleads.com.,Methods to exercise rights,DB_18_S94;DB_18_S97;DB_18_S142;DB_18_S151,C3PA_Dataset/Annotations/DB/18.csv
DB_180,31,ra5,Our Business Customers and Business Users,Categories of Personal Information Shared / Disclosed,DB_180_S77;DB_180_S78;DB_180_S80;DB_180_S152;DB_180_S153,C3PA_Dataset/Annotations/DB/180.csv
DB_181,2,ra5,"The categories of Business Information that may be made available in the Public Directory include past or current name, company, company headquarters telephone number, office address, job title, and/or education information.",Categories of Personal Information Shared / Disclosed,DB_181_S36;DB_181_S177,C3PA_Dataset/Annotations/DB/181.csv
DB_181,18,ra5,"The categories of Business Information that may be made available in the Public Directory include past or current name, company, company headquarters telephone number, office address, job title, and/or education information.",Categories of Personal Information Shared / Disclosed,DB_181_S36;DB_181_S177,C3PA_Dataset/Annotations/DB/181.csv
DB_181,59,ra5,description,Description of Right to Correct Information,DB_181_S98;DB_181_S122;DB_181_S132;DB_181_S256,C3PA_Dataset/Annotations/DB/181.csv
DB_181,60,ra5,U,Others,DB_181_S4;DB_181_S5;DB_181_S6;DB_181_S7;DB_181_S8;DB_181_S9;DB_181_S10;DB_181_S11;DB_181_S12;DB_181_S13;DB_181_S14;DB_181_S15;DB_181_S16;DB_181_S17;DB_181_S18;DB_181_S19;DB_181_S20;DB_181_S23;DB_181_S24;DB_181_S25;DB_181_S26;DB_181_S27;DB_181_S28;DB_181_S29;DB_181_S30;DB_181_S31;DB_181_S33;DB_181_S34;DB_181_S35;DB_181_S36;DB_181_S37;DB_181_S38;DB_181_S39;DB_181_S40;DB_181_S41;DB_181_S42;DB_181_S43;DB_181_S44;DB_181_S48;DB_181_S51;DB_181_S52;DB_181_S53;DB_181_S54;DB_181_S56;DB_181_S57;DB_181_S58;DB_181_S59;DB_181_S60;DB_181_S61;DB_181_S62;DB_181_S63;DB_181_S64;DB_181_S65;DB_181_S66;DB_181_S67;DB_181_S68;DB_181_S69;DB_181_S70;DB_181_S71;DB_181_S72;DB_181_S73;DB_181_S74;DB_181_S75;DB_181_S76;DB_181_S77;DB_181_S78;DB_181_S79;DB_181_S80;DB_181_S81;DB_181_S83;DB_181_S84;DB_181_S85;DB_181_S86;DB_181_S88;DB_181_S89;DB_181_S90;DB_181_S91;DB_181_S92;DB_181_S93;DB_181_S94;DB_181_S95;DB_181_S96;DB_181_S97;DB_181_S98;DB_181_S99;DB_181_S100;DB_181_S101;DB_181_S102;DB_181_S103;DB_181_S104;DB_181_S106;DB_181_S107;DB_181_S108;DB_181_S109;DB_181_S110;DB_181_S111;DB_181_S112;DB_181_S113;DB_181_S114;DB_181_S115;DB_181_S116;DB_181_S117;DB_181_S118;DB_181_S119;DB_181_S120;DB_181_S121;DB_181_S122;DB_181_S123;DB_181_S124;DB_181_S125;DB_181_S126;DB_181_S127;DB_181_S128;DB_181_S129;DB_181_S130;DB_181_S131;DB_181_S132;DB_181_S133;DB_181_S134;DB_181_S135;DB_181_S136;DB_181_S137;DB_181_S139;DB_181_S140;DB_181_S142;DB_181_S144;DB_181_S145;DB_181_S146;DB_181_S147;DB_181_S148;DB_181_S150;DB_181_S151;DB_181_S153;DB_181_S154;DB_181_S155;DB_181_S156;DB_181_S157;DB_181_S158;DB_181_S159;DB_181_S160;DB_181_S161;DB_181_S163;DB_181_S165;DB_181_S166;DB_181_S167;DB_181_S168;DB_181_S169;DB_181_S172;DB_181_S173;DB_181_S174;DB_181_S175;DB_181_S176;DB_181_S177;DB_181_S178;DB_181_S179;DB_181_S180;DB_181_S181;DB_181_S182;DB_181_S184;DB_181_S185;DB_181_S186;DB_181_S187;DB_181_S188;DB_181_S189;DB_181_S190;DB_181_S191;DB_181_S192;DB_181_S193;DB_181_S194;DB_181_S195;DB_181_S196;DB_181_S197;DB_181_S198;DB_181_S199;DB_181_S200;DB_181_S201;DB_181_S202;DB_181_S204;DB_181_S205;DB_181_S206;DB_181_S207;DB_181_S208;DB_181_S209;DB_181_S210;DB_181_S212;DB_181_S214;DB_181_S216;DB_181_S217;DB_181_S218;DB_181_S219;DB_181_S220;DB_181_S221;DB_181_S223;DB_181_S224;DB_181_S225;DB_181_S226;DB_181_S227;DB_181_S229;DB_181_S230;DB_181_S232;DB_181_S233;DB_181_S234;DB_181_S235;DB_181_S236;DB_181_S237;DB_181_S238;DB_181_S240;DB_181_S242;DB_181_S243;DB_181_S244;DB_181_S245;DB_181_S246;DB_181_S247;DB_181_S248;DB_181_S250;DB_181_S251;DB_181_S252;DB_181_S254;DB_181_S255;DB_181_S256;DB_181_S257;DB_181_S258;DB_181_S259;DB_181_S260;DB_181_S261;DB_181_S262;DB_181_S263;DB_181_S264;DB_181_S265;DB_181_S266;DB_181_S267;DB_181_S268;DB_181_S269;DB_181_S271;DB_181_S272;DB_181_S273;DB_181_S274;DB_181_S275;DB_181_S278;DB_181_S279;DB_181_S281;DB_181_S285;DB_181_S286;DB_181_S287;DB_181_S289;DB_181_S290;DB_181_S291;DB_181_S292;DB_181_S294;DB_181_S295;DB_181_S296;DB_181_S297;DB_181_S298;DB_181_S299;DB_181_S300;DB_181_S301;DB_181_S302;DB_181_S303;DB_181_S306;DB_181_S307;DB_181_S308;DB_181_S309;DB_181_S310;DB_181_S311;DB_181_S312;DB_181_S313;DB_181_S314;DB_181_S315;DB_181_S317;DB_181_S318;DB_181_S319;DB_181_S321;DB_181_S322;DB_181_S323;DB_181_S324;DB_181_S325;DB_181_S326;DB_181_S328;DB_181_S331;DB_181_S332;DB_181_S333;DB_181_S334;DB_181_S335;DB_181_S336;DB_181_S338;DB_181_S339;DB_181_S342;DB_181_S343;DB_181_S344;DB_181_S345;DB_181_S346;DB_181_S347;DB_181_S348;DB_181_S349;DB_181_S350;DB_181_S351;DB_181_S352;DB_181_S353;DB_181_S354;DB_181_S355;DB_181_S357;DB_181_S358;DB_181_S364;DB_181_S365;DB_181_S368;DB_181_S369;DB_181_S372;DB_181_S373;DB_181_S374;DB_181_S375;DB_181_S376;DB_181_S379;DB_181_S380;DB_181_S381;DB_181_S383;DB_181_S384;DB_181_S386;DB_181_S387;DB_181_S390;DB_181_S391;DB_181_S394;DB_181_S395;DB_181_S396;DB_181_S397;DB_181_S398,C3PA_Dataset/Annotations/DB/181.csv
DB_181,63,ra5,"The categories of Business Information that may be made available in the Public Directory include past or current name, company, company headquarters telephone number, office address, job title, and/or education information.",Categories of Personal Information Collected,DB_181_S36;DB_181_S177,C3PA_Dataset/Annotations/DB/181.csv
DB_181,85,ra5,"The categories of Business Information that may be made available in the Public Directory include past or current name, company, company headquarters telephone number, office address, job title, and/or education information",Categories of Personal Information Collected,DB_181_S36;DB_181_S177,C3PA_Dataset/Annotations/DB/181.csv
DB_181,90,ra5,party ,Description of Right to Know PI sold / shared,DB_181_S77;DB_181_S139;DB_181_S191;DB_181_S195;DB_181_S211;DB_181_S220;DB_181_S221;DB_181_S291;DB_181_S300;DB_181_S333;DB_181_S384,C3PA_Dataset/Annotations/DB/181.csv
DB_181,105,ra4,"past or current name, company, company headquarters telephone number, office address, job title, and/or education information.",Categories of Personal Information Shared / Disclosed,DB_181_S36;DB_181_S177,C3PA_Dataset/Annotations/DB/181.csv
DB_181,106,ra4,The categories of Business Information that may be made available in the Public Directory include p,Categories of Personal Information Shared / Disclosed,DB_181_S36;DB_181_S177,C3PA_Dataset/Annotations/DB/181.csv
DB_181,181,ra4,"We may use this information to enhance the information that we already maintain and to improve the accuracy of our records, in addition to other purposes described in this Policy.",Categories of Personal Information Collected,DB_181_S137;DB_181_S140,C3PA_Dataset/Annotations/DB/181.csv
DB_181,182,ra4,"We may use this information to enhance the information that we already maintain and to improve the accuracy of our records, in addition to other purposes described in this Policy.",Categories of Personal Information Shared / Disclosed,DB_181_S137;DB_181_S140,C3PA_Dataset/Annotations/DB/181.csv
DB_181,183,ra4,"We may use this information to enhance the information that we already maintain and to improve the accuracy of our records, in addition to other purposes described in this Policy.",Categories of Personal Information Sold,DB_181_S137;DB_181_S140,C3PA_Dataset/Annotations/DB/181.csv
DB_181,185,ra4,"We may use this information to enhance the information that we already maintain and to improve the accuracy of our records, in addition to other purposes described in this Policy.",Categories of Personal Information Collected,DB_181_S137;DB_181_S140,C3PA_Dataset/Annotations/DB/181.csv
DB_181,186,ra4,"We may use this information to enhance the information that we already maintain and to improve the accuracy of our records, in addition to other purposes described in this Policy.",Categories of Personal Information Shared / Disclosed,DB_181_S137;DB_181_S140,C3PA_Dataset/Annotations/DB/181.csv
DB_181,187,ra4,"We may use this information to enhance the information that we already maintain and to improve the accuracy of our records, in addition to other purposes described in this Policy.",Categories of Personal Information Sold,DB_181_S137;DB_181_S140,C3PA_Dataset/Annotations/DB/181.csv
DB_181,264,ra6,"The categories of Business Information that may be made available in the Public Directory include past or current name, company, company headquarters telephone number, office address, job title, and/or education information.",Categories of Personal Information Collected,DB_181_S36;DB_181_S177,C3PA_Dataset/Annotations/DB/181.csv
DB_181,274,ra6, I,Categories of Personal Information Collected,DB_181_S2;DB_181_S3;DB_181_S5;DB_181_S6;DB_181_S7;DB_181_S8;DB_181_S9;DB_181_S10;DB_181_S11;DB_181_S12;DB_181_S13;DB_181_S14;DB_181_S15;DB_181_S16;DB_181_S17;DB_181_S18;DB_181_S19;DB_181_S20;DB_181_S21;DB_181_S22;DB_181_S23;DB_181_S24;DB_181_S25;DB_181_S26;DB_181_S27;DB_181_S28;DB_181_S29;DB_181_S30;DB_181_S31;DB_181_S32;DB_181_S33;DB_181_S34;DB_181_S35;DB_181_S36;DB_181_S37;DB_181_S38;DB_181_S39;DB_181_S40;DB_181_S41;DB_181_S42;DB_181_S43;DB_181_S44;DB_181_S46;DB_181_S47;DB_181_S48;DB_181_S51;DB_181_S52;DB_181_S53;DB_181_S54;DB_181_S55;DB_181_S56;DB_181_S57;DB_181_S58;DB_181_S59;DB_181_S60;DB_181_S61;DB_181_S62;DB_181_S63;DB_181_S64;DB_181_S65;DB_181_S66;DB_181_S67;DB_181_S68;DB_181_S69;DB_181_S70;DB_181_S71;DB_181_S72;DB_181_S73;DB_181_S74;DB_181_S75;DB_181_S76;DB_181_S77;DB_181_S78;DB_181_S79;DB_181_S80;DB_181_S81;DB_181_S82;DB_181_S83;DB_181_S84;DB_181_S85;DB_181_S86;DB_181_S87;DB_181_S88;DB_181_S89;DB_181_S90;DB_181_S91;DB_181_S92;DB_181_S93;DB_181_S94;DB_181_S95;DB_181_S96;DB_181_S97;DB_181_S98;DB_181_S99;DB_181_S100;DB_181_S101;DB_181_S102;DB_181_S103;DB_181_S104;DB_181_S105;DB_181_S106;DB_181_S107;DB_181_S108;DB_181_S109;DB_181_S110;DB_181_S111;DB_181_S112;DB_181_S113;DB_181_S114;DB_181_S115;DB_181_S116;DB_181_S117;DB_181_S118;DB_181_S119;DB_181_S120;DB_181_S121;DB_181_S122;DB_181_S123;DB_181_S124;DB_181_S125;DB_181_S126;DB_181_S127;DB_181_S128;DB_181_S129;DB_181_S130;DB_181_S131;DB_181_S132;DB_181_S133;DB_181_S134;DB_181_S135;DB_181_S136;DB_181_S137;DB_181_S138;DB_181_S139;DB_181_S140;DB_181_S141;DB_181_S142;DB_181_S143;DB_181_S144;DB_181_S145;DB_181_S146;DB_181_S147;DB_181_S148;DB_181_S149;DB_181_S150;DB_181_S151;DB_181_S152;DB_181_S153;DB_181_S154;DB_181_S155;DB_181_S156;DB_181_S157;DB_181_S158;DB_181_S159;DB_181_S160;DB_181_S161;DB_181_S162;DB_181_S163;DB_181_S164;DB_181_S165;DB_181_S166;DB_181_S167;DB_181_S168;DB_181_S169;DB_181_S170;DB_181_S171;DB_181_S172;DB_181_S173;DB_181_S174;DB_181_S175;DB_181_S176;DB_181_S177;DB_181_S178;DB_181_S179;DB_181_S180;DB_181_S181;DB_181_S182;DB_181_S184;DB_181_S185;DB_181_S186;DB_181_S187;DB_181_S188;DB_181_S189;DB_181_S190;DB_181_S191;DB_181_S192;DB_181_S193;DB_181_S194;DB_181_S195;DB_181_S196;DB_181_S197;DB_181_S198;DB_181_S199;DB_181_S200;DB_181_S201;DB_181_S202;DB_181_S203;DB_181_S204;DB_181_S205;DB_181_S206;DB_181_S207;DB_181_S208;DB_181_S209;DB_181_S210;DB_181_S211;DB_181_S212;DB_181_S213;DB_181_S214;DB_181_S215;DB_181_S216;DB_181_S217;DB_181_S218;DB_181_S219;DB_181_S220;DB_181_S221;DB_181_S222;DB_181_S223;DB_181_S224;DB_181_S225;DB_181_S226;DB_181_S227;DB_181_S229;DB_181_S230;DB_181_S231;DB_181_S232;DB_181_S233;DB_181_S234;DB_181_S235;DB_181_S236;DB_181_S237;DB_181_S238;DB_181_S239;DB_181_S240;DB_181_S241;DB_181_S242;DB_181_S243;DB_181_S244;DB_181_S245;DB_181_S246;DB_181_S247;DB_181_S248;DB_181_S249;DB_181_S250;DB_181_S251;DB_181_S252;DB_181_S253;DB_181_S254;DB_181_S255;DB_181_S256;DB_181_S257;DB_181_S258;DB_181_S259;DB_181_S260;DB_181_S261;DB_181_S262;DB_181_S263;DB_181_S264;DB_181_S265;DB_181_S266;DB_181_S267;DB_181_S268;DB_181_S269;DB_181_S270;DB_181_S271;DB_181_S272;DB_181_S273;DB_181_S274;DB_181_S275;DB_181_S276;DB_181_S277;DB_181_S278;DB_181_S279;DB_181_S280;DB_181_S281;DB_181_S282;DB_181_S283;DB_181_S284;DB_181_S285;DB_181_S286;DB_181_S287;DB_181_S288;DB_181_S289;DB_181_S290;DB_181_S291;DB_181_S292;DB_181_S293;DB_181_S294;DB_181_S295;DB_181_S296;DB_181_S297;DB_181_S298;DB_181_S299;DB_181_S300;DB_181_S301;DB_181_S302;DB_181_S303;DB_181_S304;DB_181_S306;DB_181_S307;DB_181_S308;DB_181_S309;DB_181_S310;DB_181_S311;DB_181_S312;DB_181_S313;DB_181_S314;DB_181_S315;DB_181_S316;DB_181_S317;DB_181_S318;DB_181_S319;DB_181_S320;DB_181_S321;DB_181_S322;DB_181_S323;DB_181_S324;DB_181_S325;DB_181_S326;DB_181_S327;DB_181_S328;DB_181_S329;DB_181_S330;DB_181_S331;DB_181_S332;DB_181_S333;DB_181_S334;DB_181_S335;DB_181_S336;DB_181_S337;DB_181_S338;DB_181_S339;DB_181_S340;DB_181_S341;DB_181_S342;DB_181_S343;DB_181_S344;DB_181_S345;DB_181_S346;DB_181_S347;DB_181_S348;DB_181_S349;DB_181_S350;DB_181_S351;DB_181_S352;DB_181_S353;DB_181_S354;DB_181_S355;DB_181_S356;DB_181_S357;DB_181_S358;DB_181_S361;DB_181_S362;DB_181_S363;DB_181_S364;DB_181_S365;DB_181_S366;DB_181_S367;DB_181_S368;DB_181_S369;DB_181_S370;DB_181_S371;DB_181_S372;DB_181_S373;DB_181_S374;DB_181_S375;DB_181_S376;DB_181_S378;DB_181_S379;DB_181_S380;DB_181_S381;DB_181_S382;DB_181_S383;DB_181_S384;DB_181_S385;DB_181_S387;DB_181_S388;DB_181_S389;DB_181_S390;DB_181_S393;DB_181_S394;DB_181_S395;DB_181_S397;DB_181_S398;DB_181_S399;DB_181_S400,C3PA_Dataset/Annotations/DB/181.csv
DB_181,295,ra6,payments ,Categories of Personal Information Shared / Disclosed,DB_181_S184;DB_181_S185,C3PA_Dataset/Annotations/DB/181.csv
DB_182,257,ra6,delete or correct,Description of Right to Correct Information,DB_182_S132;DB_182_S436;DB_182_S503;DB_182_S504,C3PA_Dataset/Annotations/DB/182.csv
DB_182,258,ra6, delete or correct,Description of Right to Delete,DB_182_S132;DB_182_S436;DB_182_S503;DB_182_S504,C3PA_Dataset/Annotations/DB/182.csv
DB_183,9,ra5,We and our advertising partners use cookies on this website to improve the experience of your visit and provide you with personalized advertising from this website and other advertisers in AdRoll's network.,Description of Right to Know PI Collected,DB_183_S64;DB_183_S70,C3PA_Dataset/Annotations/DB/183.csv
DB_183,10,ra5,"We use cookies to enable core website functionality, and to improve your experience by providing insights into how the site is being used.",Categories of Personal Information Collected,DB_183_S61;DB_183_S67,C3PA_Dataset/Annotations/DB/183.csv
DB_183,11,ra5,We and our advertising partners use cookies on this website to improve the experience of your visit and provide you with personalized advertising from this website and other advertisers in AdRoll's network.,Description of Right to Know PI sold / shared,DB_183_S64;DB_183_S70,C3PA_Dataset/Annotations/DB/183.csv
DB_183,31,ra1,"We use cookies to enable core website functionality, and to improve your experience by providing insights into how the site is being used.",Categories of Personal Information Collected,DB_183_S61;DB_183_S67,C3PA_Dataset/Annotations/DB/183.csv
DB_183,32,ra1,"We use cookies to enable core website functionality, and to improve your experience by providing insights into how the site is being used.",Categories of Personal Information Collected,DB_183_S61;DB_183_S67,C3PA_Dataset/Annotations/DB/183.csv
DB_184,10,ra5,Data Subject Rights Page,Updated Privacy Policy,DB_184_S73;DB_184_S75;DB_184_S82,C3PA_Dataset/Annotations/DB/184.csv
DB_184,11,ra5,Data Subject Rights Page.,Updated Privacy Policy,DB_184_S73;DB_184_S75;DB_184_S82,C3PA_Dataset/Annotations/DB/184.csv
DB_184,12,ra5,Data Subject Rights Page,Updated Privacy Policy,DB_184_S73;DB_184_S75;DB_184_S82,C3PA_Dataset/Annotations/DB/184.csv
DB_185,43,ra4,Information Collected,Categories of Personal Information Collected,DB_185_S47;DB_185_S137,C3PA_Dataset/Annotations/DB/185.csv
DB_186,25,ra5,FROM CANDIDATES:,Description of Right to Know PI sold / shared,DB_186_S213;DB_186_S281,C3PA_Dataset/Annotations/DB/186.csv
DB_186,29,ra5,"FROM ALL (WEBSITE USERS, BUSINESS CONTACTS AND CANDIDATES):",Description of Right to Know PI sold / shared,DB_186_S223;DB_186_S285,C3PA_Dataset/Annotations/DB/186.csv
DB_186,65,ra5,Education Information,Categories of Personal Information Sold,DB_186_S216;DB_186_S564;DB_186_S646,C3PA_Dataset/Annotations/DB/186.csv
DB_186,66,ra5,Identifiers,Categories of Personal Information Sold,DB_186_S218;DB_186_S220;DB_186_S576;DB_186_S602;DB_186_S647;DB_186_S653;DB_186_S654;DB_186_S666;DB_186_S667,C3PA_Dataset/Annotations/DB/186.csv
DB_186,67,ra5,Inferences,Categories of Personal Information Sold,DB_186_S219;DB_186_S247;DB_186_S592;DB_186_S661;DB_186_S680,C3PA_Dataset/Annotations/DB/186.csv
DB_186,68,ra5,Online Identifiers,Categories of Personal Information Sold,DB_186_S220;DB_186_S602;DB_186_S666,C3PA_Dataset/Annotations/DB/186.csv
DB_186,69,ra5,Professional or Employment Information,Categories of Personal Information Sold,DB_186_S221;DB_186_S243;DB_186_S617;DB_186_S671,C3PA_Dataset/Annotations/DB/186.csv
DB_186,70,ra5,Protected Classification Characteristics ,Categories of Personal Information Sold,DB_186_S629;DB_186_S676,C3PA_Dataset/Annotations/DB/186.csv
DB_186,71,ra5,Protected Classification Characteristics ,Categories of Personal Information Shared / Disclosed,DB_186_S629;DB_186_S676,C3PA_Dataset/Annotations/DB/186.csv
DB_186,72,ra5,Professional or Employment Information,Categories of Personal Information Shared / Disclosed,DB_186_S221;DB_186_S243;DB_186_S617;DB_186_S671,C3PA_Dataset/Annotations/DB/186.csv
DB_186,73,ra5,Online Identifiers,Categories of Personal Information Shared / Disclosed,DB_186_S220;DB_186_S602;DB_186_S666,C3PA_Dataset/Annotations/DB/186.csv
DB_186,74,ra5,Inferences,Categories of Personal Information Shared / Disclosed,DB_186_S219;DB_186_S247;DB_186_S592;DB_186_S661;DB_186_S680,C3PA_Dataset/Annotations/DB/186.csv
DB_186,75,ra5,Identifiers,Categories of Personal Information Shared / Disclosed,DB_186_S218;DB_186_S220;DB_186_S576;DB_186_S602;DB_186_S647;DB_186_S653;DB_186_S654;DB_186_S666;DB_186_S667,C3PA_Dataset/Annotations/DB/186.csv
DB_186,76,ra5,Education Information,Categories of Personal Information Shared / Disclosed,DB_186_S216;DB_186_S564;DB_186_S646,C3PA_Dataset/Annotations/DB/186.csv
DB_186,83,ra5,Protected Classification Characteristics ,Categories of Personal Information Collected,DB_186_S629;DB_186_S676,C3PA_Dataset/Annotations/DB/186.csv
DB_186,84,ra5,Professional or Employment Information,Categories of Personal Information Collected,DB_186_S221;DB_186_S243;DB_186_S617;DB_186_S671,C3PA_Dataset/Annotations/DB/186.csv
DB_186,85,ra5,Online Identifiers,Categories of Personal Information Collected,DB_186_S220;DB_186_S602;DB_186_S666,C3PA_Dataset/Annotations/DB/186.csv
DB_186,86,ra5,Inferences,Categories of Personal Information Collected,DB_186_S219;DB_186_S247;DB_186_S592;DB_186_S661;DB_186_S680,C3PA_Dataset/Annotations/DB/186.csv
DB_186,87,ra5,Identifiers,Categories of Personal Information Collected,DB_186_S218;DB_186_S220;DB_186_S576;DB_186_S602;DB_186_S647;DB_186_S653;DB_186_S654;DB_186_S666;DB_186_S667,C3PA_Dataset/Annotations/DB/186.csv
DB_186,88,ra5,Education Information,Categories of Personal Information Collected,DB_186_S216;DB_186_S564;DB_186_S646,C3PA_Dataset/Annotations/DB/186.csv
DB_186,103,ra5,Business Customers,Description of Right to Know PI sold / shared,DB_186_S317;DB_186_S318;DB_186_S319;DB_186_S575;DB_186_S591;DB_186_S601;DB_186_S616;DB_186_S628;DB_186_S641,C3PA_Dataset/Annotations/DB/186.csv
DB_186,104,ra5,Business Customers,Description of Right to Know PI sold / shared,DB_186_S317;DB_186_S318;DB_186_S319;DB_186_S575;DB_186_S591;DB_186_S601;DB_186_S616;DB_186_S628;DB_186_S641,C3PA_Dataset/Annotations/DB/186.csv
DB_186,105,ra5,Business Customers,Description of Right to Know PI sold / shared,DB_186_S317;DB_186_S318;DB_186_S319;DB_186_S575;DB_186_S591;DB_186_S601;DB_186_S616;DB_186_S628;DB_186_S641,C3PA_Dataset/Annotations/DB/186.csv
DB_186,106,ra5,Business Customers,Description of Right to Know PI sold / shared,DB_186_S317;DB_186_S318;DB_186_S319;DB_186_S575;DB_186_S591;DB_186_S601;DB_186_S616;DB_186_S628;DB_186_S641,C3PA_Dataset/Annotations/DB/186.csv
DB_186,107,ra5,Business Customers,Description of Right to Know PI sold / shared,DB_186_S317;DB_186_S318;DB_186_S319;DB_186_S575;DB_186_S591;DB_186_S601;DB_186_S616;DB_186_S628;DB_186_S641,C3PA_Dataset/Annotations/DB/186.csv
DB_186,108,ra5,Business Customers,Description of Right to Know PI sold / shared,DB_186_S317;DB_186_S318;DB_186_S319;DB_186_S575;DB_186_S591;DB_186_S601;DB_186_S616;DB_186_S628;DB_186_S641,C3PA_Dataset/Annotations/DB/186.csv
DB_186,123,ra5,a,Categories of Personal Information Collected,DB_186_S1;DB_186_S2;DB_186_S3;DB_186_S4;DB_186_S6;DB_186_S7;DB_186_S8;DB_186_S10;DB_186_S11;DB_186_S12;DB_186_S15;DB_186_S16;DB_186_S18;DB_186_S19;DB_186_S22;DB_186_S25;DB_186_S28;DB_186_S29;DB_186_S31;DB_186_S32;DB_186_S35;DB_186_S36;DB_186_S38;DB_186_S41;DB_186_S44;DB_186_S46;DB_186_S47;DB_186_S48;DB_186_S50;DB_186_S51;DB_186_S52;DB_186_S55;DB_186_S58;DB_186_S59;DB_186_S60;DB_186_S61;DB_186_S63;DB_186_S64;DB_186_S65;DB_186_S67;DB_186_S69;DB_186_S70;DB_186_S71;DB_186_S73;DB_186_S74;DB_186_S76;DB_186_S77;DB_186_S78;DB_186_S80;DB_186_S83;DB_186_S84;DB_186_S86;DB_186_S87;DB_186_S90;DB_186_S91;DB_186_S93;DB_186_S94;DB_186_S95;DB_186_S97;DB_186_S98;DB_186_S101;DB_186_S102;DB_186_S103;DB_186_S104;DB_186_S106;DB_186_S109;DB_186_S110;DB_186_S115;DB_186_S116;DB_186_S120;DB_186_S121;DB_186_S124;DB_186_S127;DB_186_S130;DB_186_S132;DB_186_S133;DB_186_S134;DB_186_S138;DB_186_S139;DB_186_S141;DB_186_S144;DB_186_S147;DB_186_S149;DB_186_S150;DB_186_S153;DB_186_S154;DB_186_S156;DB_186_S157;DB_186_S158;DB_186_S159;DB_186_S160;DB_186_S161;DB_186_S162;DB_186_S163;DB_186_S164;DB_186_S165;DB_186_S167;DB_186_S168;DB_186_S169;DB_186_S170;DB_186_S171;DB_186_S172;DB_186_S173;DB_186_S174;DB_186_S175;DB_186_S176;DB_186_S177;DB_186_S178;DB_186_S179;DB_186_S180;DB_186_S181;DB_186_S182;DB_186_S183;DB_186_S184;DB_186_S185;DB_186_S186;DB_186_S187;DB_186_S188;DB_186_S189;DB_186_S190;DB_186_S191;DB_186_S192;DB_186_S193;DB_186_S194;DB_186_S195;DB_186_S197;DB_186_S198;DB_186_S199;DB_186_S200;DB_186_S201;DB_186_S202;DB_186_S203;DB_186_S204;DB_186_S205;DB_186_S206;DB_186_S207;DB_186_S208;DB_186_S209;DB_186_S210;DB_186_S211;DB_186_S212;DB_186_S213;DB_186_S214;DB_186_S215;DB_186_S216;DB_186_S217;DB_186_S218;DB_186_S219;DB_186_S220;DB_186_S221;DB_186_S222;DB_186_S223;DB_186_S224;DB_186_S225;DB_186_S226;DB_186_S227;DB_186_S228;DB_186_S229;DB_186_S230;DB_186_S231;DB_186_S232;DB_186_S233;DB_186_S234;DB_186_S235;DB_186_S236;DB_186_S237;DB_186_S238;DB_186_S239;DB_186_S240;DB_186_S241;DB_186_S242;DB_186_S243;DB_186_S244;DB_186_S245;DB_186_S246;DB_186_S247;DB_186_S248;DB_186_S249;DB_186_S250;DB_186_S251;DB_186_S253;DB_186_S254;DB_186_S255;DB_186_S256;DB_186_S257;DB_186_S258;DB_186_S259;DB_186_S260;DB_186_S261;DB_186_S262;DB_186_S263;DB_186_S264;DB_186_S265;DB_186_S266;DB_186_S267;DB_186_S268;DB_186_S269;DB_186_S270;DB_186_S271;DB_186_S272;DB_186_S273;DB_186_S274;DB_186_S275;DB_186_S276;DB_186_S277;DB_186_S278;DB_186_S279;DB_186_S280;DB_186_S281;DB_186_S282;DB_186_S283;DB_186_S284;DB_186_S285;DB_186_S286;DB_186_S287;DB_186_S288;DB_186_S289;DB_186_S290;DB_186_S291;DB_186_S293;DB_186_S294;DB_186_S295;DB_186_S296;DB_186_S297;DB_186_S298;DB_186_S299;DB_186_S300;DB_186_S301;DB_186_S302;DB_186_S303;DB_186_S304;DB_186_S305;DB_186_S306;DB_186_S307;DB_186_S308;DB_186_S309;DB_186_S310;DB_186_S311;DB_186_S312;DB_186_S313;DB_186_S314;DB_186_S315;DB_186_S316;DB_186_S318;DB_186_S319;DB_186_S320;DB_186_S321;DB_186_S322;DB_186_S323;DB_186_S324;DB_186_S325;DB_186_S326;DB_186_S327;DB_186_S328;DB_186_S329;DB_186_S330;DB_186_S331;DB_186_S332;DB_186_S333;DB_186_S334;DB_186_S335;DB_186_S336;DB_186_S337;DB_186_S338;DB_186_S339;DB_186_S340;DB_186_S341;DB_186_S342;DB_186_S343;DB_186_S344;DB_186_S345;DB_186_S346;DB_186_S347;DB_186_S348;DB_186_S349;DB_186_S350;DB_186_S351;DB_186_S352;DB_186_S353;DB_186_S354;DB_186_S355;DB_186_S356;DB_186_S357;DB_186_S358;DB_186_S359;DB_186_S360;DB_186_S361;DB_186_S362;DB_186_S363;DB_186_S364;DB_186_S365;DB_186_S366;DB_186_S367;DB_186_S368;DB_186_S369;DB_186_S370;DB_186_S371;DB_186_S372;DB_186_S373;DB_186_S374;DB_186_S375;DB_186_S376;DB_186_S377;DB_186_S378;DB_186_S379;DB_186_S380;DB_186_S381;DB_186_S382;DB_186_S383;DB_186_S384;DB_186_S385;DB_186_S386;DB_186_S387;DB_186_S388;DB_186_S389;DB_186_S390;DB_186_S391;DB_186_S392;DB_186_S393;DB_186_S394;DB_186_S395;DB_186_S396;DB_186_S397;DB_186_S398;DB_186_S399;DB_186_S400;DB_186_S401;DB_186_S403;DB_186_S404;DB_186_S405;DB_186_S406;DB_186_S407;DB_186_S408;DB_186_S409;DB_186_S410;DB_186_S411;DB_186_S412;DB_186_S413;DB_186_S414;DB_186_S415;DB_186_S416;DB_186_S417;DB_186_S418;DB_186_S419;DB_186_S420;DB_186_S421;DB_186_S422;DB_186_S423;DB_186_S424;DB_186_S425;DB_186_S426;DB_186_S427;DB_186_S429;DB_186_S430;DB_186_S432;DB_186_S433;DB_186_S434;DB_186_S435;DB_186_S436;DB_186_S437;DB_186_S438;DB_186_S439;DB_186_S440;DB_186_S441;DB_186_S442;DB_186_S443;DB_186_S444;DB_186_S445;DB_186_S446;DB_186_S447;DB_186_S448;DB_186_S449;DB_186_S450;DB_186_S451;DB_186_S452;DB_186_S453;DB_186_S454;DB_186_S455;DB_186_S456;DB_186_S457;DB_186_S458;DB_186_S459;DB_186_S460;DB_186_S462;DB_186_S463;DB_186_S464;DB_186_S465;DB_186_S466;DB_186_S467;DB_186_S469;DB_186_S470;DB_186_S471;DB_186_S472;DB_186_S473;DB_186_S475;DB_186_S476;DB_186_S477;DB_186_S478;DB_186_S480;DB_186_S482;DB_186_S483;DB_186_S484;DB_186_S485;DB_186_S486;DB_186_S488;DB_186_S490;DB_186_S491;DB_186_S492;DB_186_S493;DB_186_S495;DB_186_S496;DB_186_S497;DB_186_S498;DB_186_S499;DB_186_S500;DB_186_S501;DB_186_S502;DB_186_S503;DB_186_S504;DB_186_S507;DB_186_S508;DB_186_S509;DB_186_S510;DB_186_S511;DB_186_S512;DB_186_S513;DB_186_S514;DB_186_S515;DB_186_S516;DB_186_S517;DB_186_S518;DB_186_S519;DB_186_S520;DB_186_S521;DB_186_S522;DB_186_S523;DB_186_S524;DB_186_S525;DB_186_S526;DB_186_S527;DB_186_S528;DB_186_S529;DB_186_S530;DB_186_S531;DB_186_S532;DB_186_S533;DB_186_S534;DB_186_S536;DB_186_S537;DB_186_S538;DB_186_S539;DB_186_S540;DB_186_S541;DB_186_S542;DB_186_S543;DB_186_S545;DB_186_S546;DB_186_S547;DB_186_S548;DB_186_S549;DB_186_S550;DB_186_S551;DB_186_S552;DB_186_S553;DB_186_S554;DB_186_S555;DB_186_S556;DB_186_S557;DB_186_S558;DB_186_S559;DB_186_S562;DB_186_S563;DB_186_S564;DB_186_S565;DB_186_S568;DB_186_S569;DB_186_S570;DB_186_S571;DB_186_S572;DB_186_S573;DB_186_S574;DB_186_S578;DB_186_S579;DB_186_S581;DB_186_S582;DB_186_S583;DB_186_S584;DB_186_S585;DB_186_S586;DB_186_S587;DB_186_S588;DB_186_S589;DB_186_S590;DB_186_S593;DB_186_S594;DB_186_S595;DB_186_S596;DB_186_S597;DB_186_S598;DB_186_S599;DB_186_S600;DB_186_S603;DB_186_S604;DB_186_S605;DB_186_S606;DB_186_S607;DB_186_S608;DB_186_S609;DB_186_S610;DB_186_S611;DB_186_S612;DB_186_S613;DB_186_S614;DB_186_S615;DB_186_S617;DB_186_S619;DB_186_S621;DB_186_S622;DB_186_S623;DB_186_S624;DB_186_S625;DB_186_S626;DB_186_S627;DB_186_S629;DB_186_S631;DB_186_S632;DB_186_S634;DB_186_S635;DB_186_S636;DB_186_S637;DB_186_S638;DB_186_S639;DB_186_S640;DB_186_S642;DB_186_S643;DB_186_S644;DB_186_S645;DB_186_S646;DB_186_S647;DB_186_S648;DB_186_S649;DB_186_S650;DB_186_S651;DB_186_S652;DB_186_S654;DB_186_S655;DB_186_S656;DB_186_S657;DB_186_S659;DB_186_S660;DB_186_S662;DB_186_S663;DB_186_S664;DB_186_S665;DB_186_S667;DB_186_S668;DB_186_S669;DB_186_S670;DB_186_S671;DB_186_S672;DB_186_S673;DB_186_S675;DB_186_S676;DB_186_S677;DB_186_S679;DB_186_S680;DB_186_S681;DB_186_S683;DB_186_S684;DB_186_S686;DB_186_S689;DB_186_S690;DB_186_S691;DB_186_S692;DB_186_S693;DB_186_S697;DB_186_S700;DB_186_S701,C3PA_Dataset/Annotations/DB/186.csv
DB_186,152,ra4,FROM OUR WEBSITE USERS,Categories of Personal Information Collected,DB_186_S196;DB_186_S252;DB_186_S431;DB_186_S593,C3PA_Dataset/Annotations/DB/186.csv
DB_186,154,ra4,FROM OUR BUSINESS CONTACTS:,Categories of Personal Information Collected,DB_186_S199;DB_186_S258,C3PA_Dataset/Annotations/DB/186.csv
DB_186,157,ra4,FROM CANDIDATES:,Categories of Personal Information Collected,DB_186_S213;DB_186_S281,C3PA_Dataset/Annotations/DB/186.csv
DB_186,159,ra4,"FROM ALL (WEBSITE USERS, BUSINESS CONTACTS AND CANDIDATES):",Categories of Personal Information Collected,DB_186_S223;DB_186_S285,C3PA_Dataset/Annotations/DB/186.csv
DB_186,162,ra4,FROM OUR WEBSITE USERS:,Categories of Personal Information Collected,DB_186_S196;DB_186_S252,C3PA_Dataset/Annotations/DB/186.csv
DB_186,164,ra4,FROM OUR BUSINESS CONTACTS:,Categories of Personal Information Collected,DB_186_S199;DB_186_S258,C3PA_Dataset/Annotations/DB/186.csv
DB_186,166,ra4,FROM CANDIDATES:,Categories of Personal Information Collected,DB_186_S213;DB_186_S281,C3PA_Dataset/Annotations/DB/186.csv
DB_186,170,ra4,"FROM ALL (WEBSITE USERS, BUSINESS CONTACTS AND CANDIDATES):",Categories of Personal Information Collected,DB_186_S223;DB_186_S285,C3PA_Dataset/Annotations/DB/186.csv
DB_186,237,ra6,Stripe sets this cookie cookie to process payments.,Categories of Personal Information Collected,DB_186_S38;DB_186_S44,C3PA_Dataset/Annotations/DB/186.csv
DB_186,238,ra6,Stripe sets this cookie cookie to process payments.,Categories of Personal Information Collected,DB_186_S38;DB_186_S44,C3PA_Dataset/Annotations/DB/186.csv
DB_188,43,ra5,p,Categories of Personal Information Collected,DB_188_S3;DB_188_S9;DB_188_S11;DB_188_S14;DB_188_S15;DB_188_S16;DB_188_S17;DB_188_S19;DB_188_S20;DB_188_S21;DB_188_S22;DB_188_S23;DB_188_S25;DB_188_S26;DB_188_S27;DB_188_S28;DB_188_S30;DB_188_S34;DB_188_S37;DB_188_S38;DB_188_S41;DB_188_S42;DB_188_S43;DB_188_S44;DB_188_S45;DB_188_S46;DB_188_S50;DB_188_S52;DB_188_S53;DB_188_S54;DB_188_S55;DB_188_S56;DB_188_S57;DB_188_S58;DB_188_S59;DB_188_S62;DB_188_S64;DB_188_S66;DB_188_S68;DB_188_S69;DB_188_S70;DB_188_S72;DB_188_S74;DB_188_S75;DB_188_S76;DB_188_S77;DB_188_S78;DB_188_S79;DB_188_S80;DB_188_S81;DB_188_S84;DB_188_S85;DB_188_S86;DB_188_S87;DB_188_S90;DB_188_S91;DB_188_S92;DB_188_S93;DB_188_S95;DB_188_S96;DB_188_S98;DB_188_S99;DB_188_S100;DB_188_S101;DB_188_S102;DB_188_S103;DB_188_S105;DB_188_S106;DB_188_S107;DB_188_S109;DB_188_S110;DB_188_S112;DB_188_S113;DB_188_S114;DB_188_S115;DB_188_S118;DB_188_S120;DB_188_S121;DB_188_S122;DB_188_S123;DB_188_S125;DB_188_S126;DB_188_S127;DB_188_S128;DB_188_S130;DB_188_S131;DB_188_S132;DB_188_S133;DB_188_S134;DB_188_S135;DB_188_S136;DB_188_S137;DB_188_S138;DB_188_S139;DB_188_S140;DB_188_S143;DB_188_S145;DB_188_S146;DB_188_S147;DB_188_S150;DB_188_S151;DB_188_S152;DB_188_S153;DB_188_S154;DB_188_S156;DB_188_S157;DB_188_S158;DB_188_S163;DB_188_S164;DB_188_S165;DB_188_S166;DB_188_S167;DB_188_S168;DB_188_S169;DB_188_S170;DB_188_S171;DB_188_S172;DB_188_S173;DB_188_S174;DB_188_S175;DB_188_S177;DB_188_S178;DB_188_S179;DB_188_S181;DB_188_S182;DB_188_S183;DB_188_S187;DB_188_S188;DB_188_S189;DB_188_S190;DB_188_S191;DB_188_S194;DB_188_S195;DB_188_S196;DB_188_S198;DB_188_S201;DB_188_S202;DB_188_S204;DB_188_S205;DB_188_S206;DB_188_S207;DB_188_S209;DB_188_S210;DB_188_S211;DB_188_S213;DB_188_S214;DB_188_S216;DB_188_S219;DB_188_S220;DB_188_S222;DB_188_S224;DB_188_S227;DB_188_S228;DB_188_S229;DB_188_S230;DB_188_S231;DB_188_S232;DB_188_S233;DB_188_S234;DB_188_S235;DB_188_S236;DB_188_S239;DB_188_S240;DB_188_S242;DB_188_S243;DB_188_S244;DB_188_S245;DB_188_S246;DB_188_S247;DB_188_S248;DB_188_S250;DB_188_S251;DB_188_S252;DB_188_S253;DB_188_S254;DB_188_S255;DB_188_S256;DB_188_S257;DB_188_S259;DB_188_S261;DB_188_S262;DB_188_S263;DB_188_S264;DB_188_S265;DB_188_S266;DB_188_S267;DB_188_S268;DB_188_S269;DB_188_S270;DB_188_S272;DB_188_S273;DB_188_S274;DB_188_S276;DB_188_S277;DB_188_S278;DB_188_S279;DB_188_S280;DB_188_S281;DB_188_S282;DB_188_S283;DB_188_S286;DB_188_S290;DB_188_S291;DB_188_S292;DB_188_S293;DB_188_S296;DB_188_S297;DB_188_S298;DB_188_S299;DB_188_S302;DB_188_S303;DB_188_S304;DB_188_S305;DB_188_S306;DB_188_S307;DB_188_S308;DB_188_S309;DB_188_S310;DB_188_S311;DB_188_S312;DB_188_S314;DB_188_S315;DB_188_S316;DB_188_S317;DB_188_S318;DB_188_S319;DB_188_S320;DB_188_S322;DB_188_S324;DB_188_S325;DB_188_S326;DB_188_S327;DB_188_S328;DB_188_S329;DB_188_S330;DB_188_S331;DB_188_S332;DB_188_S334;DB_188_S335;DB_188_S336;DB_188_S337;DB_188_S338;DB_188_S339;DB_188_S341;DB_188_S342;DB_188_S343;DB_188_S344;DB_188_S345;DB_188_S347;DB_188_S348;DB_188_S349;DB_188_S350;DB_188_S351;DB_188_S352;DB_188_S353;DB_188_S354;DB_188_S355;DB_188_S356;DB_188_S357;DB_188_S358;DB_188_S359;DB_188_S360;DB_188_S361;DB_188_S362;DB_188_S366;DB_188_S367;DB_188_S368;DB_188_S369;DB_188_S370;DB_188_S371;DB_188_S372;DB_188_S373;DB_188_S374;DB_188_S376;DB_188_S377;DB_188_S378;DB_188_S379;DB_188_S380;DB_188_S381;DB_188_S382;DB_188_S383;DB_188_S385;DB_188_S386;DB_188_S387;DB_188_S388;DB_188_S389;DB_188_S393;DB_188_S394;DB_188_S395;DB_188_S396;DB_188_S397;DB_188_S398;DB_188_S399;DB_188_S400;DB_188_S401;DB_188_S403;DB_188_S404;DB_188_S405;DB_188_S406;DB_188_S407;DB_188_S408;DB_188_S409;DB_188_S411;DB_188_S412;DB_188_S413;DB_188_S414;DB_188_S415;DB_188_S417;DB_188_S418;DB_188_S419;DB_188_S420,C3PA_Dataset/Annotations/DB/188.csv
DB_188,182,ra1,Any data updated within our databases may be used and disclosed in accordance with the practices described in this Privacy Policy.,Categories of Personal Information Collected,DB_188_S107;DB_188_S110,C3PA_Dataset/Annotations/DB/188.csv
DB_188,183,ra1,Any data updated within our databases may be used and disclosed in accordance with the practices described in this Privacy Policy.,Categories of Personal Information Shared / Disclosed,DB_188_S107;DB_188_S110,C3PA_Dataset/Annotations/DB/188.csv
DB_188,190,ra1,Databases,Categories of Personal Information Shared / Disclosed,DB_188_S17;DB_188_S86;DB_188_S93;DB_188_S103;DB_188_S106;DB_188_S107;DB_188_S109;DB_188_S110;DB_188_S124;DB_188_S125;DB_188_S126;DB_188_S127;DB_188_S143;DB_188_S170;DB_188_S172;DB_188_S196;DB_188_S282;DB_188_S329;DB_188_S371;DB_188_S398,C3PA_Dataset/Annotations/DB/188.csv
DB_189,14,ra5,For a list of categories of personal information click here.,Categories of Personal Information Collected,DB_189_S101;DB_189_S145,C3PA_Dataset/Annotations/DB/189.csv
DB_189,15,ra5,For a list of categories of personal information click here.,Categories of Personal Information Shared / Disclosed,DB_189_S101;DB_189_S145,C3PA_Dataset/Annotations/DB/189.csv
DB_189,16,ra5,For a list of categories of personal information click here.,Categories of Personal Information Sold,DB_189_S101;DB_189_S145,C3PA_Dataset/Annotations/DB/189.csv
DB_189,57,ra4,EU-U.S. Privacy Shield Framework,Others,DB_189_S147;DB_189_S177;DB_189_S186,C3PA_Dataset/Annotations/DB/189.csv
DB_19,6,ra3,Data We Automatically Collect From Your Device,Categories of Personal Information Collected,DB_19_S93;DB_19_S568,C3PA_Dataset/Annotations/DB/19.csv
DB_19,19,ra3,"We collect information that identifies, relates to, describes, references, is capable of being associated with, or could reasonably be linked, directly or indirectly, with a particular consumer or device (“personal information”).",Categories of Personal Information Collected,DB_19_S304;DB_19_S782,C3PA_Dataset/Annotations/DB/19.csv
DB_19,21,ra3,Identifiers,Categories of Personal Information Collected,DB_19_S64;DB_19_S65;DB_19_S67;DB_19_S112;DB_19_S113;DB_19_S115;DB_19_S142;DB_19_S150;DB_19_S170;DB_19_S222;DB_19_S234;DB_19_S252;DB_19_S254;DB_19_S255;DB_19_S257;DB_19_S258;DB_19_S313;DB_19_S391;DB_19_S392;DB_19_S395;DB_19_S396;DB_19_S587;DB_19_S589;DB_19_S602;DB_19_S610;DB_19_S638;DB_19_S695;DB_19_S706;DB_19_S729;DB_19_S731;DB_19_S732;DB_19_S735;DB_19_S736;DB_19_S791;DB_19_S866,C3PA_Dataset/Annotations/DB/19.csv
DB_19,22,ra3,"Device IP address, email address, cookie string data, pseudonymous data (e.g. hashed emails), operating system, and your device type, and mobile device's identifier (such as the Apple IDFA or Android Advertising ID) and any other unique identifier that may be assigned to any device by third parties and cross-referenced to recognize a device.",Categories of Personal Information Collected,DB_19_S315;DB_19_S793,C3PA_Dataset/Annotations/DB/19.csv
DB_19,26,ra3,Protected classification characteristics under California or federal law,Categories of Personal Information Collected,DB_19_S326;DB_19_S804,C3PA_Dataset/Annotations/DB/19.csv
DB_19,28,ra3,Commercial information,Categories of Personal Information Collected,DB_19_S331;DB_19_S807;DB_19_S868,C3PA_Dataset/Annotations/DB/19.csv
DB_19,30,ra3,Biometric information,Categories of Personal Information Collected,DB_19_S336;DB_19_S812,C3PA_Dataset/Annotations/DB/19.csv
DB_19,31,ra3,Internet or other similar network activity,Categories of Personal Information Collected,DB_19_S339;DB_19_S815,C3PA_Dataset/Annotations/DB/19.csv
DB_19,34,ra3,"Non-personal information about one of our ads (e.g. the third party who served the ad, and the name of the ad) may be connected with browsing history or activity on our websites for the purposes of determining attribution information (e.g. whether particular ad led to a consumer visiting our website, and, if so, which particular ad campaign).",Categories of Personal Information Collected,DB_19_S344;DB_19_S820,C3PA_Dataset/Annotations/DB/19.csv
DB_19,35,ra3,Geolocation data,Categories of Personal Information Collected,DB_19_S346;DB_19_S822,C3PA_Dataset/Annotations/DB/19.csv
DB_19,36,ra3,Non-precise geolocation derived from IP address.,Categories of Personal Information Collected,DB_19_S348;DB_19_S824,C3PA_Dataset/Annotations/DB/19.csv
DB_19,37,ra3,"Directly from consumers, ad exchanges, publishers and supply-side platforms and Audience Partners.",Categories of Personal Information Collected,DB_19_S349;DB_19_S825,C3PA_Dataset/Annotations/DB/19.csv
DB_19,38,ra3,Sensory data,Categories of Personal Information Collected,DB_19_S351;DB_19_S827,C3PA_Dataset/Annotations/DB/19.csv
DB_19,39,ra3,Professional or employment-related information,Categories of Personal Information Collected,DB_19_S354;DB_19_S830,C3PA_Dataset/Annotations/DB/19.csv
DB_19,40,ra3,"Current or past job history, including details about the employer (industry, name, company location, company domain or URL), and employee (positions held, duration of employment, and office location of the company where the employee worked).",Categories of Personal Information Collected,DB_19_S356;DB_19_S832,C3PA_Dataset/Annotations/DB/19.csv
DB_19,41,ra3,Directly from third party data providers and Audience Partners.,Categories of Personal Information Collected,DB_19_S324;DB_19_S357,C3PA_Dataset/Annotations/DB/19.csv
DB_19,42,ra3,"Non-public education information (per the Family Educational Rights and Privacy Act (20 U.S.C. Section 1232g, 34 C.F.R Part 99))",Categories of Personal Information Collected,DB_19_S359;DB_19_S835,C3PA_Dataset/Annotations/DB/19.csv
DB_19,43,ra3,Inferences drawn from other personal information,Categories of Personal Information Collected,DB_19_S362;DB_19_S838,C3PA_Dataset/Annotations/DB/19.csv
DB_19,44,ra3,Creating profiles that reflect consumer preferences and interests.,Categories of Personal Information Collected,DB_19_S364;DB_19_S840,C3PA_Dataset/Annotations/DB/19.csv
DB_19,46,ra3,Sensitive personal information,Categories of Personal Information Collected,DB_19_S367;DB_19_S370;DB_19_S399;DB_19_S400;DB_19_S453;DB_19_S454,C3PA_Dataset/Annotations/DB/19.csv
DB_19,57,ra3,Right to Know and Data Portability Rights,Description of Right to Know PI Collected,DB_19_S405;DB_19_S878,C3PA_Dataset/Annotations/DB/19.csv
DB_19,58,ra3,You have the right to request that we disclose certain information to you about our collection and use of personal information over the past 12 months.,Description of Right to Correct Information,DB_19_S406;DB_19_S879,C3PA_Dataset/Annotations/DB/19.csv
DB_19,61,ra3,The specific pieces of personal information we collected about you (otherwise known as a data portability request),Description of Right to Know PI Collected,DB_19_S412;DB_19_S885,C3PA_Dataset/Annotations/DB/19.csv
DB_19,64,ra3,Right to Delete,Description of Right to Delete,DB_19_S416;DB_19_S889,C3PA_Dataset/Annotations/DB/19.csv
DB_19,67,ra3,We may deny your deletion request if retaining the information is necessary for us or our service provider(s) to:,Description of Right to Delete,DB_19_S419;DB_19_S892,C3PA_Dataset/Annotations/DB/19.csv
DB_19,69,ra3,Right to Correct,Description of Right to Correct Information,DB_19_S407;DB_19_S418;DB_19_S430;DB_19_S432;DB_19_S433;DB_19_S477,C3PA_Dataset/Annotations/DB/19.csv
DB_19,81,ra3,Non-Discrimination,Description of Right to Non-discrimination on exercising rights,DB_19_S463;DB_19_S927,C3PA_Dataset/Annotations/DB/19.csv
DB_19,83,ra3,Deny you goods or services;,Description of Right to Non-discrimination on exercising rights,DB_19_S466;DB_19_S930,C3PA_Dataset/Annotations/DB/19.csv
DB_19,93,ra3,"In Connection with a Sale of Our Business:  If a third party acquires some or all of our business or assets, we may disclose your information in connection with the sale (including during due diligence in preparation for the sale).",Categories of Personal Information Shared / Disclosed,DB_19_S176;DB_19_S644,C3PA_Dataset/Annotations/DB/19.csv
DB_19,97,ra3,"Complying with Legal Process:  To satisfy in good faith any applicable law, legal process or proper governmental request, such as to respond to a subpoena (whether civil or criminal) or similar process.",Categories of Personal Information Collected,DB_19_S161;DB_19_S632,C3PA_Dataset/Annotations/DB/19.csv
DB_19,104,ra5,Service Privacy Notice,Description of Right to Know PI Collected,DB_19_S1;DB_19_S5;DB_19_S7;DB_19_S26;DB_19_S45;DB_19_S173;DB_19_S208;DB_19_S272;DB_19_S287;DB_19_S300;DB_19_S489;DB_19_S491;DB_19_S492;DB_19_S493;DB_19_S498;DB_19_S518;DB_19_S549;DB_19_S597,C3PA_Dataset/Annotations/DB/19.csv
DB_19,129,ra5,ata from Advertising Partners: This is data that allows us to match the NextRoll cookie identifier with identifiers that may already be used by other companies in the digital advertising ecosystem that we work with (“Advertising Partners”).,Categories of Personal Information Collected,DB_19_S113;DB_19_S587,C3PA_Dataset/Annotations/DB/19.csv
DB_19,136,ra5,You may opt-out of cross-device interest-based targeting by employing the respective opt-out techniques we describe in Your Choices and Opting-Out of Targeted Ads,Methods to exercise rights,DB_19_S148;DB_19_S608,C3PA_Dataset/Annotations/DB/19.csv
DB_19,146,ra5,Cookies are small data files that are served by our platform and stored on your device.,Description of Right to Know PI Collected,DB_19_S187;DB_19_S658,C3PA_Dataset/Annotations/DB/19.csv
DB_19,147,ra5,"You can refuse consent to, or opt-out of, NextRoll cookies at any time, as explained in Your Choices and Opting-out of Interest-Based Advertising and Analytics below",Methods to exercise rights,DB_19_S188;DB_19_S659,C3PA_Dataset/Annotations/DB/19.csv
DB_19,150,ra5,We provide a list of our Advertising Pixel Partners here.,Description of Right to Know PI sold / shared,DB_19_S192;DB_19_S665,C3PA_Dataset/Annotations/DB/19.csv
DB_19,152,ra5,__adroll_post_connsent_css,Description of Right to Know PI Collected,DB_19_S204;DB_19_S677,C3PA_Dataset/Annotations/DB/19.csv
DB_19,213,ra4,Interest-Based Advertising,Categories of Personal Information Collected,DB_19_S7;DB_19_S18;DB_19_S41;DB_19_S43;DB_19_S47;DB_19_S48;DB_19_S50;DB_19_S51;DB_19_S63;DB_19_S134;DB_19_S188;DB_19_S208;DB_19_S210;DB_19_S212;DB_19_S214;DB_19_S227;DB_19_S233;DB_19_S287;DB_19_S454;DB_19_S483;DB_19_S527;DB_19_S596;DB_19_S659;DB_19_S681;DB_19_S683;DB_19_S685;DB_19_S687;DB_19_S700;DB_19_S706;DB_19_S765;DB_19_S863;DB_19_S864;DB_19_S926,C3PA_Dataset/Annotations/DB/19.csv
DB_19,214,ra4,Interest-Based Advertising,Categories of Personal Information Shared / Disclosed,DB_19_S7;DB_19_S18;DB_19_S41;DB_19_S43;DB_19_S47;DB_19_S48;DB_19_S50;DB_19_S51;DB_19_S63;DB_19_S134;DB_19_S188;DB_19_S208;DB_19_S210;DB_19_S212;DB_19_S214;DB_19_S227;DB_19_S233;DB_19_S287;DB_19_S454;DB_19_S483;DB_19_S527;DB_19_S596;DB_19_S659;DB_19_S681;DB_19_S683;DB_19_S685;DB_19_S687;DB_19_S700;DB_19_S706;DB_19_S765;DB_19_S863;DB_19_S864;DB_19_S926,C3PA_Dataset/Annotations/DB/19.csv
DB_19,215,ra4,Interest-Based Advertising,Categories of Personal Information Sold,DB_19_S7;DB_19_S18;DB_19_S41;DB_19_S43;DB_19_S47;DB_19_S48;DB_19_S50;DB_19_S51;DB_19_S63;DB_19_S134;DB_19_S188;DB_19_S208;DB_19_S210;DB_19_S212;DB_19_S214;DB_19_S227;DB_19_S233;DB_19_S287;DB_19_S454;DB_19_S483;DB_19_S527;DB_19_S596;DB_19_S659;DB_19_S681;DB_19_S683;DB_19_S685;DB_19_S687;DB_19_S700;DB_19_S706;DB_19_S765;DB_19_S863;DB_19_S864;DB_19_S926,C3PA_Dataset/Annotations/DB/19.csv
DB_19,216,ra4,Measurement and Attribution,Categories of Personal Information Collected,DB_19_S38;DB_19_S62;DB_19_S545,C3PA_Dataset/Annotations/DB/19.csv
DB_19,217,ra4,Measurement and Attribution,Categories of Personal Information Shared / Disclosed,DB_19_S38;DB_19_S62;DB_19_S545,C3PA_Dataset/Annotations/DB/19.csv
DB_19,218,ra4,Measurement and Attribution,Categories of Personal Information Sold,DB_19_S38;DB_19_S62;DB_19_S545,C3PA_Dataset/Annotations/DB/19.csv
DB_19,234,ra4,Hashed email addresses,Categories of Personal Information Collected,DB_19_S86;DB_19_S170;DB_19_S259;DB_19_S560;DB_19_S638,C3PA_Dataset/Annotations/DB/19.csv
DB_19,236,ra4,Data We Automatically Collect From Your Device,Categories of Personal Information Collected,DB_19_S93;DB_19_S568,C3PA_Dataset/Annotations/DB/19.csv
DB_19,237,ra4,Cookies:,Categories of Personal Information Collected,DB_19_S95;DB_19_S569,C3PA_Dataset/Annotations/DB/19.csv
DB_19,238,ra4,Device Information:,Categories of Personal Information Collected,DB_19_S96;DB_19_S570,C3PA_Dataset/Annotations/DB/19.csv
DB_19,239,ra4,IP Address,Categories of Personal Information Collected,DB_19_S67;DB_19_S69;DB_19_S98;DB_19_S99;DB_19_S152;DB_19_S208;DB_19_S256;DB_19_S315;DB_19_S348;DB_19_S570;DB_19_S572;DB_19_S573;DB_19_S612;DB_19_S681;DB_19_S734;DB_19_S793;DB_19_S824,C3PA_Dataset/Annotations/DB/19.csv
DB_19,240,ra4,Location Data,Categories of Personal Information Collected,DB_19_S99;DB_19_S346;DB_19_S573;DB_19_S574;DB_19_S822,C3PA_Dataset/Annotations/DB/19.csv
DB_19,241,ra4,Browser Data,Categories of Personal Information Collected,DB_19_S101;DB_19_S576,C3PA_Dataset/Annotations/DB/19.csv
DB_19,243,ra4,Ad Data,Categories of Personal Information Collected,DB_19_S104;DB_19_S580;DB_19_S728,C3PA_Dataset/Annotations/DB/19.csv
DB_19,244,ra4,Data We Collect From Third Party Sources,Categories of Personal Information Collected,DB_19_S107;DB_19_S583,C3PA_Dataset/Annotations/DB/19.csv
DB_19,246,ra4,Data from Audience Partners,Categories of Personal Information Collected,DB_19_S109;DB_19_S584;DB_19_S598,C3PA_Dataset/Annotations/DB/19.csv
DB_19,247,ra4,Data from Advertising Partners,Categories of Personal Information Collected,DB_19_S113;DB_19_S587,C3PA_Dataset/Annotations/DB/19.csv
DB_19,249,ra4,Contact data from third parties,Categories of Personal Information Collected,DB_19_S123;DB_19_S590,C3PA_Dataset/Annotations/DB/19.csv
DB_19,256,ra4,Hashed email addresses,Categories of Personal Information Shared / Disclosed,DB_19_S86;DB_19_S170;DB_19_S259;DB_19_S560;DB_19_S638,C3PA_Dataset/Annotations/DB/19.csv
DB_19,257,ra4,Hashed email addresses,Categories of Personal Information Sold,DB_19_S86;DB_19_S170;DB_19_S259;DB_19_S560;DB_19_S638,C3PA_Dataset/Annotations/DB/19.csv
DB_19,260,ra4,Data We Automatically Collect From Your Device,Categories of Personal Information Shared / Disclosed,DB_19_S93;DB_19_S568,C3PA_Dataset/Annotations/DB/19.csv
DB_19,261,ra4,Data We Automatically Collect From Your Device,Categories of Personal Information Sold,DB_19_S93;DB_19_S568,C3PA_Dataset/Annotations/DB/19.csv
DB_19,262,ra4,Cookies,Categories of Personal Information Shared / Disclosed,DB_19_S16;DB_19_S95;DB_19_S184;DB_19_S186;DB_19_S187;DB_19_S188;DB_19_S190;DB_19_S191;DB_19_S193;DB_19_S196;DB_19_S197;DB_19_S198;DB_19_S209;DB_19_S221;DB_19_S252;DB_19_S290;DB_19_S525;DB_19_S569;DB_19_S653;DB_19_S655;DB_19_S657;DB_19_S658;DB_19_S659;DB_19_S660;DB_19_S661;DB_19_S663;DB_19_S664;DB_19_S666;DB_19_S669;DB_19_S670;DB_19_S671;DB_19_S682;DB_19_S694;DB_19_S706;DB_19_S768,C3PA_Dataset/Annotations/DB/19.csv
DB_19,263,ra4,Cookies,Categories of Personal Information Sold,DB_19_S16;DB_19_S95;DB_19_S184;DB_19_S186;DB_19_S187;DB_19_S188;DB_19_S190;DB_19_S191;DB_19_S193;DB_19_S196;DB_19_S197;DB_19_S198;DB_19_S209;DB_19_S221;DB_19_S252;DB_19_S290;DB_19_S525;DB_19_S569;DB_19_S653;DB_19_S655;DB_19_S657;DB_19_S658;DB_19_S659;DB_19_S660;DB_19_S661;DB_19_S663;DB_19_S664;DB_19_S666;DB_19_S669;DB_19_S670;DB_19_S671;DB_19_S682;DB_19_S694;DB_19_S706;DB_19_S768,C3PA_Dataset/Annotations/DB/19.csv
DB_19,264,ra4,Device Information,Categories of Personal Information Shared / Disclosed,DB_19_S96;DB_19_S570,C3PA_Dataset/Annotations/DB/19.csv
DB_19,265,ra4,Device Information,Categories of Personal Information Sold,DB_19_S96;DB_19_S570,C3PA_Dataset/Annotations/DB/19.csv
DB_19,266,ra4,IP Address,Categories of Personal Information Shared / Disclosed,DB_19_S67;DB_19_S69;DB_19_S98;DB_19_S99;DB_19_S152;DB_19_S208;DB_19_S256;DB_19_S315;DB_19_S348;DB_19_S570;DB_19_S572;DB_19_S573;DB_19_S612;DB_19_S681;DB_19_S734;DB_19_S793;DB_19_S824,C3PA_Dataset/Annotations/DB/19.csv
DB_19,267,ra4,IP Address,Categories of Personal Information Sold,DB_19_S67;DB_19_S69;DB_19_S98;DB_19_S99;DB_19_S152;DB_19_S208;DB_19_S256;DB_19_S315;DB_19_S348;DB_19_S570;DB_19_S572;DB_19_S573;DB_19_S612;DB_19_S681;DB_19_S734;DB_19_S793;DB_19_S824,C3PA_Dataset/Annotations/DB/19.csv
DB_19,268,ra4,Location Data,Categories of Personal Information Shared / Disclosed,DB_19_S99;DB_19_S346;DB_19_S573;DB_19_S574;DB_19_S822,C3PA_Dataset/Annotations/DB/19.csv
DB_19,269,ra4,Location Data,Categories of Personal Information Sold,DB_19_S99;DB_19_S346;DB_19_S573;DB_19_S574;DB_19_S822,C3PA_Dataset/Annotations/DB/19.csv
DB_19,270,ra4,Browser Data,Categories of Personal Information Shared / Disclosed,DB_19_S101;DB_19_S576,C3PA_Dataset/Annotations/DB/19.csv
DB_19,271,ra4,Browser Data,Categories of Personal Information Sold,DB_19_S101;DB_19_S576,C3PA_Dataset/Annotations/DB/19.csv
DB_19,274,ra4,Ad Data,Categories of Personal Information Shared / Disclosed,DB_19_S104;DB_19_S580;DB_19_S728,C3PA_Dataset/Annotations/DB/19.csv
DB_19,275,ra4,Ad Data,Categories of Personal Information Sold,DB_19_S104;DB_19_S580;DB_19_S728,C3PA_Dataset/Annotations/DB/19.csv
DB_19,276,ra4,Data We Collect From Third Party Sources,Categories of Personal Information Shared / Disclosed,DB_19_S107;DB_19_S583,C3PA_Dataset/Annotations/DB/19.csv
DB_19,277,ra4,Data We Collect From Third Party Sources,Categories of Personal Information Sold,DB_19_S107;DB_19_S583,C3PA_Dataset/Annotations/DB/19.csv
DB_19,280,ra4,Data from Audience Partners,Categories of Personal Information Shared / Disclosed,DB_19_S109;DB_19_S584;DB_19_S598,C3PA_Dataset/Annotations/DB/19.csv
DB_19,281,ra4,Data from Audience Partners,Categories of Personal Information Sold,DB_19_S109;DB_19_S584;DB_19_S598,C3PA_Dataset/Annotations/DB/19.csv
DB_19,282,ra4,Data from Advertising Partners,Categories of Personal Information Shared / Disclosed,DB_19_S113;DB_19_S587,C3PA_Dataset/Annotations/DB/19.csv
DB_19,283,ra4,Data from Advertising Partners,Categories of Personal Information Sold,DB_19_S113;DB_19_S587,C3PA_Dataset/Annotations/DB/19.csv
DB_19,286,ra4,Contact data from third parties,Categories of Personal Information Shared / Disclosed,DB_19_S123;DB_19_S590,C3PA_Dataset/Annotations/DB/19.csv
DB_19,287,ra4,Contact data from third parties,Categories of Personal Information Sold,DB_19_S123;DB_19_S590,C3PA_Dataset/Annotations/DB/19.csv
DB_19,294,ra4,"For example, we work with ad exchanges, publishers and supply side platforms (i.e. companies that sell advertising space on publishers’ websites) in order to serve our ads.",Categories of Personal Information Collected,DB_19_S114;DB_19_S588,C3PA_Dataset/Annotations/DB/19.csv
DB_19,295,ra4,"For example, we work with ad exchanges, publishers and supply side platforms (i.e. companies that sell advertising space on publishers’ websites) in order to serve our ads.",Categories of Personal Information Shared / Disclosed,DB_19_S114;DB_19_S588,C3PA_Dataset/Annotations/DB/19.csv
DB_19,296,ra4,"For example, we work with ad exchanges, publishers and supply side platforms (i.e. companies that sell advertising space on publishers’ websites) in order to serve our ads.",Categories of Personal Information Sold,DB_19_S114;DB_19_S588,C3PA_Dataset/Annotations/DB/19.csv
DB_19,308,ra4,Segmenting Audiences,Categories of Personal Information Collected,DB_19_S136;DB_19_S598,C3PA_Dataset/Annotations/DB/19.csv
DB_19,309,ra4,Ad Delivery,Categories of Personal Information Collected,DB_19_S138;DB_19_S599,C3PA_Dataset/Annotations/DB/19.csv
DB_19,310,ra4,Frequency Capping,Categories of Personal Information Collected,DB_19_S139;DB_19_S600,C3PA_Dataset/Annotations/DB/19.csv
DB_19,311,ra4,Sequencing,Categories of Personal Information Collected,DB_19_S141;DB_19_S601,C3PA_Dataset/Annotations/DB/19.csv
DB_19,312,ra4,Mapping data to Our Cross-Device Asset,Categories of Personal Information Collected,DB_19_S142;DB_19_S602,C3PA_Dataset/Annotations/DB/19.csv
DB_19,313,ra4,Cross-device matching,Categories of Personal Information Collected,DB_19_S89;DB_19_S90;DB_19_S144;DB_19_S145;DB_19_S149;DB_19_S564;DB_19_S565;DB_19_S604;DB_19_S605;DB_19_S609,C3PA_Dataset/Annotations/DB/19.csv
DB_19,314,ra4,Syncing Online Identifiers with Customer CRM Data,Categories of Personal Information Collected,DB_19_S150;DB_19_S610,C3PA_Dataset/Annotations/DB/19.csv
DB_19,315,ra4,Identifying Companies Associated with an IP Range for B2B marketing,Categories of Personal Information Collected,DB_19_S152;DB_19_S612,C3PA_Dataset/Annotations/DB/19.csv
DB_19,316,ra4,Reporting and Attribution,Categories of Personal Information Collected,DB_19_S153;DB_19_S613,C3PA_Dataset/Annotations/DB/19.csv
DB_19,318,ra4,Conducting Our Corporate Operations,Categories of Personal Information Collected,DB_19_S159;DB_19_S630,C3PA_Dataset/Annotations/DB/19.csv
DB_19,319,ra4,Complying with Legal Process,Categories of Personal Information Collected,DB_19_S161;DB_19_S632,C3PA_Dataset/Annotations/DB/19.csv
DB_19,320,ra4,Investigating Wrongdoing and Protecting Ourselves or Third Parties,Categories of Personal Information Collected,DB_19_S162;DB_19_S633,C3PA_Dataset/Annotations/DB/19.csv
DB_19,321,ra4,Complying with Legal Process,Categories of Personal Information Shared / Disclosed,DB_19_S161;DB_19_S632,C3PA_Dataset/Annotations/DB/19.csv
DB_19,322,ra4,Conducting Our Corporate Operations,Categories of Personal Information Shared / Disclosed,DB_19_S159;DB_19_S630,C3PA_Dataset/Annotations/DB/19.csv
DB_19,323,ra4,Conducting Our Corporate Operations,Categories of Personal Information Sold,DB_19_S159;DB_19_S630,C3PA_Dataset/Annotations/DB/19.csv
DB_19,324,ra4,Investigating Wrongdoing and Protecting Ourselves or Third Parties,Categories of Personal Information Shared / Disclosed,DB_19_S162;DB_19_S633,C3PA_Dataset/Annotations/DB/19.csv
DB_19,325,ra4,Investigating Wrongdoing and Protecting Ourselves or Third Parties,Categories of Personal Information Sold,DB_19_S162;DB_19_S633,C3PA_Dataset/Annotations/DB/19.csv
DB_19,326,ra4,Complying with Legal Process,Categories of Personal Information Sold,DB_19_S161;DB_19_S632,C3PA_Dataset/Annotations/DB/19.csv
DB_19,329,ra4,Reporting and Attribution,Categories of Personal Information Shared / Disclosed,DB_19_S153;DB_19_S613,C3PA_Dataset/Annotations/DB/19.csv
DB_19,330,ra4,Reporting and Attribution,Categories of Personal Information Sold,DB_19_S153;DB_19_S613,C3PA_Dataset/Annotations/DB/19.csv
DB_19,334,ra4,Identifying Companies Associated with an IP Range for B2B marketing,Categories of Personal Information Shared / Disclosed,DB_19_S152;DB_19_S612,C3PA_Dataset/Annotations/DB/19.csv
DB_19,335,ra4,Identifying Companies Associated with an IP Range for B2B marketing,Categories of Personal Information Sold,DB_19_S152;DB_19_S612,C3PA_Dataset/Annotations/DB/19.csv
DB_19,336,ra4,Syncing Online Identifiers with Customer CRM Data,Categories of Personal Information Shared / Disclosed,DB_19_S150;DB_19_S610,C3PA_Dataset/Annotations/DB/19.csv
DB_19,337,ra4,Syncing Online Identifiers with Customer CRM Data,Categories of Personal Information Sold,DB_19_S150;DB_19_S610,C3PA_Dataset/Annotations/DB/19.csv
DB_19,338,ra4,Cross-device matching,Categories of Personal Information Shared / Disclosed,DB_19_S89;DB_19_S90;DB_19_S144;DB_19_S145;DB_19_S149;DB_19_S564;DB_19_S565;DB_19_S604;DB_19_S605;DB_19_S609,C3PA_Dataset/Annotations/DB/19.csv
DB_19,339,ra4,Cross-device matching,Categories of Personal Information Sold,DB_19_S89;DB_19_S90;DB_19_S144;DB_19_S145;DB_19_S149;DB_19_S564;DB_19_S565;DB_19_S604;DB_19_S605;DB_19_S609,C3PA_Dataset/Annotations/DB/19.csv
DB_19,340,ra4,"Identifying different devices and browsers that are likely to be associated with you so that ads can be targeted, capped and sequenced across those devices, and so that campaign effectiveness can be measured and analyzed.",Categories of Personal Information Collected,DB_19_S144;DB_19_S604,C3PA_Dataset/Annotations/DB/19.csv
DB_19,341,ra4,"Identifying different devices and browsers that are likely to be associated with you so that ads can be targeted, capped and sequenced across those devices, and so that campaign effectiveness can be measured and analyzed.",Categories of Personal Information Shared / Disclosed,DB_19_S144;DB_19_S604,C3PA_Dataset/Annotations/DB/19.csv
DB_19,342,ra4,"Identifying different devices and browsers that are likely to be associated with you so that ads can be targeted, capped and sequenced across those devices, and so that campaign effectiveness can be measured and analyzed.",Categories of Personal Information Sold,DB_19_S144;DB_19_S604,C3PA_Dataset/Annotations/DB/19.csv
DB_19,343,ra4,Mapping data to Our Cross-Device Asset,Categories of Personal Information Shared / Disclosed,DB_19_S142;DB_19_S602,C3PA_Dataset/Annotations/DB/19.csv
DB_19,344,ra4,Mapping data to Our Cross-Device Asset,Categories of Personal Information Sold,DB_19_S142;DB_19_S602,C3PA_Dataset/Annotations/DB/19.csv
DB_19,345,ra4,Sequencing,Categories of Personal Information Shared / Disclosed,DB_19_S141;DB_19_S601,C3PA_Dataset/Annotations/DB/19.csv
DB_19,346,ra4,Sequencing,Categories of Personal Information Sold,DB_19_S141;DB_19_S601,C3PA_Dataset/Annotations/DB/19.csv
DB_19,347,ra4,Frequency Capping,Categories of Personal Information Shared / Disclosed,DB_19_S139;DB_19_S600,C3PA_Dataset/Annotations/DB/19.csv
DB_19,348,ra4,Frequency Capping,Categories of Personal Information Sold,DB_19_S139;DB_19_S600,C3PA_Dataset/Annotations/DB/19.csv
DB_19,349,ra4,Ad Delivery,Categories of Personal Information Shared / Disclosed,DB_19_S138;DB_19_S599,C3PA_Dataset/Annotations/DB/19.csv
DB_19,350,ra4,Ad Delivery,Categories of Personal Information Sold,DB_19_S138;DB_19_S599,C3PA_Dataset/Annotations/DB/19.csv
DB_19,351,ra4,Segmenting Audiences,Categories of Personal Information Shared / Disclosed,DB_19_S136;DB_19_S598,C3PA_Dataset/Annotations/DB/19.csv
DB_19,352,ra4,Segmenting Audiences,Categories of Personal Information Sold,DB_19_S136;DB_19_S598,C3PA_Dataset/Annotations/DB/19.csv
DB_19,377,ra4,Information We Collect and the Purposes for Which this Information is Used,Categories of Personal Information Collected,DB_19_S303;DB_19_S401;DB_19_S781,C3PA_Dataset/Annotations/DB/19.csv
DB_19,379,ra4,Information We Collect and the Purposes for Which this Information is Used,Categories of Personal Information Shared / Disclosed,DB_19_S303;DB_19_S401;DB_19_S781,C3PA_Dataset/Annotations/DB/19.csv
DB_19,380,ra4,Information We Collect and the Purposes for Which this Information is Used,Categories of Personal Information Sold,DB_19_S303;DB_19_S401;DB_19_S781,C3PA_Dataset/Annotations/DB/19.csv
DB_19,383,ra4,Purposes for Which Personal Information is Collected,Categories of Personal Information Collected,DB_19_S377;DB_19_S387;DB_19_S848;DB_19_S862,C3PA_Dataset/Annotations/DB/19.csv
DB_19,384,ra4,Purposes for Which Personal Information is Collected,Categories of Personal Information Shared / Disclosed,DB_19_S377;DB_19_S387;DB_19_S848;DB_19_S862,C3PA_Dataset/Annotations/DB/19.csv
DB_19,385,ra4,Purposes for Which Personal Information is Collected,Categories of Personal Information Sold,DB_19_S377;DB_19_S387;DB_19_S848;DB_19_S862,C3PA_Dataset/Annotations/DB/19.csv
DB_190,85,ra4,(a) What information we collect and why,Categories of Personal Information Collected,DB_190_S48;DB_190_S89;DB_190_S181,C3PA_Dataset/Annotations/DB/190.csv
DB_190,100,ra4,UUID,Categories of Personal Information Collected,DB_190_S90;DB_190_S93;DB_190_S94;DB_190_S97;DB_190_S98;DB_190_S99;DB_190_S100;DB_190_S101;DB_190_S102;DB_190_S103;DB_190_S104;DB_190_S107;DB_190_S109;DB_190_S111;DB_190_S112;DB_190_S120;DB_190_S121;DB_190_S122;DB_190_S123;DB_190_S136;DB_190_S169;DB_190_S171;DB_190_S231,C3PA_Dataset/Annotations/DB/190.csv
DB_190,101,ra4,UUID,Categories of Personal Information Shared / Disclosed,DB_190_S90;DB_190_S93;DB_190_S94;DB_190_S97;DB_190_S98;DB_190_S99;DB_190_S100;DB_190_S101;DB_190_S102;DB_190_S103;DB_190_S104;DB_190_S107;DB_190_S109;DB_190_S111;DB_190_S112;DB_190_S120;DB_190_S121;DB_190_S122;DB_190_S123;DB_190_S136;DB_190_S169;DB_190_S171;DB_190_S231,C3PA_Dataset/Annotations/DB/190.csv
DB_190,102,ra4,UUID,Categories of Personal Information Sold,DB_190_S90;DB_190_S93;DB_190_S94;DB_190_S97;DB_190_S98;DB_190_S99;DB_190_S100;DB_190_S101;DB_190_S102;DB_190_S103;DB_190_S104;DB_190_S107;DB_190_S109;DB_190_S111;DB_190_S112;DB_190_S120;DB_190_S121;DB_190_S122;DB_190_S123;DB_190_S136;DB_190_S169;DB_190_S171;DB_190_S231,C3PA_Dataset/Annotations/DB/190.csv
DB_190,109,ra4,IP Address,Categories of Personal Information Collected,DB_190_S50;DB_190_S90;DB_190_S106;DB_190_S107;DB_190_S109;DB_190_S111,C3PA_Dataset/Annotations/DB/190.csv
DB_190,110,ra4,IP Address,Categories of Personal Information Shared / Disclosed,DB_190_S50;DB_190_S90;DB_190_S106;DB_190_S107;DB_190_S109;DB_190_S111,C3PA_Dataset/Annotations/DB/190.csv
DB_190,111,ra4,IP Address,Categories of Personal Information Sold,DB_190_S50;DB_190_S90;DB_190_S106;DB_190_S107;DB_190_S109;DB_190_S111,C3PA_Dataset/Annotations/DB/190.csv
DB_190,115,ra4,Other Usage Information,Categories of Personal Information Collected,DB_190_S90;DB_190_S110,C3PA_Dataset/Annotations/DB/190.csv
DB_190,116,ra4,Other Usage Information,Categories of Personal Information Shared / Disclosed,DB_190_S90;DB_190_S110,C3PA_Dataset/Annotations/DB/190.csv
DB_190,117,ra4,Other Usage Information,Categories of Personal Information Sold,DB_190_S90;DB_190_S110,C3PA_Dataset/Annotations/DB/190.csv
DB_190,121,ra4,(b) What cookies and other similar technologies we use,Categories of Personal Information Collected,DB_190_S52;DB_190_S115;DB_190_S191,C3PA_Dataset/Annotations/DB/190.csv
DB_190,122,ra4,(b) What cookies and other similar technologies we use,Categories of Personal Information Shared / Disclosed,DB_190_S52;DB_190_S115;DB_190_S191,C3PA_Dataset/Annotations/DB/190.csv
DB_190,123,ra4,(b) What cookies and other similar technologies we use,Categories of Personal Information Sold,DB_190_S52;DB_190_S115;DB_190_S191,C3PA_Dataset/Annotations/DB/190.csv
DB_190,129,ra4,Business Partners,Categories of Personal Information Collected,DB_190_S179;DB_190_S192;DB_190_S201;DB_190_S208;DB_190_S209;DB_190_S332;DB_190_S335;DB_190_S336;DB_190_S337,C3PA_Dataset/Annotations/DB/190.csv
DB_190,130,ra4,Business Partners,Categories of Personal Information Shared / Disclosed,DB_190_S179;DB_190_S192;DB_190_S201;DB_190_S208;DB_190_S209;DB_190_S332;DB_190_S335;DB_190_S336;DB_190_S337,C3PA_Dataset/Annotations/DB/190.csv
DB_190,131,ra4,Business Partners,Categories of Personal Information Sold,DB_190_S179;DB_190_S192;DB_190_S201;DB_190_S208;DB_190_S209;DB_190_S332;DB_190_S335;DB_190_S336;DB_190_S337,C3PA_Dataset/Annotations/DB/190.csv
DB_190,132,ra4,(a) What information we collect and why,Categories of Personal Information Collected,DB_190_S48;DB_190_S89;DB_190_S181,C3PA_Dataset/Annotations/DB/190.csv
DB_190,133,ra4,(a) What information we collect and why,Categories of Personal Information Shared / Disclosed,DB_190_S48;DB_190_S89;DB_190_S181,C3PA_Dataset/Annotations/DB/190.csv
DB_190,134,ra4,(a) What information we collect and why,Categories of Personal Information Sold,DB_190_S48;DB_190_S89;DB_190_S181,C3PA_Dataset/Annotations/DB/190.csv
DB_191,6,ra5,l,Categories of Personal Information Sold,DB_191_S2;DB_191_S3;DB_191_S4;DB_191_S5;DB_191_S6;DB_191_S8;DB_191_S9;DB_191_S10;DB_191_S11;DB_191_S12;DB_191_S13;DB_191_S14;DB_191_S15;DB_191_S16;DB_191_S17;DB_191_S18;DB_191_S19;DB_191_S21;DB_191_S22;DB_191_S23;DB_191_S24;DB_191_S25;DB_191_S26;DB_191_S27;DB_191_S28;DB_191_S29;DB_191_S30;DB_191_S31;DB_191_S32;DB_191_S33;DB_191_S34;DB_191_S35;DB_191_S36;DB_191_S38;DB_191_S39;DB_191_S40;DB_191_S41;DB_191_S42;DB_191_S43;DB_191_S44;DB_191_S46;DB_191_S47;DB_191_S48;DB_191_S49;DB_191_S50;DB_191_S51;DB_191_S52;DB_191_S53;DB_191_S54;DB_191_S55;DB_191_S56;DB_191_S57;DB_191_S58;DB_191_S59;DB_191_S60;DB_191_S61;DB_191_S62;DB_191_S63;DB_191_S64;DB_191_S65;DB_191_S66;DB_191_S67;DB_191_S68;DB_191_S69;DB_191_S70;DB_191_S71;DB_191_S72;DB_191_S73;DB_191_S74;DB_191_S75;DB_191_S76;DB_191_S77;DB_191_S78;DB_191_S79;DB_191_S80;DB_191_S81;DB_191_S82;DB_191_S83;DB_191_S84;DB_191_S85;DB_191_S86;DB_191_S87;DB_191_S88;DB_191_S89;DB_191_S90;DB_191_S91;DB_191_S92;DB_191_S93;DB_191_S94;DB_191_S95;DB_191_S96;DB_191_S97;DB_191_S98;DB_191_S99;DB_191_S100;DB_191_S102;DB_191_S103;DB_191_S104;DB_191_S105;DB_191_S107;DB_191_S109;DB_191_S110;DB_191_S111;DB_191_S112;DB_191_S113;DB_191_S114;DB_191_S115;DB_191_S116;DB_191_S117;DB_191_S118;DB_191_S119;DB_191_S120;DB_191_S121;DB_191_S122;DB_191_S123;DB_191_S124;DB_191_S125;DB_191_S127;DB_191_S128;DB_191_S129;DB_191_S134;DB_191_S137;DB_191_S138,C3PA_Dataset/Annotations/DB/191.csv
DB_191,45,ra4,Cookies and similar items are not used by us to automatically retrieve information that can identify you from your device without your knowledge.,Categories of Personal Information Collected,DB_191_S56;DB_191_S68,C3PA_Dataset/Annotations/DB/191.csv
DB_191,85,ra1,Cookies and similar items are not used by us to automatically retrieve information that can identify you from your device without your knowledge.,Categories of Personal Information Collected,DB_191_S56;DB_191_S68,C3PA_Dataset/Annotations/DB/191.csv
DB_192,97,ra4,Submitting Requests,Methods to exercise rights,DB_192_S4;DB_192_S18;DB_192_S120;DB_192_S136;DB_192_S353;DB_192_S358;DB_192_S378;DB_192_S379,C3PA_Dataset/Annotations/DB/192.csv
DB_194,64,ra6,"NAME, CONTACT INFORMATION AND IDENTIFIERS: Identifiers such as a real name, alias, postal address, unique personal identifier, online identifier, Internet Protocol (IP) address, email address, account name, or other similar identifiers.",Categories of Personal Information Collected,DB_194_S131;DB_194_S153;DB_194_S187,C3PA_Dataset/Annotations/DB/194.csv
DB_194,65,ra6,"NAME, CONTACT INFORMATION AND IDENTIFIERS: Identifiers such as a real name, alias, postal address, unique personal identifier, online identifier, Internet Protocol (IP) address, email address, account name, or other similar identifiers.",Categories of Personal Information Shared / Disclosed,DB_194_S131;DB_194_S153;DB_194_S187,C3PA_Dataset/Annotations/DB/194.csv
DB_194,66,ra6,"PURCHASE HISTORY AND TENDENCIES: Commercial information, including products or services purchased, obtained, or considered.",Categories of Personal Information Collected,DB_194_S135;DB_194_S195,C3PA_Dataset/Annotations/DB/194.csv
DB_194,67,ra6,"PURCHASE HISTORY AND TENDENCIES: Commercial information, including products or services purchased, obtained, or considered.",Categories of Personal Information Shared / Disclosed,DB_194_S135;DB_194_S195,C3PA_Dataset/Annotations/DB/194.csv
DB_194,68,ra6,"USAGE DATA: Internet or other electronic network activity information, including, but not limited to, browsing history, search history, and information regarding a resident’s interaction with an internet website, application, or advertisement.",Categories of Personal Information Collected,DB_194_S139;DB_194_S165,C3PA_Dataset/Annotations/DB/194.csv
DB_194,69,ra6,"USAGE DATA: Internet or other electronic network activity information, including, but not limited to, browsing history, search history, and information regarding a resident’s interaction with an internet website, application, or advertisement.",Categories of Personal Information Shared / Disclosed,DB_194_S139;DB_194_S165,C3PA_Dataset/Annotations/DB/194.csv
DB_194,70,ra6,GEOLOCATION DATA: Geographic location information about a particular individual or device.,Categories of Personal Information Collected,DB_194_S143;DB_194_S169;DB_194_S199,C3PA_Dataset/Annotations/DB/194.csv
DB_194,71,ra6,GEOLOCATION DATA: Geographic location information about a particular individual or device.,Categories of Personal Information Shared / Disclosed,DB_194_S143;DB_194_S169;DB_194_S199,C3PA_Dataset/Annotations/DB/194.csv
DB_194,72,ra6,"NAME, CONTACT INFORMATION AND IDENTIFIERS: Identifiers such as a real name, alias, postal address, unique personal identifier, online identifier, Internet Protocol (IP) address, email address, account name, or other similar identifiers.",Categories of Personal Information Collected,DB_194_S131;DB_194_S153;DB_194_S187,C3PA_Dataset/Annotations/DB/194.csv
DB_194,73,ra6,"NAME, CONTACT INFORMATION AND IDENTIFIERS: Identifiers such as a real name, alias, postal address, unique personal identifier, online identifier, Internet Protocol (IP) address, email address, account name, or other similar identifiers.",Categories of Personal Information Shared / Disclosed,DB_194_S131;DB_194_S153;DB_194_S187,C3PA_Dataset/Annotations/DB/194.csv
DB_194,74,ra6,"PURCHASE HISTORY AND TENDENCIES: Commercial information, including products or services purchased, obtained, or considered.",Categories of Personal Information Shared / Disclosed,DB_194_S135;DB_194_S195,C3PA_Dataset/Annotations/DB/194.csv
DB_194,75,ra6,"PURCHASE HISTORY AND TENDENCIES: Commercial information, including products or services purchased, obtained, or considered.",Categories of Personal Information Collected,DB_194_S135;DB_194_S195,C3PA_Dataset/Annotations/DB/194.csv
DB_194,76,ra6,"USAGE DATA: Internet or other electronic network activity information, including, but not limited to, browsing history, search history, and information regarding a resident’s interaction with an internet website, application, or advertisement",Categories of Personal Information Collected,DB_194_S139;DB_194_S165,C3PA_Dataset/Annotations/DB/194.csv
DB_194,77,ra6,"USAGE DATA: Internet or other electronic network activity information, including, but not limited to, browsing history, search history, and information regarding a resident’s interaction with an internet website, application, or advertisement.",Categories of Personal Information Shared / Disclosed,DB_194_S139;DB_194_S165,C3PA_Dataset/Annotations/DB/194.csv
DB_194,78,ra6,GEOLOCATION DATA: Geographic location information about a particular individual or device.,Categories of Personal Information Shared / Disclosed,DB_194_S143;DB_194_S169;DB_194_S199,C3PA_Dataset/Annotations/DB/194.csv
DB_194,79,ra6, GEOLOCATION DATA: Geographic location information about a particular individual or device.,Categories of Personal Information Collected,DB_194_S143;DB_194_S169;DB_194_S199,C3PA_Dataset/Annotations/DB/194.csv
DB_194,80,ra6,"NAME, CONTACT INFORMATION AND IDENTIFIERS: Identifiers such as a real name, alias, postal address, unique personal identifier, online identifier, Internet Protocol (IP) address, email address, account name, or other similar identifiers.",Categories of Personal Information Collected,DB_194_S131;DB_194_S153;DB_194_S187,C3PA_Dataset/Annotations/DB/194.csv
DB_194,83,ra6,"USAGE DATA: Internet or other electronic network activity information, including, but not limited to, browsing history, search history, and information regarding a resident’s interaction with an internet website, application, or advertisement.",Categories of Personal Information Collected,DB_194_S139;DB_194_S165,C3PA_Dataset/Annotations/DB/194.csv
DB_194,84,ra6,GEOLOCATION DATA: Geographic location information about a particular individual or device.,Categories of Personal Information Collected,DB_194_S143;DB_194_S169;DB_194_S199,C3PA_Dataset/Annotations/DB/194.csv
DB_194,86,ra6,EMPLOYMENT HISTORY: Professional or employment-related information.,Categories of Personal Information Collected,DB_194_S177;DB_194_S203,C3PA_Dataset/Annotations/DB/194.csv
DB_194,87,ra6,"NAME, CONTACT INFORMATION AND IDENTIFIERS: Identifiers such as a real name, alias, postal address, unique personal identifier, online identifier, Internet Protocol (IP) address, email address, account name, or other similar identifiers.",Categories of Personal Information Shared / Disclosed,DB_194_S131;DB_194_S153;DB_194_S187,C3PA_Dataset/Annotations/DB/194.csv
DB_194,90,ra6,"USAGE DATA: Internet or other electronic network activity information, including, but not limited to, browsing history, search history, and information regarding a resident’s interaction with an internet website, application, or advertisement.",Categories of Personal Information Shared / Disclosed,DB_194_S139;DB_194_S165,C3PA_Dataset/Annotations/DB/194.csv
DB_194,91,ra6,GEOLOCATION DATA: Geographic location information about a particular individual or device.,Categories of Personal Information Shared / Disclosed,DB_194_S143;DB_194_S169;DB_194_S199,C3PA_Dataset/Annotations/DB/194.csv
DB_194,93,ra6,EMPLOYMENT HISTORY: Professional or employment-related information.,Categories of Personal Information Shared / Disclosed,DB_194_S177;DB_194_S203,C3PA_Dataset/Annotations/DB/194.csv
DB_194,94,ra6,"NAME, CONTACT INFORMATION AND IDENTIFIERS: Identifiers such as a real name, alias, postal address, unique personal identifier, online identifier, Internet Protocol (IP) address, email address, account name, or other similar identifiers",Categories of Personal Information Collected,DB_194_S131;DB_194_S153;DB_194_S187,C3PA_Dataset/Annotations/DB/194.csv
DB_194,97,ra6,"USAGE DATA: Internet or other electronic network activity information, including, but not limited to, browsing history, search history, and information regarding a resident’s interaction with an internet website, application, or advertisement.",Categories of Personal Information Collected,DB_194_S139;DB_194_S165,C3PA_Dataset/Annotations/DB/194.csv
DB_194,98,ra6,GEOLOCATION DATA: Geographic location information about a particular individual or device.,Categories of Personal Information Collected,DB_194_S143;DB_194_S169;DB_194_S199,C3PA_Dataset/Annotations/DB/194.csv
DB_194,100,ra6,EMPLOYMENT HISTORY: Professional or employment-related information.,Categories of Personal Information Collected,DB_194_S177;DB_194_S203,C3PA_Dataset/Annotations/DB/194.csv
DB_194,101,ra6,"NAME, CONTACT INFORMATION AND IDENTIFIERS: Identifiers such as a real name, alias, postal address, unique personal identifier, online identifier, Internet Protocol (IP) address, email address, account name, or other similar identifiers.",Categories of Personal Information Shared / Disclosed,DB_194_S131;DB_194_S153;DB_194_S187,C3PA_Dataset/Annotations/DB/194.csv
DB_194,104,ra6,"USAGE DATA: Internet or other electronic network activity information, including, but not limited to, browsing history, search history, and information regarding a resident’s interaction with an internet website, application, or advertisement.",Categories of Personal Information Collected,DB_194_S139;DB_194_S165,C3PA_Dataset/Annotations/DB/194.csv
DB_194,105,ra6,"USAGE DATA: Internet or other electronic network activity information, including, but not limited to, browsing history, search history, and information regarding a resident’s interaction with an internet website, application, or advertisement.",Categories of Personal Information Shared / Disclosed,DB_194_S139;DB_194_S165,C3PA_Dataset/Annotations/DB/194.csv
DB_194,106,ra6,GEOLOCATION DATA: Geographic location information about a particular individual or device.,Categories of Personal Information Shared / Disclosed,DB_194_S143;DB_194_S169;DB_194_S199,C3PA_Dataset/Annotations/DB/194.csv
DB_194,108,ra6,EMPLOYMENT HISTORY: Professional or employment-related information.,Categories of Personal Information Shared / Disclosed,DB_194_S177;DB_194_S203,C3PA_Dataset/Annotations/DB/194.csv
DB_194,112,ra6," NAME, CONTACT INFORMATION AND IDENTIFIERS: Identifiers such as a real name, alias, postal address, unique personal identifier, online identifier, Internet Protocol (IP) address, email address, account name, or other similar identifiers.",Categories of Personal Information Collected,DB_194_S131;DB_194_S153;DB_194_S187,C3PA_Dataset/Annotations/DB/194.csv
DB_194,114,ra6,"PURCHASE HISTORY AND TENDENCIES: Commercial information, including products or services purchased, obtained, or considered.",Categories of Personal Information Collected,DB_194_S135;DB_194_S195,C3PA_Dataset/Annotations/DB/194.csv
DB_194,115,ra6,GEOLOCATION DATA: Geographic location information about a particular individual or device.,Categories of Personal Information Collected,DB_194_S143;DB_194_S169;DB_194_S199,C3PA_Dataset/Annotations/DB/194.csv
DB_194,116,ra6,EMPLOYMENT HISTORY: Professional or employment-related information.,Categories of Personal Information Collected,DB_194_S177;DB_194_S203,C3PA_Dataset/Annotations/DB/194.csv
DB_194,118,ra6,"NAME, CONTACT INFORMATION AND IDENTIFIERS: Identifiers such as a real name, alias, postal address, unique personal identifier, online identifier, Internet Protocol (IP) address, email address, account name, or other similar identifiers.",Categories of Personal Information Shared / Disclosed,DB_194_S131;DB_194_S153;DB_194_S187,C3PA_Dataset/Annotations/DB/194.csv
DB_194,121,ra6,"PURCHASE HISTORY AND TENDENCIES: Commercial information, including products or services purchased, obtained, or considered.",Categories of Personal Information Shared / Disclosed,DB_194_S135;DB_194_S195,C3PA_Dataset/Annotations/DB/194.csv
DB_194,122,ra6,GEOLOCATION DATA: Geographic location information about a particular individual or device.,Categories of Personal Information Shared / Disclosed,DB_194_S143;DB_194_S169;DB_194_S199,C3PA_Dataset/Annotations/DB/194.csv
DB_194,123,ra6,EMPLOYMENT HISTORY: Professional or employment-related information.,Categories of Personal Information Shared / Disclosed,DB_194_S177;DB_194_S203,C3PA_Dataset/Annotations/DB/194.csv
DB_194,125,ra6,"NAME, CONTACT INFORMATION AND IDENTIFIERS: Identifiers such as a real name, alias, postal address, unique personal identifier, online identifier, Internet Protocol (IP) address, email address, account name, or other similar identifiers.",Categories of Personal Information Sold,DB_194_S131;DB_194_S153;DB_194_S187,C3PA_Dataset/Annotations/DB/194.csv
DB_194,127,ra6,"PURCHASE HISTORY AND TENDENCIES: Commercial information, including products or services purchased, obtained, or considered.",Categories of Personal Information Sold,DB_194_S135;DB_194_S195,C3PA_Dataset/Annotations/DB/194.csv
DB_194,128,ra6,GEOLOCATION DATA: Geographic location information about a particular individual or device.,Categories of Personal Information Sold,DB_194_S143;DB_194_S169;DB_194_S199,C3PA_Dataset/Annotations/DB/194.csv
DB_194,129,ra6,EMPLOYMENT HISTORY: Professional or employment-related information.,Categories of Personal Information Sold,DB_194_S177;DB_194_S203,C3PA_Dataset/Annotations/DB/194.csv
DB_196,32,ra5,"These features may collect your IP address and/or other information as set forth in each social platform’s privacy policy, which page you are visiting on our Site, and may set a cookie to enable the feature to function properly",Categories of Personal Information Shared / Disclosed,DB_196_S121;DB_196_S228,C3PA_Dataset/Annotations/DB/196.csv
DB_196,33,ra5,"These features may collect your IP address and/or other information as set forth in each social platform’s privacy policy, which page you are visiting on our Site, and may set a cookie to enable the feature to function properl",Categories of Personal Information Collected,DB_196_S121;DB_196_S228,C3PA_Dataset/Annotations/DB/196.csv
DB_196,34,ra5,"Through our accounts on social medial platforms, we may in some instances collect personal information when you interact with the UpLead accounts or otherwise communicate with us through those accounts",Categories of Personal Information Collected,DB_196_S123;DB_196_S230,C3PA_Dataset/Annotations/DB/196.csv
DB_196,144,ra4,Personal Information That We Collect,Categories of Personal Information Collected,DB_196_S41;DB_196_S124;DB_196_S231;DB_196_S294;DB_196_S432,C3PA_Dataset/Annotations/DB/196.csv
DB_197,85,ra4,l,Categories of Personal Information Sold,DB_197_S4;DB_197_S6;DB_197_S7;DB_197_S8;DB_197_S9;DB_197_S10;DB_197_S11;DB_197_S12;DB_197_S13;DB_197_S14;DB_197_S15;DB_197_S16;DB_197_S17;DB_197_S18;DB_197_S20;DB_197_S21;DB_197_S22;DB_197_S28;DB_197_S29;DB_197_S32;DB_197_S33;DB_197_S37;DB_197_S38;DB_197_S39;DB_197_S41;DB_197_S42;DB_197_S43;DB_197_S46;DB_197_S47;DB_197_S48;DB_197_S52;DB_197_S54;DB_197_S55;DB_197_S56;DB_197_S57;DB_197_S61;DB_197_S62;DB_197_S63;DB_197_S64;DB_197_S66;DB_197_S67;DB_197_S69;DB_197_S71;DB_197_S72;DB_197_S75;DB_197_S76;DB_197_S77;DB_197_S78;DB_197_S79;DB_197_S80;DB_197_S81;DB_197_S82;DB_197_S83;DB_197_S84;DB_197_S85;DB_197_S86;DB_197_S87;DB_197_S88;DB_197_S89;DB_197_S90;DB_197_S91;DB_197_S92;DB_197_S93;DB_197_S94;DB_197_S95;DB_197_S96;DB_197_S97;DB_197_S98;DB_197_S99;DB_197_S101;DB_197_S102;DB_197_S103;DB_197_S104;DB_197_S105;DB_197_S106;DB_197_S107;DB_197_S108;DB_197_S109;DB_197_S110;DB_197_S111;DB_197_S112;DB_197_S113;DB_197_S114;DB_197_S115;DB_197_S116;DB_197_S117;DB_197_S118;DB_197_S119;DB_197_S121;DB_197_S122;DB_197_S125;DB_197_S126;DB_197_S127;DB_197_S128;DB_197_S129;DB_197_S130;DB_197_S131;DB_197_S132;DB_197_S133;DB_197_S136;DB_197_S137;DB_197_S138;DB_197_S139;DB_197_S140;DB_197_S141;DB_197_S142;DB_197_S143;DB_197_S144;DB_197_S145;DB_197_S146;DB_197_S150;DB_197_S152;DB_197_S153;DB_197_S154;DB_197_S155;DB_197_S156;DB_197_S157;DB_197_S158;DB_197_S159;DB_197_S160;DB_197_S162;DB_197_S163;DB_197_S164;DB_197_S165;DB_197_S166;DB_197_S167;DB_197_S168;DB_197_S169;DB_197_S171;DB_197_S172;DB_197_S173;DB_197_S174;DB_197_S175;DB_197_S176;DB_197_S178;DB_197_S179;DB_197_S180;DB_197_S181;DB_197_S182;DB_197_S183;DB_197_S184;DB_197_S185;DB_197_S186;DB_197_S187;DB_197_S188;DB_197_S189;DB_197_S192;DB_197_S193;DB_197_S194;DB_197_S195;DB_197_S196;DB_197_S197;DB_197_S198;DB_197_S199;DB_197_S201;DB_197_S203;DB_197_S204;DB_197_S205;DB_197_S206;DB_197_S207;DB_197_S208;DB_197_S209;DB_197_S210;DB_197_S211;DB_197_S212;DB_197_S213;DB_197_S214;DB_197_S215;DB_197_S216;DB_197_S217;DB_197_S218;DB_197_S219;DB_197_S220;DB_197_S221;DB_197_S222;DB_197_S224;DB_197_S226;DB_197_S227;DB_197_S231;DB_197_S235;DB_197_S240;DB_197_S241;DB_197_S242;DB_197_S243;DB_197_S244;DB_197_S245;DB_197_S246;DB_197_S247;DB_197_S248;DB_197_S249;DB_197_S250;DB_197_S251;DB_197_S252;DB_197_S253;DB_197_S254;DB_197_S255;DB_197_S257;DB_197_S258;DB_197_S259;DB_197_S260;DB_197_S261;DB_197_S262;DB_197_S263;DB_197_S264;DB_197_S265;DB_197_S266;DB_197_S267;DB_197_S268;DB_197_S270;DB_197_S271;DB_197_S272;DB_197_S273;DB_197_S274;DB_197_S275;DB_197_S276;DB_197_S277;DB_197_S278;DB_197_S279;DB_197_S280;DB_197_S281;DB_197_S282;DB_197_S283;DB_197_S284;DB_197_S286;DB_197_S288;DB_197_S290;DB_197_S291;DB_197_S295;DB_197_S296;DB_197_S297;DB_197_S298;DB_197_S300;DB_197_S301;DB_197_S303;DB_197_S304;DB_197_S306;DB_197_S307;DB_197_S309;DB_197_S310;DB_197_S313;DB_197_S314;DB_197_S315;DB_197_S317;DB_197_S318;DB_197_S319;DB_197_S320;DB_197_S322;DB_197_S323;DB_197_S324;DB_197_S325;DB_197_S326;DB_197_S329;DB_197_S330;DB_197_S331;DB_197_S332;DB_197_S333;DB_197_S334;DB_197_S335;DB_197_S336;DB_197_S337;DB_197_S339;DB_197_S342;DB_197_S343;DB_197_S345;DB_197_S346;DB_197_S347;DB_197_S348;DB_197_S349;DB_197_S355;DB_197_S356;DB_197_S359;DB_197_S360;DB_197_S361;DB_197_S365;DB_197_S368;DB_197_S369;DB_197_S370;DB_197_S371;DB_197_S375;DB_197_S381;DB_197_S384;DB_197_S386;DB_197_S387;DB_197_S388;DB_197_S389;DB_197_S390;DB_197_S391;DB_197_S392;DB_197_S393;DB_197_S394;DB_197_S395;DB_197_S397;DB_197_S398;DB_197_S400;DB_197_S401;DB_197_S402;DB_197_S403;DB_197_S404;DB_197_S405;DB_197_S406;DB_197_S407;DB_197_S408;DB_197_S409;DB_197_S410;DB_197_S411;DB_197_S412;DB_197_S413;DB_197_S414;DB_197_S415;DB_197_S416;DB_197_S417;DB_197_S418;DB_197_S419;DB_197_S420;DB_197_S421;DB_197_S422;DB_197_S423;DB_197_S424;DB_197_S425;DB_197_S426;DB_197_S427;DB_197_S428;DB_197_S429;DB_197_S430;DB_197_S431;DB_197_S432;DB_197_S433;DB_197_S434;DB_197_S435;DB_197_S436;DB_197_S437;DB_197_S438;DB_197_S440;DB_197_S441;DB_197_S442;DB_197_S443;DB_197_S444;DB_197_S445;DB_197_S447;DB_197_S449;DB_197_S450,C3PA_Dataset/Annotations/DB/197.csv
DB_197,86,ra4,p,Categories of Personal Information Sold,DB_197_S1;DB_197_S2;DB_197_S3;DB_197_S4;DB_197_S5;DB_197_S6;DB_197_S7;DB_197_S8;DB_197_S9;DB_197_S10;DB_197_S11;DB_197_S12;DB_197_S13;DB_197_S14;DB_197_S15;DB_197_S17;DB_197_S18;DB_197_S23;DB_197_S24;DB_197_S26;DB_197_S27;DB_197_S29;DB_197_S34;DB_197_S35;DB_197_S36;DB_197_S38;DB_197_S40;DB_197_S44;DB_197_S45;DB_197_S48;DB_197_S49;DB_197_S50;DB_197_S52;DB_197_S53;DB_197_S58;DB_197_S59;DB_197_S60;DB_197_S62;DB_197_S65;DB_197_S66;DB_197_S68;DB_197_S69;DB_197_S71;DB_197_S72;DB_197_S75;DB_197_S76;DB_197_S77;DB_197_S78;DB_197_S80;DB_197_S82;DB_197_S83;DB_197_S84;DB_197_S87;DB_197_S88;DB_197_S89;DB_197_S90;DB_197_S91;DB_197_S92;DB_197_S93;DB_197_S94;DB_197_S95;DB_197_S96;DB_197_S98;DB_197_S101;DB_197_S103;DB_197_S105;DB_197_S106;DB_197_S107;DB_197_S108;DB_197_S109;DB_197_S110;DB_197_S111;DB_197_S113;DB_197_S115;DB_197_S116;DB_197_S117;DB_197_S118;DB_197_S119;DB_197_S121;DB_197_S122;DB_197_S125;DB_197_S126;DB_197_S127;DB_197_S129;DB_197_S131;DB_197_S132;DB_197_S133;DB_197_S136;DB_197_S137;DB_197_S138;DB_197_S139;DB_197_S140;DB_197_S142;DB_197_S143;DB_197_S144;DB_197_S145;DB_197_S146;DB_197_S150;DB_197_S152;DB_197_S153;DB_197_S154;DB_197_S155;DB_197_S159;DB_197_S160;DB_197_S161;DB_197_S162;DB_197_S163;DB_197_S164;DB_197_S165;DB_197_S166;DB_197_S169;DB_197_S171;DB_197_S172;DB_197_S173;DB_197_S174;DB_197_S175;DB_197_S176;DB_197_S177;DB_197_S178;DB_197_S179;DB_197_S181;DB_197_S182;DB_197_S184;DB_197_S185;DB_197_S186;DB_197_S187;DB_197_S189;DB_197_S192;DB_197_S193;DB_197_S194;DB_197_S195;DB_197_S196;DB_197_S197;DB_197_S198;DB_197_S200;DB_197_S201;DB_197_S203;DB_197_S204;DB_197_S206;DB_197_S207;DB_197_S208;DB_197_S209;DB_197_S210;DB_197_S211;DB_197_S212;DB_197_S213;DB_197_S215;DB_197_S216;DB_197_S217;DB_197_S218;DB_197_S219;DB_197_S220;DB_197_S221;DB_197_S222;DB_197_S224;DB_197_S225;DB_197_S226;DB_197_S227;DB_197_S231;DB_197_S235;DB_197_S240;DB_197_S242;DB_197_S243;DB_197_S245;DB_197_S246;DB_197_S247;DB_197_S248;DB_197_S249;DB_197_S250;DB_197_S252;DB_197_S253;DB_197_S254;DB_197_S255;DB_197_S258;DB_197_S259;DB_197_S261;DB_197_S262;DB_197_S263;DB_197_S264;DB_197_S265;DB_197_S266;DB_197_S267;DB_197_S268;DB_197_S271;DB_197_S272;DB_197_S273;DB_197_S274;DB_197_S275;DB_197_S276;DB_197_S277;DB_197_S278;DB_197_S279;DB_197_S280;DB_197_S281;DB_197_S282;DB_197_S283;DB_197_S284;DB_197_S285;DB_197_S286;DB_197_S287;DB_197_S288;DB_197_S290;DB_197_S291;DB_197_S295;DB_197_S298;DB_197_S300;DB_197_S301;DB_197_S303;DB_197_S304;DB_197_S306;DB_197_S307;DB_197_S309;DB_197_S310;DB_197_S313;DB_197_S314;DB_197_S315;DB_197_S317;DB_197_S318;DB_197_S319;DB_197_S320;DB_197_S334;DB_197_S356;DB_197_S357;DB_197_S371;DB_197_S373;DB_197_S378;DB_197_S384;DB_197_S386;DB_197_S387;DB_197_S388;DB_197_S389;DB_197_S390;DB_197_S391;DB_197_S392;DB_197_S393;DB_197_S394;DB_197_S395;DB_197_S397;DB_197_S398;DB_197_S399;DB_197_S400;DB_197_S401;DB_197_S402;DB_197_S403;DB_197_S404;DB_197_S405;DB_197_S406;DB_197_S407;DB_197_S409;DB_197_S410;DB_197_S411;DB_197_S412;DB_197_S413;DB_197_S414;DB_197_S415;DB_197_S416;DB_197_S417;DB_197_S418;DB_197_S419;DB_197_S420;DB_197_S421;DB_197_S422;DB_197_S423;DB_197_S425;DB_197_S426;DB_197_S427;DB_197_S428;DB_197_S430;DB_197_S432;DB_197_S433;DB_197_S434;DB_197_S435;DB_197_S436;DB_197_S437;DB_197_S438;DB_197_S440;DB_197_S441;DB_197_S442;DB_197_S443;DB_197_S445;DB_197_S447;DB_197_S449;DB_197_S450,C3PA_Dataset/Annotations/DB/197.csv
DB_198,21,ra5,"During the last year, SimioCloud has disclosed personal information to service providers (e.g., cloud computing and storage vendors; security contractors, consultants and analysis providers), for SimioCloud’s own operational business purpose",Categories of Personal Information Sold,DB_198_S126;DB_198_S312,C3PA_Dataset/Annotations/DB/198.csv
DB_198,57,ra6,"During the last year, SimioCloud has disclosed personal information to service providers (e.g., cloud computing and storage vendors; security contractors, consultants and analysis providers), for SimioCloud’s own operational business purposes.",Categories of Personal Information Shared / Disclosed,DB_198_S126;DB_198_S312,C3PA_Dataset/Annotations/DB/198.csv
DB_198,87,ra1,We will do this by matching the personal information you supply us to the personal information we maintain about you.,Categories of Personal Information Collected,DB_198_S60;DB_198_S143;DB_198_S246;DB_198_S329,C3PA_Dataset/Annotations/DB/198.csv
DB_198,88,ra1,This will require that you submit certain personal information for us to compare and match to data we have about you.,Categories of Personal Information Collected,DB_198_S62;DB_198_S248,C3PA_Dataset/Annotations/DB/198.csv
DB_198,101,ra1,We will do this by matching the personal information you supply us to the personal information we maintain about you.,Categories of Personal Information Collected,DB_198_S60;DB_198_S143;DB_198_S246;DB_198_S329,C3PA_Dataset/Annotations/DB/198.csv
DB_198,102,ra1,This may require that you submit certain personal information for us to compare and match to data we have about you.,Categories of Personal Information Collected,DB_198_S145;DB_198_S331,C3PA_Dataset/Annotations/DB/198.csv
DB_199,10,ra5,"The information collected through Cookies may be used both by the Company and by third-party collaborating companies, such as advertising network operators and agents and/or advertises, for the purposes described in the previous section.",Categories of Personal Information Collected,DB_199_S206;DB_199_S548,C3PA_Dataset/Annotations/DB/199.csv
DB_199,11,ra5,"The information collected through Cookies may be used both by the Company and by third-party collaborating companies, such as advertising network operators and agents and/or advertises, for the purposes described in the previous section.",Categories of Personal Information Shared / Disclosed,DB_199_S206;DB_199_S548,C3PA_Dataset/Annotations/DB/199.csv
DB_199,15,ra5,"Analysis Cookies: Are those cookies that, treated by us or by third parties, allow us to quantify the number of users and thus perform the measurement and statistical analysis of the use made by users of the service offered",Categories of Personal Information Shared / Disclosed,DB_199_S120;DB_199_S462,C3PA_Dataset/Annotations/DB/199.csv
DB_199,19,ra5,"Carry out segmentation and profiling tasks according to your interests and through the analysis of the use of the offered services, such as browsing history, in order to adapt the offers and promotions to each client, offering personalized services and information. ",Categories of Personal Information Shared / Disclosed,DB_199_S268;DB_199_S610,C3PA_Dataset/Annotations/DB/199.csv
DB_199,20,ra5,"Carry out segmentation and profiling tasks according to your interests and through the analysis of the use of the offered services, such as browsing history, in order to adapt the offers and promotions to each client, offering personalized services and information. ",Categories of Personal Information Sold,DB_199_S268;DB_199_S610,C3PA_Dataset/Annotations/DB/199.csv
DB_199,26,ra5,"The right to delete your personal information, when possible.",Description of Right to Delete,DB_199_S301;DB_199_S316,C3PA_Dataset/Annotations/DB/199.csv
DB_199,32,ra6,"Since, when you visit the Third Party Data Source, we install profile cookies on your browser and we may deliver some service with them; we hereby aim at explaining the processing of data that we perform.",Categories of Personal Information Collected,DB_199_S27;DB_199_S67;DB_199_S367;DB_199_S406,C3PA_Dataset/Annotations/DB/199.csv
DB_199,54,ra6,"The information collected through Cookies may be used both by the Company and by third-party collaborating companies, such as advertising network operators and agents and/or advertises, for the purposes described in the previous section.",Categories of Personal Information Shared / Disclosed,DB_199_S206;DB_199_S548,C3PA_Dataset/Annotations/DB/199.csv
DB_199,55,ra6,"The information collected through Cookies may be used both by the Company and by third-party collaborating companies, such as advertising network operators and agents and/or advertises, for the purposes described in the previous section.",Categories of Personal Information Collected,DB_199_S206;DB_199_S548,C3PA_Dataset/Annotations/DB/199.csv
DB_199,56,ra6,"The information collected through Cookies may be used both by the Company and by third-party collaborating companies, such as advertising network operators and agents and/or advertises, for the purposes described in the previous section.",Categories of Personal Information Sold,DB_199_S206;DB_199_S548,C3PA_Dataset/Annotations/DB/199.csv
DB_199,63,ra6,"However, if you do not wish your data to be processed for any of these purposes, you may object at any time by contacting as at privacy@audiencerate.com, as indicated in the Rights Management section of this Privacy Policy. ",Methods to exercise rights,DB_199_S270;DB_199_S612,C3PA_Dataset/Annotations/DB/199.csv
DB_199,66,ra6,l,Others,DB_199_S2;DB_199_S4;DB_199_S5;DB_199_S6;DB_199_S7;DB_199_S9;DB_199_S11;DB_199_S12;DB_199_S13;DB_199_S14;DB_199_S15;DB_199_S16;DB_199_S17;DB_199_S18;DB_199_S19;DB_199_S20;DB_199_S22;DB_199_S24;DB_199_S25;DB_199_S26;DB_199_S27;DB_199_S29;DB_199_S30;DB_199_S31;DB_199_S32;DB_199_S34;DB_199_S35;DB_199_S37;DB_199_S38;DB_199_S39;DB_199_S40;DB_199_S41;DB_199_S42;DB_199_S43;DB_199_S44;DB_199_S45;DB_199_S46;DB_199_S47;DB_199_S49;DB_199_S50;DB_199_S51;DB_199_S52;DB_199_S53;DB_199_S54;DB_199_S55;DB_199_S56;DB_199_S57;DB_199_S58;DB_199_S59;DB_199_S60;DB_199_S61;DB_199_S62;DB_199_S63;DB_199_S64;DB_199_S65;DB_199_S66;DB_199_S67;DB_199_S69;DB_199_S70;DB_199_S71;DB_199_S72;DB_199_S73;DB_199_S74;DB_199_S75;DB_199_S84;DB_199_S85;DB_199_S86;DB_199_S87;DB_199_S88;DB_199_S89;DB_199_S90;DB_199_S91;DB_199_S92;DB_199_S93;DB_199_S94;DB_199_S95;DB_199_S97;DB_199_S101;DB_199_S102;DB_199_S103;DB_199_S106;DB_199_S107;DB_199_S108;DB_199_S109;DB_199_S111;DB_199_S112;DB_199_S113;DB_199_S114;DB_199_S115;DB_199_S117;DB_199_S118;DB_199_S120;DB_199_S121;DB_199_S122;DB_199_S123;DB_199_S124;DB_199_S125;DB_199_S126;DB_199_S127;DB_199_S133;DB_199_S137;DB_199_S141;DB_199_S145;DB_199_S149;DB_199_S153;DB_199_S157;DB_199_S161;DB_199_S169;DB_199_S170;DB_199_S172;DB_199_S177;DB_199_S184;DB_199_S188;DB_199_S192;DB_199_S200;DB_199_S201;DB_199_S202;DB_199_S205;DB_199_S206;DB_199_S207;DB_199_S208;DB_199_S209;DB_199_S211;DB_199_S213;DB_199_S214;DB_199_S215;DB_199_S216;DB_199_S217;DB_199_S218;DB_199_S219;DB_199_S220;DB_199_S221;DB_199_S222;DB_199_S223;DB_199_S224;DB_199_S225;DB_199_S227;DB_199_S231;DB_199_S232;DB_199_S233;DB_199_S234;DB_199_S235;DB_199_S236;DB_199_S237;DB_199_S239;DB_199_S240;DB_199_S241;DB_199_S242;DB_199_S243;DB_199_S244;DB_199_S245;DB_199_S246;DB_199_S247;DB_199_S248;DB_199_S249;DB_199_S250;DB_199_S251;DB_199_S253;DB_199_S254;DB_199_S255;DB_199_S256;DB_199_S257;DB_199_S258;DB_199_S259;DB_199_S260;DB_199_S261;DB_199_S262;DB_199_S263;DB_199_S264;DB_199_S265;DB_199_S266;DB_199_S267;DB_199_S268;DB_199_S269;DB_199_S270;DB_199_S271;DB_199_S272;DB_199_S273;DB_199_S274;DB_199_S275;DB_199_S276;DB_199_S277;DB_199_S279;DB_199_S280;DB_199_S281;DB_199_S283;DB_199_S284;DB_199_S285;DB_199_S286;DB_199_S287;DB_199_S288;DB_199_S289;DB_199_S290;DB_199_S291;DB_199_S293;DB_199_S294;DB_199_S297;DB_199_S298;DB_199_S299;DB_199_S300;DB_199_S301;DB_199_S302;DB_199_S303;DB_199_S305;DB_199_S306;DB_199_S307;DB_199_S310;DB_199_S311;DB_199_S313;DB_199_S314;DB_199_S316;DB_199_S318;DB_199_S319;DB_199_S321;DB_199_S322;DB_199_S323;DB_199_S325;DB_199_S326;DB_199_S328;DB_199_S329;DB_199_S330;DB_199_S331;DB_199_S332;DB_199_S333;DB_199_S334;DB_199_S335;DB_199_S337;DB_199_S338;DB_199_S339;DB_199_S340;DB_199_S341;DB_199_S347;DB_199_S349;DB_199_S350;DB_199_S352;DB_199_S353;DB_199_S354;DB_199_S355;DB_199_S356;DB_199_S357;DB_199_S358;DB_199_S359;DB_199_S360;DB_199_S361;DB_199_S363;DB_199_S364;DB_199_S365;DB_199_S366;DB_199_S367;DB_199_S369;DB_199_S370;DB_199_S371;DB_199_S373;DB_199_S374;DB_199_S376;DB_199_S377;DB_199_S378;DB_199_S379;DB_199_S380;DB_199_S381;DB_199_S382;DB_199_S383;DB_199_S384;DB_199_S385;DB_199_S386;DB_199_S388;DB_199_S389;DB_199_S390;DB_199_S391;DB_199_S392;DB_199_S393;DB_199_S394;DB_199_S395;DB_199_S396;DB_199_S397;DB_199_S398;DB_199_S399;DB_199_S400;DB_199_S401;DB_199_S402;DB_199_S403;DB_199_S404;DB_199_S405;DB_199_S406;DB_199_S408;DB_199_S409;DB_199_S410;DB_199_S411;DB_199_S412;DB_199_S413;DB_199_S414;DB_199_S423;DB_199_S424;DB_199_S425;DB_199_S427;DB_199_S428;DB_199_S429;DB_199_S430;DB_199_S431;DB_199_S432;DB_199_S433;DB_199_S434;DB_199_S435;DB_199_S436;DB_199_S437;DB_199_S438;DB_199_S439;DB_199_S443;DB_199_S444;DB_199_S445;DB_199_S448;DB_199_S449;DB_199_S450;DB_199_S451;DB_199_S453;DB_199_S454;DB_199_S455;DB_199_S456;DB_199_S457;DB_199_S459;DB_199_S460;DB_199_S462;DB_199_S463;DB_199_S464;DB_199_S465;DB_199_S466;DB_199_S467;DB_199_S468;DB_199_S469;DB_199_S475;DB_199_S479;DB_199_S483;DB_199_S487;DB_199_S491;DB_199_S495;DB_199_S499;DB_199_S503;DB_199_S511;DB_199_S512;DB_199_S514;DB_199_S519;DB_199_S526;DB_199_S530;DB_199_S534;DB_199_S542;DB_199_S543;DB_199_S544;DB_199_S547;DB_199_S548;DB_199_S549;DB_199_S550;DB_199_S551;DB_199_S553;DB_199_S555;DB_199_S556;DB_199_S557;DB_199_S558;DB_199_S559;DB_199_S560;DB_199_S561;DB_199_S562;DB_199_S563;DB_199_S564;DB_199_S565;DB_199_S566;DB_199_S567;DB_199_S569;DB_199_S573;DB_199_S574;DB_199_S575;DB_199_S576;DB_199_S577;DB_199_S578;DB_199_S579;DB_199_S580;DB_199_S582;DB_199_S583;DB_199_S584;DB_199_S585;DB_199_S586;DB_199_S587;DB_199_S588;DB_199_S589;DB_199_S590;DB_199_S591;DB_199_S592;DB_199_S594;DB_199_S595;DB_199_S596;DB_199_S598;DB_199_S599;DB_199_S600;DB_199_S601;DB_199_S602;DB_199_S603;DB_199_S604;DB_199_S605;DB_199_S606;DB_199_S607;DB_199_S608;DB_199_S609;DB_199_S610;DB_199_S611;DB_199_S612;DB_199_S613;DB_199_S614;DB_199_S615;DB_199_S616;DB_199_S617;DB_199_S618;DB_199_S619;DB_199_S621;DB_199_S622;DB_199_S623;DB_199_S625;DB_199_S626;DB_199_S627;DB_199_S628;DB_199_S629;DB_199_S630;DB_199_S631;DB_199_S632;DB_199_S633;DB_199_S634;DB_199_S635;DB_199_S637;DB_199_S639;DB_199_S640;DB_199_S641;DB_199_S642;DB_199_S643;DB_199_S645;DB_199_S647;DB_199_S648;DB_199_S651;DB_199_S652;DB_199_S655;DB_199_S656;DB_199_S659;DB_199_S664;DB_199_S666;DB_199_S669;DB_199_S673;DB_199_S676;DB_199_S679;DB_199_S682;DB_199_S684;DB_199_S688;DB_199_S696;DB_199_S697;DB_199_S698;DB_199_S703;DB_199_S705;DB_199_S707;DB_199_S711;DB_199_S712;DB_199_S714;DB_199_S716;DB_199_S717;DB_199_S718;DB_199_S719;DB_199_S720;DB_199_S721;DB_199_S724;DB_199_S727;DB_199_S730;DB_199_S731;DB_199_S732;DB_199_S734;DB_199_S736;DB_199_S737;DB_199_S738;DB_199_S740;DB_199_S741;DB_199_S743;DB_199_S745;DB_199_S747;DB_199_S749;DB_199_S751;DB_199_S753;DB_199_S755;DB_199_S756;DB_199_S757;DB_199_S758;DB_199_S759;DB_199_S762;DB_199_S763;DB_199_S764;DB_199_S765;DB_199_S766;DB_199_S769;DB_199_S770;DB_199_S773,C3PA_Dataset/Annotations/DB/199.csv
DB_199,74,ra6,"The right to delete your personal information, when possible.",Description of Right to Delete,DB_199_S301;DB_199_S316,C3PA_Dataset/Annotations/DB/199.csv
DB_199,100,ra6,"The information collected through Cookies may be used both by the Company and by third-party collaborating companies, such as advertising network operators and agents and/or advertises, for the purposes described in the previous section.",Categories of Personal Information Collected,DB_199_S206;DB_199_S548,C3PA_Dataset/Annotations/DB/199.csv
DB_199,101,ra6,"The information collected through Cookies may be used both by the Company and by third-party collaborating companies, such as advertising network operators and agents and/or advertises, for the purposes described in the previous section.",Categories of Personal Information Shared / Disclosed,DB_199_S206;DB_199_S548,C3PA_Dataset/Annotations/DB/199.csv
DB_199,107,ra6,"However, if you do not wish your data to be processed for any of these purposes, you may object at any time by contacting as at privacy@audiencerate.com, as indicated in the Rights Management section of this Privacy Policy. ",Methods to exercise rights,DB_199_S270;DB_199_S612,C3PA_Dataset/Annotations/DB/199.csv
DB_199,111,ra6, Right to rectify any inaccurate personal data.,Description of Right to Correct Information,DB_199_S289;DB_199_S630,C3PA_Dataset/Annotations/DB/199.csv
DB_199,136,ra1,"The information collected through Cookies may be used both by the Company and by third-party collaborating companies, such as advertising network operators and agents and/or advertises, for the purposes described in the previous section.",Categories of Personal Information Collected,DB_199_S206;DB_199_S548,C3PA_Dataset/Annotations/DB/199.csv
DB_199,137,ra1,"The information collected through Cookies may be used both by the Company and by third-party collaborating companies, such as advertising network operators and agents and/or advertises, for the purposes described in the previous section.",Categories of Personal Information Shared / Disclosed,DB_199_S206;DB_199_S548,C3PA_Dataset/Annotations/DB/199.csv
DB_199,140,ra1,"In order to ensure that the information provided is always up to date and free of errors, you must notify Audiencerate as soon as possible of any changes to your personal data by sending an e-mail to the e-mail address privacy@audiencerate.com.",Methods to exercise rights,DB_199_S248;DB_199_S591,C3PA_Dataset/Annotations/DB/199.csv
DB_199,145,ra1,"However, if you do not wish your data to be processed for any of these purposes, you may object at any time by contacting as at privacy@audiencerate.com, as indicated in the Rights Management section of this Privacy Policy. ",Methods to exercise rights,DB_199_S270;DB_199_S612,C3PA_Dataset/Annotations/DB/199.csv
DB_199,152,ra1,"The right to delete your personal information, when possible.",Description of Right to Delete,DB_199_S301;DB_199_S316,C3PA_Dataset/Annotations/DB/199.csv
DB_199,157,ra1,PRIVACY POLICY,Others,DB_199_S7;DB_199_S15;DB_199_S200;DB_199_S254;DB_199_S270;DB_199_S283;DB_199_S338;DB_199_S349;DB_199_S352;DB_199_S356;DB_199_S358;DB_199_S398;DB_199_S435;DB_199_S542;DB_199_S595;DB_199_S612;DB_199_S625;DB_199_S640,C3PA_Dataset/Annotations/DB/199.csv
DB_2,12,ra3, Registered users can view and edit personal information they have already given us.,Description of Right to Correct Information,DB_2_S35;DB_2_S115,C3PA_Dataset/Annotations/DB/2.csv
DB_2,14,ra3, Registered users can view and edit personal information they have already given us.,Description of Right to Know PI Collected,DB_2_S35;DB_2_S115,C3PA_Dataset/Annotations/DB/2.csv
DB_2,53,ra1,Blackbaud does not sell your personal information collected in connection with BBID or share your personal information with any third parties for targeted behavioral advertising.,Categories of Personal Information Sold,DB_2_S30;DB_2_S85,C3PA_Dataset/Annotations/DB/2.csv
DB_2,70,ra1,Blackbaud does not sell your personal information collected in connection with BBID,Categories of Personal Information Sold,DB_2_S30;DB_2_S85,C3PA_Dataset/Annotations/DB/2.csv
DB_2,71,ra1,or share your personal information with any third parties for targeted behavioral advertising.,Categories of Personal Information Shared / Disclosed,DB_2_S30;DB_2_S85,C3PA_Dataset/Annotations/DB/2.csv
DB_20,8,ra3,"You also have a right against discrimination for exercising any of these rights, which Taboola is committed to upholding and honoring at all times.",Description of Right to Non-discrimination on exercising rights,DB_20_S286;DB_20_S310,C3PA_Dataset/Annotations/DB/20.csv
DB_20,10,ra3,Categories of Data that Taboola Holds about You,Categories of Personal Information Collected,DB_20_S291;DB_20_S312,C3PA_Dataset/Annotations/DB/20.csv
DB_20,12,ra3,Taboola processes your Personal Information in order to provide personalized content and advertisements to you.,Categories of Personal Information Collected,DB_20_S295;DB_20_S316,C3PA_Dataset/Annotations/DB/20.csv
DB_20,13,ra3,Why Taboola Collects your Personal Information,Categories of Personal Information Collected,DB_20_S294;DB_20_S315,C3PA_Dataset/Annotations/DB/20.csv
DB_20,14,ra3,Where Taboola Collects Your Personal Information,Categories of Personal Information Collected,DB_20_S296;DB_20_S317,C3PA_Dataset/Annotations/DB/20.csv
DB_20,16,ra3,How Taboola Shares Your Personal Information,Categories of Personal Information Shared / Disclosed,DB_20_S302;DB_20_S323,C3PA_Dataset/Annotations/DB/20.csv
DB_20,89,ra2," You also have a right against discrimination for exercising any of these rights, which Taboola is committed to upholding and honoring at all times.",Description of Right to Non-discrimination on exercising rights,DB_20_S286;DB_20_S310,C3PA_Dataset/Annotations/DB/20.csv
DB_20,111,ra1,We may also obtain Information about you from our data partners.,Categories of Personal Information Collected,DB_20_S74;DB_20_S299;DB_20_S320,C3PA_Dataset/Annotations/DB/20.csv
DB_20,144,ra1,"You also have a right against discrimination for exercising any of these rights, which Taboola is committed to upholding and honoring at all times.",Description of Right to Non-discrimination on exercising rights,DB_20_S286;DB_20_S310,C3PA_Dataset/Annotations/DB/20.csv
DB_206,0,ra5,"Effective Date: January 1, 2023",Updated Privacy Policy,DB_206_S2;DB_206_S76,C3PA_Dataset/Annotations/DB/206.csv
DB_206,16,ra5,"Effective Date: January 1, 2023",Updated Privacy Policy,DB_206_S2;DB_206_S76,C3PA_Dataset/Annotations/DB/206.csv
DB_206,85,ra1,"Effective Date: January 1, 2023",Updated Privacy Policy,DB_206_S2;DB_206_S76,C3PA_Dataset/Annotations/DB/206.csv
DB_206,98,ra1,"Effective Date: January 1, 2023",Updated Privacy Policy,DB_206_S2;DB_206_S76,C3PA_Dataset/Annotations/DB/206.csv
DB_206,101,ra1,"Service providers, Contractors, Third-party marketers (clients) Affiliated companies",Categories of Personal Information Shared / Disclosed,DB_206_S91;DB_206_S98,C3PA_Dataset/Annotations/DB/206.csv
DB_207,86,ra4,What personal data do we collect?,Categories of Personal Information Collected,DB_207_S6;DB_207_S47;DB_207_S212,C3PA_Dataset/Annotations/DB/207.csv
DB_207,110,ra4,How can you opt out of interest-based advertising?,Description of Right to Opt-out of sale of PI,DB_207_S9;DB_207_S122,C3PA_Dataset/Annotations/DB/207.csv
DB_207,113,ra4,What are cookies and how do we use them?,Categories of Personal Information Collected,DB_207_S10;DB_207_S155,C3PA_Dataset/Annotations/DB/207.csv
DB_208,10,ra5,Click here to submit a verifiable request to exercise this right.,Methods to exercise rights,DB_208_S65;DB_208_S73;DB_208_S81;DB_208_S87,C3PA_Dataset/Annotations/DB/208.csv
DB_208,32,ra6,"Alternatively, you may email dataprivacyteam@gostrata.com to initiate this request.",Methods to exercise rights,DB_208_S67;DB_208_S75;DB_208_S83;DB_208_S89,C3PA_Dataset/Annotations/DB/208.csv
DB_208,34,ra6,"Alternatively, you may email dataprivacyteam@gostrata.com to initiate this request.",Methods to exercise rights,DB_208_S67;DB_208_S75;DB_208_S83;DB_208_S89,C3PA_Dataset/Annotations/DB/208.csv
DB_208,36,ra6,"Alternatively, you may email dataprivacyteam@gostrata.com to initiate this request.",Methods to exercise rights,DB_208_S67;DB_208_S75;DB_208_S83;DB_208_S89,C3PA_Dataset/Annotations/DB/208.csv
DB_208,38,ra6,"Alternatively, you may email dataprivacyteam@gostrata.com to initiate this request.",Methods to exercise rights,DB_208_S67;DB_208_S75;DB_208_S83;DB_208_S89,C3PA_Dataset/Annotations/DB/208.csv
DB_208,50,ra1,Click here to submit a verifiable request to exercise this right.,Methods to exercise rights,DB_208_S65;DB_208_S73;DB_208_S81;DB_208_S87,C3PA_Dataset/Annotations/DB/208.csv
DB_208,51,ra1,"Alternatively, you may email dataprivacyteam@gostrata.com to initiate this request.",Methods to exercise rights,DB_208_S67;DB_208_S75;DB_208_S83;DB_208_S89,C3PA_Dataset/Annotations/DB/208.csv
DB_208,53,ra1,Click here to submit a verifiable request to exercise this right.,Methods to exercise rights,DB_208_S65;DB_208_S73;DB_208_S81;DB_208_S87,C3PA_Dataset/Annotations/DB/208.csv
DB_208,54,ra1,"Alternatively, you may email dataprivacyteam@gostrata.com to initiate this request.",Methods to exercise rights,DB_208_S67;DB_208_S75;DB_208_S83;DB_208_S89,C3PA_Dataset/Annotations/DB/208.csv
DB_208,56,ra1,Click here to submit a verifiable request to exercise this right.,Methods to exercise rights,DB_208_S65;DB_208_S73;DB_208_S81;DB_208_S87,C3PA_Dataset/Annotations/DB/208.csv
DB_208,57,ra1,"Alternatively, you may email dataprivacyteam@gostrata.com to initiate this request.",Methods to exercise rights,DB_208_S67;DB_208_S75;DB_208_S83;DB_208_S89,C3PA_Dataset/Annotations/DB/208.csv
DB_208,59,ra1, Click here to submit a verifiable request to exercise this right.,Methods to exercise rights,DB_208_S65;DB_208_S73;DB_208_S81;DB_208_S87,C3PA_Dataset/Annotations/DB/208.csv
DB_208,60,ra1,"Alternatively, you may email dataprivacyteam@gostrata.com to initiate this request.",Methods to exercise rights,DB_208_S67;DB_208_S75;DB_208_S83;DB_208_S89,C3PA_Dataset/Annotations/DB/208.csv
DB_21,53,ra4,r,Methods to exercise rights,DB_21_S1;DB_21_S2;DB_21_S3;DB_21_S4;DB_21_S5;DB_21_S6;DB_21_S7;DB_21_S8;DB_21_S9;DB_21_S10;DB_21_S11;DB_21_S12;DB_21_S13;DB_21_S14;DB_21_S15;DB_21_S16;DB_21_S17;DB_21_S18;DB_21_S19;DB_21_S20;DB_21_S21;DB_21_S22;DB_21_S24;DB_21_S26;DB_21_S27;DB_21_S29;DB_21_S30;DB_21_S31;DB_21_S32;DB_21_S33;DB_21_S34;DB_21_S35;DB_21_S36;DB_21_S37;DB_21_S38;DB_21_S39;DB_21_S40;DB_21_S41;DB_21_S42;DB_21_S44;DB_21_S45;DB_21_S46;DB_21_S47;DB_21_S48;DB_21_S49;DB_21_S50;DB_21_S51;DB_21_S52;DB_21_S53;DB_21_S54;DB_21_S55;DB_21_S56;DB_21_S57;DB_21_S58;DB_21_S59;DB_21_S60;DB_21_S61;DB_21_S62;DB_21_S63;DB_21_S64;DB_21_S65;DB_21_S66;DB_21_S67;DB_21_S68;DB_21_S69;DB_21_S70;DB_21_S71;DB_21_S72;DB_21_S73;DB_21_S74;DB_21_S75;DB_21_S76;DB_21_S77;DB_21_S79;DB_21_S80;DB_21_S81;DB_21_S82;DB_21_S83;DB_21_S84;DB_21_S85;DB_21_S86;DB_21_S87;DB_21_S88;DB_21_S89;DB_21_S90;DB_21_S91;DB_21_S92;DB_21_S93;DB_21_S94;DB_21_S95;DB_21_S97;DB_21_S98;DB_21_S99;DB_21_S100;DB_21_S102;DB_21_S103;DB_21_S104;DB_21_S105;DB_21_S106;DB_21_S107;DB_21_S108;DB_21_S109;DB_21_S110;DB_21_S111;DB_21_S112;DB_21_S113;DB_21_S114;DB_21_S115;DB_21_S116;DB_21_S117;DB_21_S118;DB_21_S119;DB_21_S120;DB_21_S121;DB_21_S122;DB_21_S123;DB_21_S124;DB_21_S125;DB_21_S126;DB_21_S128;DB_21_S129;DB_21_S130;DB_21_S131;DB_21_S132;DB_21_S133;DB_21_S134;DB_21_S135;DB_21_S136;DB_21_S137;DB_21_S138;DB_21_S139;DB_21_S140;DB_21_S141;DB_21_S142;DB_21_S143;DB_21_S144;DB_21_S145;DB_21_S146;DB_21_S147;DB_21_S148;DB_21_S149;DB_21_S150;DB_21_S151;DB_21_S152;DB_21_S153;DB_21_S154;DB_21_S155;DB_21_S156;DB_21_S157;DB_21_S158;DB_21_S159;DB_21_S160;DB_21_S161;DB_21_S162;DB_21_S163;DB_21_S164;DB_21_S165;DB_21_S166;DB_21_S167;DB_21_S168;DB_21_S169;DB_21_S170;DB_21_S171;DB_21_S172;DB_21_S173;DB_21_S174;DB_21_S175;DB_21_S176;DB_21_S178;DB_21_S179;DB_21_S181;DB_21_S182;DB_21_S185;DB_21_S186;DB_21_S187;DB_21_S188;DB_21_S190;DB_21_S192;DB_21_S193;DB_21_S195;DB_21_S197;DB_21_S199;DB_21_S200;DB_21_S202;DB_21_S204;DB_21_S205;DB_21_S206;DB_21_S207;DB_21_S208;DB_21_S209;DB_21_S210;DB_21_S212;DB_21_S213;DB_21_S214;DB_21_S216;DB_21_S218;DB_21_S219;DB_21_S220;DB_21_S222;DB_21_S224;DB_21_S226;DB_21_S227;DB_21_S229;DB_21_S231;DB_21_S232;DB_21_S233;DB_21_S234;DB_21_S236;DB_21_S237;DB_21_S239;DB_21_S240;DB_21_S242;DB_21_S243;DB_21_S244;DB_21_S245;DB_21_S248;DB_21_S249;DB_21_S250;DB_21_S251;DB_21_S252;DB_21_S253;DB_21_S254;DB_21_S255;DB_21_S256;DB_21_S257;DB_21_S258;DB_21_S259;DB_21_S260;DB_21_S262;DB_21_S263;DB_21_S264;DB_21_S265;DB_21_S266;DB_21_S268;DB_21_S269;DB_21_S270;DB_21_S271;DB_21_S272;DB_21_S273;DB_21_S274;DB_21_S275;DB_21_S276;DB_21_S277;DB_21_S278;DB_21_S279;DB_21_S282;DB_21_S283;DB_21_S284;DB_21_S285;DB_21_S286;DB_21_S287;DB_21_S288;DB_21_S289;DB_21_S290;DB_21_S291;DB_21_S292;DB_21_S293;DB_21_S294;DB_21_S295;DB_21_S296;DB_21_S297;DB_21_S298;DB_21_S299;DB_21_S300;DB_21_S301;DB_21_S305;DB_21_S307;DB_21_S308;DB_21_S309;DB_21_S310;DB_21_S311;DB_21_S313;DB_21_S314;DB_21_S315;DB_21_S316;DB_21_S318;DB_21_S319;DB_21_S320;DB_21_S321;DB_21_S322;DB_21_S323;DB_21_S324;DB_21_S327;DB_21_S328;DB_21_S329;DB_21_S330;DB_21_S331;DB_21_S333;DB_21_S335;DB_21_S336;DB_21_S337;DB_21_S338;DB_21_S340;DB_21_S341;DB_21_S343;DB_21_S344;DB_21_S345;DB_21_S346;DB_21_S347;DB_21_S348;DB_21_S349;DB_21_S350;DB_21_S351;DB_21_S352;DB_21_S353;DB_21_S354;DB_21_S355;DB_21_S356;DB_21_S357;DB_21_S358;DB_21_S359;DB_21_S360;DB_21_S361;DB_21_S362;DB_21_S363;DB_21_S364;DB_21_S365;DB_21_S366;DB_21_S367;DB_21_S368;DB_21_S369;DB_21_S370;DB_21_S371;DB_21_S372;DB_21_S373;DB_21_S374;DB_21_S375;DB_21_S376;DB_21_S377;DB_21_S378;DB_21_S380;DB_21_S381;DB_21_S382;DB_21_S383;DB_21_S384;DB_21_S385;DB_21_S386;DB_21_S388;DB_21_S391;DB_21_S392;DB_21_S393;DB_21_S395;DB_21_S396;DB_21_S397;DB_21_S398;DB_21_S399;DB_21_S400;DB_21_S402;DB_21_S403;DB_21_S404;DB_21_S405;DB_21_S406;DB_21_S407;DB_21_S408;DB_21_S410;DB_21_S411;DB_21_S412;DB_21_S413;DB_21_S414;DB_21_S415;DB_21_S416;DB_21_S417;DB_21_S418;DB_21_S419;DB_21_S421;DB_21_S422;DB_21_S423;DB_21_S424;DB_21_S425;DB_21_S427;DB_21_S428;DB_21_S430;DB_21_S431;DB_21_S432;DB_21_S433;DB_21_S434;DB_21_S435;DB_21_S436;DB_21_S438;DB_21_S439;DB_21_S440;DB_21_S441;DB_21_S442;DB_21_S444;DB_21_S445;DB_21_S447;DB_21_S450;DB_21_S451;DB_21_S452;DB_21_S453;DB_21_S454;DB_21_S455;DB_21_S457;DB_21_S458;DB_21_S459,C3PA_Dataset/Annotations/DB/21.csv
DB_210,105,ra6,licensing data to Customers for re-licensing / resale and/or for their own business purposes,Categories of Personal Information Shared / Disclosed,DB_210_S201;DB_210_S252;DB_210_S306,C3PA_Dataset/Annotations/DB/210.csv
DB_210,106,ra6,licensing data to Customers for re-licensing / resale and/or for their own business purposes,Categories of Personal Information Sold,DB_210_S201;DB_210_S252;DB_210_S306,C3PA_Dataset/Annotations/DB/210.csv
DB_210,112,ra6,"performing services for Customers, maintaining or servicing accounts, providing customer service, processing or fulfilling transactions, verifying Customer information;",Categories of Personal Information Sold,DB_210_S200;DB_210_S236,C3PA_Dataset/Annotations/DB/210.csv
DB_210,115,ra6,licensing data to Customers for re-licensing / resale and/or for their own business purposes,Categories of Personal Information Shared / Disclosed,DB_210_S201;DB_210_S252;DB_210_S306,C3PA_Dataset/Annotations/DB/210.csv
DB_210,116,ra6,licensing data to Customers for re-licensing / resale and/or for their own business purposes,Categories of Personal Information Sold,DB_210_S201;DB_210_S252;DB_210_S306,C3PA_Dataset/Annotations/DB/210.csv
DB_210,126,ra6,licensing data to Customers for re-licensing / resale and/or for their own business purposes,Categories of Personal Information Shared / Disclosed,DB_210_S201;DB_210_S252;DB_210_S306,C3PA_Dataset/Annotations/DB/210.csv
DB_210,161,ra1,Personal Information That We Collect,Categories of Personal Information Collected,DB_210_S6;DB_210_S32;DB_210_S172,C3PA_Dataset/Annotations/DB/210.csv
DB_210,162,ra1,How Salutary Data Uses the Information That We Collect,Categories of Personal Information Collected,DB_210_S7;DB_210_S69,C3PA_Dataset/Annotations/DB/210.csv
DB_210,165,ra1,Changes to this Privacy Policy,Updated Privacy Policy,DB_210_S12;DB_210_S135,C3PA_Dataset/Annotations/DB/210.csv
DB_211,13,ra5,The right to opt out of the sale of their personal information (see below);,Description of Right to Opt-out of sale of PI,DB_211_S75;DB_211_S100,C3PA_Dataset/Annotations/DB/211.csv
DB_211,37,ra4,How We Use Personal Information,Categories of Personal Information Collected,DB_211_S15;DB_211_S51,C3PA_Dataset/Annotations/DB/211.csv
DB_211,38,ra4,How We Use Personal Information,Categories of Personal Information Shared / Disclosed,DB_211_S15;DB_211_S51,C3PA_Dataset/Annotations/DB/211.csv
DB_211,39,ra4,How We Use Personal Information,Categories of Personal Information Sold,DB_211_S15;DB_211_S51,C3PA_Dataset/Annotations/DB/211.csv
DB_211,58,ra4,The right to opt out of the sale of their personal information (see below);,Description of Right to Opt-out of sale of PI,DB_211_S75;DB_211_S100,C3PA_Dataset/Annotations/DB/211.csv
DB_211,94,ra1,The right to opt out of the sale of their personal information (see below);,Description of Right to Opt-out of sale of PI,DB_211_S75;DB_211_S100,C3PA_Dataset/Annotations/DB/211.csv
DB_213,117,ra4,Data analytics services and data aggregators; Third party mobile applications and websites; and OUTLOGIC affiliate owned and operated mobile applications and websites,Categories of Personal Information Collected,DB_213_S255;DB_213_S260,C3PA_Dataset/Annotations/DB/213.csv
DB_213,119,ra4,"Advertising networks (e.g., demand-side platforms, agency trading platforms); Agencies and advertisers; Data aggregators and resellers; Data analytics services; Financial institutions; Government entities and information services; Outlogic affiliates; and App Publishers",Categories of Personal Information Shared / Disclosed,DB_213_S257;DB_213_S267;DB_213_S278,C3PA_Dataset/Annotations/DB/213.csv
DB_213,120,ra4,"Advertising networks (e.g., demand-side platforms, agency trading platforms); Agencies and advertisers; Data aggregators and resellers; Data analytics services; Financial institutions; Government entities and information services; Outlogic affiliates; and App Publishers",Categories of Personal Information Sold,DB_213_S257;DB_213_S267;DB_213_S278,C3PA_Dataset/Annotations/DB/213.csv
DB_213,122,ra4,Data analytics services and data aggregators; Third party mobile applications and websites; and OUTLOGIC affiliate owned and operated mobile applications and websites,Categories of Personal Information Collected,DB_213_S255;DB_213_S260,C3PA_Dataset/Annotations/DB/213.csv
DB_213,129,ra4," Advertising networks (e.g., demand-side platforms, agency trading platforms); Agencies and advertisers; Data aggregators and resellers; Data analytics services; Financial institutions; Government entities and information services; Outlogic affiliates; and App Publishers",Categories of Personal Information Sold,DB_213_S257;DB_213_S267;DB_213_S278,C3PA_Dataset/Annotations/DB/213.csv
DB_213,130,ra4,"Advertising networks (e.g., demand-side platforms, agency trading platforms); Agencies and advertisers; Data aggregators and resellers; Data analytics services; Financial institutions; Government entities and information services; Outlogic affiliates; and App Publishers",Categories of Personal Information Shared / Disclosed,DB_213_S257;DB_213_S267;DB_213_S278,C3PA_Dataset/Annotations/DB/213.csv
DB_213,139,ra4,Data analytics services and data aggregators; Third party mobile applications and websites; and OUTLOGIC affiliate owned and operated mobile applications and websites ,Categories of Personal Information Collected,DB_213_S255;DB_213_S260,C3PA_Dataset/Annotations/DB/213.csv
DB_213,142,ra4,"Advertising networks (e.g., demand-side platforms, agency trading platforms); Agencies and advertisers; Data aggregators and resellers; Data analytics services; Financial institutions; Government entities and information services; Outlogic affiliates; and App Publishers",Categories of Personal Information Sold,DB_213_S257;DB_213_S267;DB_213_S278,C3PA_Dataset/Annotations/DB/213.csv
DB_213,143,ra4,"Advertising networks (e.g., demand-side platforms, agency trading platforms); Agencies and advertisers; Data aggregators and resellers; Data analytics services; Financial institutions; Government entities and information services; Outlogic affiliates; and App Publishers",Categories of Personal Information Shared / Disclosed,DB_213_S257;DB_213_S267;DB_213_S278,C3PA_Dataset/Annotations/DB/213.csv
DB_213,144,ra4,The Business Purposes We Have for Collecting and Sharing Personal Information,Categories of Personal Information Collected,DB_213_S242;DB_213_S279,C3PA_Dataset/Annotations/DB/213.csv
DB_213,145,ra4,The Business Purposes We Have for Collecting and Sharing Personal Information,Categories of Personal Information Shared / Disclosed,DB_213_S242;DB_213_S279,C3PA_Dataset/Annotations/DB/213.csv
DB_214,2,ra5,Click Here to OPT OUT: DO NOT SELL MY PERSONAL INFORMATION,Description of Right to Opt-out of sale of PI,DB_214_S26;DB_214_S31;DB_214_S36;DB_214_S40;DB_214_S52;DB_214_S62,C3PA_Dataset/Annotations/DB/214.csv
DB_214,3,ra5,Click Here to OPT OUT: DO NOT SELL MY PERSONAL INFORMATION,Methods to exercise rights,DB_214_S26;DB_214_S31;DB_214_S36;DB_214_S40;DB_214_S52;DB_214_S62,C3PA_Dataset/Annotations/DB/214.csv
DB_214,21,ra6,Click Here to OPT OUT: DO NOT SELL MY PERSONAL INFORMATION,Methods to exercise rights,DB_214_S26;DB_214_S31;DB_214_S36;DB_214_S40;DB_214_S52;DB_214_S62,C3PA_Dataset/Annotations/DB/214.csv
DB_214,22,ra6,Click Here to OPT OUT: DO NOT SELL MY PERSONAL INFORMATION,Methods to exercise rights,DB_214_S26;DB_214_S31;DB_214_S36;DB_214_S40;DB_214_S52;DB_214_S62,C3PA_Dataset/Annotations/DB/214.csv
DB_214,23,ra6,Click Here to OPT OUT: DO NOT SELL MY PERSONAL INFORMATION,Methods to exercise rights,DB_214_S26;DB_214_S31;DB_214_S36;DB_214_S40;DB_214_S52;DB_214_S62,C3PA_Dataset/Annotations/DB/214.csv
DB_214,26,ra6,Click Here to OPT OUT: DO NOT SELL MY PERSONAL INFORMATION,Methods to exercise rights,DB_214_S26;DB_214_S31;DB_214_S36;DB_214_S40;DB_214_S52;DB_214_S62,C3PA_Dataset/Annotations/DB/214.csv
DB_214,29,ra6,You have the right to request correction of your personal information.,Description of Right to Correct Information,DB_214_S46;DB_214_S57,C3PA_Dataset/Annotations/DB/214.csv
DB_214,34,ra6,Click Here to OPT OUT: DO NOT SELL MY PERSONAL INFORMATION,Methods to exercise rights,DB_214_S26;DB_214_S31;DB_214_S36;DB_214_S40;DB_214_S52;DB_214_S62,C3PA_Dataset/Annotations/DB/214.csv
DB_214,40,ra1,Click Here to OPT OUT: DO NOT SELL MY PERSONAL INFORMATION,Methods to exercise rights,DB_214_S26;DB_214_S31;DB_214_S36;DB_214_S40;DB_214_S52;DB_214_S62,C3PA_Dataset/Annotations/DB/214.csv
DB_214,41,ra1,"To properly verify your information, ACH will require you to submit the following: Full name, Address, City, State, Zip Code.",Categories of Personal Information Collected,DB_214_S27;DB_214_S32;DB_214_S37;DB_214_S41;DB_214_S53;DB_214_S63,C3PA_Dataset/Annotations/DB/214.csv
DB_214,43,ra1,Click Here to OPT OUT: DO NOT SELL MY PERSONAL INFORMATION,Methods to exercise rights,DB_214_S26;DB_214_S31;DB_214_S36;DB_214_S40;DB_214_S52;DB_214_S62,C3PA_Dataset/Annotations/DB/214.csv
DB_214,44,ra1,"To properly verify your information, ACH will require you to submit the following: Full name, Address, City, State, Zip Code.",Categories of Personal Information Collected,DB_214_S27;DB_214_S32;DB_214_S37;DB_214_S41;DB_214_S53;DB_214_S63,C3PA_Dataset/Annotations/DB/214.csv
DB_214,46,ra1,Click Here to OPT OUT: DO NOT SELL MY PERSONAL INFORMATION,Methods to exercise rights,DB_214_S26;DB_214_S31;DB_214_S36;DB_214_S40;DB_214_S52;DB_214_S62,C3PA_Dataset/Annotations/DB/214.csv
DB_214,47,ra1,"Full name, Address, City, State, Zip Code.",Categories of Personal Information Collected,DB_214_S27;DB_214_S32;DB_214_S37;DB_214_S41;DB_214_S53;DB_214_S63,C3PA_Dataset/Annotations/DB/214.csv
DB_214,50,ra1,"Full name, Address, City, State, Zip Code.",Categories of Personal Information Collected,DB_214_S27;DB_214_S32;DB_214_S37;DB_214_S41;DB_214_S53;DB_214_S63,C3PA_Dataset/Annotations/DB/214.csv
DB_214,51,ra1,Click Here to OPT OUT: DO NOT SELL MY PERSONAL INFORMATION,Methods to exercise rights,DB_214_S26;DB_214_S31;DB_214_S36;DB_214_S40;DB_214_S52;DB_214_S62,C3PA_Dataset/Annotations/DB/214.csv
DB_214,54,ra1,You have the right to request correction of your personal information.,Description of Right to Correct Information,DB_214_S46;DB_214_S57,C3PA_Dataset/Annotations/DB/214.csv
DB_214,59,ra1,Click Here to OPT OUT: DO NOT SELL MY PERSONAL INFORMATION,Methods to exercise rights,DB_214_S26;DB_214_S31;DB_214_S36;DB_214_S40;DB_214_S52;DB_214_S62,C3PA_Dataset/Annotations/DB/214.csv
DB_214,60,ra1,"Full name, Address, City, State, Zip Code.",Categories of Personal Information Collected,DB_214_S27;DB_214_S32;DB_214_S37;DB_214_S41;DB_214_S53;DB_214_S63,C3PA_Dataset/Annotations/DB/214.csv
DB_215,57,ra1,"Updated: January 1, 2020",Updated Privacy Policy,DB_215_S6;DB_215_S119,C3PA_Dataset/Annotations/DB/215.csv
DB_215,66,ra1,"Once we receive and confirm a verifiable consumer opt-out request, we will no longer sell that consumer’s personal information, unless an exception applies, and direct our customers to do the same.",Others,DB_215_S52;DB_215_S57,C3PA_Dataset/Annotations/DB/215.csv
DB_215,69,ra1,"Once we receive and confirm a verifiable consumer opt-out request, we will no longer sell that consumer’s personal information, unless an exception applies, and direct our customers to do the same.",Description of Right to Opt-out of sale of PI,DB_215_S52;DB_215_S57,C3PA_Dataset/Annotations/DB/215.csv
DB_215,76,ra1,Data Collected on Our Website ,Categories of Personal Information Collected,DB_215_S19;DB_215_S74,C3PA_Dataset/Annotations/DB/215.csv
DB_216,6,ra5,Right to Deletion,Description of Right to Delete,DB_216_S53;DB_216_S75,C3PA_Dataset/Annotations/DB/216.csv
DB_216,7,ra5,Right to Opt Out,Description of Right to Opt-out of sale of PI,DB_216_S54;DB_216_S76,C3PA_Dataset/Annotations/DB/216.csv
DB_216,8,ra5,Right to Correction,Description of Right to Correct Information,DB_216_S55;DB_216_S77,C3PA_Dataset/Annotations/DB/216.csv
DB_216,9,ra5,Right Not to be Discriminated Against,Description of Right to Non-discrimination on exercising rights,DB_216_S56;DB_216_S78,C3PA_Dataset/Annotations/DB/216.csv
DB_216,10,ra5,Fill out the form on this page to submit your rights request. ,Methods to exercise rights,DB_216_S58;DB_216_S68;DB_216_S79,C3PA_Dataset/Annotations/DB/216.csv
DB_216,17,ra4,Right to Know and Right to Access,Description of Right to Know PI Collected,DB_216_S52;DB_216_S74,C3PA_Dataset/Annotations/DB/216.csv
DB_216,18,ra4,Right to Know and Right to Access,Description of Right to Know PI sold / shared,DB_216_S52;DB_216_S74,C3PA_Dataset/Annotations/DB/216.csv
DB_216,19,ra4,Right to Deletion,Description of Right to Delete,DB_216_S53;DB_216_S75,C3PA_Dataset/Annotations/DB/216.csv
DB_216,20,ra4,Right to Opt Out,Description of Right to Opt-out of sale of PI,DB_216_S54;DB_216_S76,C3PA_Dataset/Annotations/DB/216.csv
DB_216,21,ra4,Right to Correction,Description of Right to Correct Information,DB_216_S55;DB_216_S77,C3PA_Dataset/Annotations/DB/216.csv
DB_216,22,ra4,Right Not to be Discriminated Against,Description of Right to Non-discrimination on exercising rights,DB_216_S56;DB_216_S78,C3PA_Dataset/Annotations/DB/216.csv
DB_216,23,ra4,Fill out the form on this page to submit your rights request.,Methods to exercise rights,DB_216_S58;DB_216_S68;DB_216_S79,C3PA_Dataset/Annotations/DB/216.csv
DB_216,30,ra1,Right to Know and Right to Access,Description of Right to Know PI Collected,DB_216_S52;DB_216_S74,C3PA_Dataset/Annotations/DB/216.csv
DB_216,31,ra1,Right to Deletion,Description of Right to Delete,DB_216_S53;DB_216_S75,C3PA_Dataset/Annotations/DB/216.csv
DB_216,32,ra1,Right to Opt Out,Description of Right to Opt-out of sale of PI,DB_216_S54;DB_216_S76,C3PA_Dataset/Annotations/DB/216.csv
DB_216,33,ra1,Right to Correction,Description of Right to Correct Information,DB_216_S55;DB_216_S77,C3PA_Dataset/Annotations/DB/216.csv
DB_216,34,ra1,Right Not to be Discriminated Against,Description of Right to Non-discrimination on exercising rights,DB_216_S56;DB_216_S78,C3PA_Dataset/Annotations/DB/216.csv
DB_216,36,ra1,The information you provide will only be used to fulfil your request.,Categories of Personal Information Collected,DB_216_S59;DB_216_S69;DB_216_S80,C3PA_Dataset/Annotations/DB/216.csv
DB_217,8,ra5,Signature,Categories of Personal Information Collected,DB_217_S92;DB_217_S93,C3PA_Dataset/Annotations/DB/217.csv
DB_218,90,ra4,Our Collection of Personal Information,Categories of Personal Information Collected,DB_218_S185;DB_218_S196,C3PA_Dataset/Annotations/DB/218.csv
DB_218,93,ra4,Our Disclosure and Sale of Personal Information,Categories of Personal Information Shared / Disclosed,DB_218_S187;DB_218_S230,C3PA_Dataset/Annotations/DB/218.csv
DB_218,94,ra4,Our Disclosure and Sale of Personal Information,Categories of Personal Information Sold,DB_218_S187;DB_218_S230,C3PA_Dataset/Annotations/DB/218.csv
DB_218,164,ra1,f,Methods to exercise rights,DB_218_S4;DB_218_S8;DB_218_S25;DB_218_S26;DB_218_S27;DB_218_S28;DB_218_S29;DB_218_S30;DB_218_S31;DB_218_S34;DB_218_S35;DB_218_S36;DB_218_S37;DB_218_S38;DB_218_S39;DB_218_S40;DB_218_S41;DB_218_S43;DB_218_S44;DB_218_S45;DB_218_S46;DB_218_S47;DB_218_S49;DB_218_S50;DB_218_S51;DB_218_S53;DB_218_S54;DB_218_S55;DB_218_S57;DB_218_S58;DB_218_S59;DB_218_S61;DB_218_S63;DB_218_S65;DB_218_S66;DB_218_S67;DB_218_S68;DB_218_S69;DB_218_S70;DB_218_S71;DB_218_S72;DB_218_S73;DB_218_S74;DB_218_S75;DB_218_S76;DB_218_S77;DB_218_S78;DB_218_S80;DB_218_S81;DB_218_S83;DB_218_S84;DB_218_S86;DB_218_S87;DB_218_S89;DB_218_S90;DB_218_S91;DB_218_S92;DB_218_S96;DB_218_S97;DB_218_S98;DB_218_S100;DB_218_S101;DB_218_S102;DB_218_S104;DB_218_S105;DB_218_S107;DB_218_S108;DB_218_S112;DB_218_S113;DB_218_S114;DB_218_S116;DB_218_S117;DB_218_S118;DB_218_S119;DB_218_S120;DB_218_S121;DB_218_S122;DB_218_S126;DB_218_S127;DB_218_S128;DB_218_S129;DB_218_S131;DB_218_S132;DB_218_S133;DB_218_S134;DB_218_S135;DB_218_S136;DB_218_S137;DB_218_S138;DB_218_S139;DB_218_S140;DB_218_S141;DB_218_S142;DB_218_S143;DB_218_S144;DB_218_S145;DB_218_S146;DB_218_S149;DB_218_S150;DB_218_S154;DB_218_S155;DB_218_S158;DB_218_S159;DB_218_S160;DB_218_S162;DB_218_S163;DB_218_S164;DB_218_S165;DB_218_S167;DB_218_S168;DB_218_S172;DB_218_S173;DB_218_S177;DB_218_S178;DB_218_S179;DB_218_S180;DB_218_S181;DB_218_S182;DB_218_S185;DB_218_S187;DB_218_S189;DB_218_S191;DB_218_S192;DB_218_S193;DB_218_S194;DB_218_S196;DB_218_S197;DB_218_S198;DB_218_S200;DB_218_S201;DB_218_S202;DB_218_S203;DB_218_S207;DB_218_S208;DB_218_S213;DB_218_S217;DB_218_S222;DB_218_S226;DB_218_S227;DB_218_S230;DB_218_S231;DB_218_S232;DB_218_S233;DB_218_S234;DB_218_S235;DB_218_S236;DB_218_S237;DB_218_S240;DB_218_S241;DB_218_S243;DB_218_S246;DB_218_S249;DB_218_S252;DB_218_S255;DB_218_S257;DB_218_S260;DB_218_S263;DB_218_S264;DB_218_S266;DB_218_S269;DB_218_S270;DB_218_S271;DB_218_S272;DB_218_S273;DB_218_S274;DB_218_S275;DB_218_S276;DB_218_S278;DB_218_S279;DB_218_S280;DB_218_S281;DB_218_S282;DB_218_S283;DB_218_S284;DB_218_S285;DB_218_S286;DB_218_S287;DB_218_S288;DB_218_S289;DB_218_S290;DB_218_S292;DB_218_S293;DB_218_S294;DB_218_S295;DB_218_S296;DB_218_S299;DB_218_S300;DB_218_S301;DB_218_S303;DB_218_S304;DB_218_S305;DB_218_S306;DB_218_S307;DB_218_S308;DB_218_S309;DB_218_S310;DB_218_S311;DB_218_S312;DB_218_S313;DB_218_S314;DB_218_S315;DB_218_S316;DB_218_S317;DB_218_S318;DB_218_S319;DB_218_S320;DB_218_S321;DB_218_S322;DB_218_S323;DB_218_S324;DB_218_S325;DB_218_S326;DB_218_S327;DB_218_S328;DB_218_S329;DB_218_S330;DB_218_S331;DB_218_S332;DB_218_S333;DB_218_S334;DB_218_S335;DB_218_S336;DB_218_S337;DB_218_S339;DB_218_S340;DB_218_S341;DB_218_S342;DB_218_S343;DB_218_S345;DB_218_S346;DB_218_S348;DB_218_S350;DB_218_S352;DB_218_S353;DB_218_S357;DB_218_S361;DB_218_S362;DB_218_S363,C3PA_Dataset/Annotations/DB/218.csv
DB_219,54,ra4, Customers (to provide the Lead Generation Services),Categories of Personal Information Sold,DB_219_S149;DB_219_S153;DB_219_S161,C3PA_Dataset/Annotations/DB/219.csv
DB_219,58,ra4, Customers (to provide the Lead Generation Services),Categories of Personal Information Sold,DB_219_S149;DB_219_S153;DB_219_S161,C3PA_Dataset/Annotations/DB/219.csv
DB_219,65,ra4,Customers (to provide the Lead Generation Services),Categories of Personal Information Sold,DB_219_S149;DB_219_S153;DB_219_S161,C3PA_Dataset/Annotations/DB/219.csv
DB_219,105,ra1,Identifiers,Categories of Personal Information Sold,DB_219_S19;DB_219_S26;DB_219_S31;DB_219_S146,C3PA_Dataset/Annotations/DB/219.csv
DB_219,106,ra1,Identifiers,Categories of Personal Information Shared / Disclosed,DB_219_S19;DB_219_S26;DB_219_S31;DB_219_S146,C3PA_Dataset/Annotations/DB/219.csv
DB_219,107,ra1,Identifiers,Categories of Personal Information Collected,DB_219_S19;DB_219_S26;DB_219_S31;DB_219_S146,C3PA_Dataset/Annotations/DB/219.csv
DB_220,114,ra1,How do we collect information?,Categories of Personal Information Collected,DB_220_S179;DB_220_S304,C3PA_Dataset/Annotations/DB/220.csv
DB_220,120,ra1,What happens if this Privacy Statement is changed?,Updated Privacy Policy,DB_220_S257;DB_220_S843,C3PA_Dataset/Annotations/DB/220.csv
DB_221,11,ra5,r,Categories of Personal Information Collected,DB_221_S2;DB_221_S3;DB_221_S6;DB_221_S7;DB_221_S8;DB_221_S9;DB_221_S10;DB_221_S11;DB_221_S12;DB_221_S13;DB_221_S14;DB_221_S15;DB_221_S17;DB_221_S18;DB_221_S19;DB_221_S20;DB_221_S21;DB_221_S22;DB_221_S23;DB_221_S24;DB_221_S25;DB_221_S26;DB_221_S28;DB_221_S29;DB_221_S30;DB_221_S31;DB_221_S32;DB_221_S33;DB_221_S34;DB_221_S35;DB_221_S36;DB_221_S37;DB_221_S38;DB_221_S39;DB_221_S40;DB_221_S41;DB_221_S42;DB_221_S43;DB_221_S44;DB_221_S45;DB_221_S46;DB_221_S47;DB_221_S48;DB_221_S49;DB_221_S50;DB_221_S51;DB_221_S52;DB_221_S53;DB_221_S54;DB_221_S55;DB_221_S56;DB_221_S57;DB_221_S58;DB_221_S59;DB_221_S60;DB_221_S61;DB_221_S62;DB_221_S63;DB_221_S64;DB_221_S65;DB_221_S66;DB_221_S67;DB_221_S68;DB_221_S69;DB_221_S70;DB_221_S71;DB_221_S72;DB_221_S73;DB_221_S74;DB_221_S75;DB_221_S76;DB_221_S77;DB_221_S78;DB_221_S79;DB_221_S80;DB_221_S81;DB_221_S82;DB_221_S83;DB_221_S84;DB_221_S85;DB_221_S86;DB_221_S87;DB_221_S88;DB_221_S89;DB_221_S90;DB_221_S91;DB_221_S92;DB_221_S93;DB_221_S94;DB_221_S95;DB_221_S96;DB_221_S97;DB_221_S98;DB_221_S99;DB_221_S100;DB_221_S101;DB_221_S102;DB_221_S103;DB_221_S104;DB_221_S105;DB_221_S106;DB_221_S107;DB_221_S108;DB_221_S110;DB_221_S111;DB_221_S112;DB_221_S113;DB_221_S114;DB_221_S116;DB_221_S117;DB_221_S118;DB_221_S119;DB_221_S120;DB_221_S121;DB_221_S123;DB_221_S124;DB_221_S125;DB_221_S126;DB_221_S127;DB_221_S128;DB_221_S129;DB_221_S130;DB_221_S132;DB_221_S133;DB_221_S134;DB_221_S135;DB_221_S136;DB_221_S138;DB_221_S139;DB_221_S140;DB_221_S141;DB_221_S142;DB_221_S143;DB_221_S144;DB_221_S145;DB_221_S146;DB_221_S147;DB_221_S148;DB_221_S149;DB_221_S150;DB_221_S151;DB_221_S152;DB_221_S153;DB_221_S154;DB_221_S155;DB_221_S156;DB_221_S157;DB_221_S158;DB_221_S159;DB_221_S161;DB_221_S162;DB_221_S163;DB_221_S164;DB_221_S165;DB_221_S167;DB_221_S168;DB_221_S169;DB_221_S170;DB_221_S172;DB_221_S173;DB_221_S174;DB_221_S175;DB_221_S176;DB_221_S177;DB_221_S178;DB_221_S179;DB_221_S180;DB_221_S181;DB_221_S182;DB_221_S183;DB_221_S184;DB_221_S185;DB_221_S187;DB_221_S188;DB_221_S189;DB_221_S190;DB_221_S191;DB_221_S192;DB_221_S193;DB_221_S194;DB_221_S195;DB_221_S196;DB_221_S197;DB_221_S198;DB_221_S199;DB_221_S200;DB_221_S201;DB_221_S202;DB_221_S203;DB_221_S204;DB_221_S205;DB_221_S206;DB_221_S207;DB_221_S208;DB_221_S209;DB_221_S210;DB_221_S211;DB_221_S212;DB_221_S213;DB_221_S214;DB_221_S216;DB_221_S217;DB_221_S218;DB_221_S219;DB_221_S221;DB_221_S222;DB_221_S223;DB_221_S224;DB_221_S226;DB_221_S227;DB_221_S228;DB_221_S229;DB_221_S230;DB_221_S231;DB_221_S232;DB_221_S233;DB_221_S235;DB_221_S236;DB_221_S237;DB_221_S238;DB_221_S239;DB_221_S240;DB_221_S241;DB_221_S242;DB_221_S243;DB_221_S244;DB_221_S245;DB_221_S247;DB_221_S248;DB_221_S249;DB_221_S250;DB_221_S251;DB_221_S252;DB_221_S253;DB_221_S254;DB_221_S255;DB_221_S256;DB_221_S257;DB_221_S258;DB_221_S259;DB_221_S260;DB_221_S261;DB_221_S262;DB_221_S263;DB_221_S264;DB_221_S265;DB_221_S266;DB_221_S267;DB_221_S268;DB_221_S269;DB_221_S270;DB_221_S271;DB_221_S272;DB_221_S273;DB_221_S274;DB_221_S275;DB_221_S276;DB_221_S277;DB_221_S278;DB_221_S279;DB_221_S280;DB_221_S281;DB_221_S282;DB_221_S283;DB_221_S284;DB_221_S285;DB_221_S286;DB_221_S287;DB_221_S289;DB_221_S290;DB_221_S292;DB_221_S293;DB_221_S294;DB_221_S296;DB_221_S297;DB_221_S298;DB_221_S299;DB_221_S301;DB_221_S302;DB_221_S303;DB_221_S304;DB_221_S305;DB_221_S306;DB_221_S307;DB_221_S308;DB_221_S310;DB_221_S311;DB_221_S312;DB_221_S313;DB_221_S316;DB_221_S317;DB_221_S319;DB_221_S320;DB_221_S321;DB_221_S322;DB_221_S323;DB_221_S324;DB_221_S325;DB_221_S326;DB_221_S327;DB_221_S328;DB_221_S329;DB_221_S330;DB_221_S331;DB_221_S332;DB_221_S333;DB_221_S334;DB_221_S335;DB_221_S336;DB_221_S337;DB_221_S338;DB_221_S339;DB_221_S340;DB_221_S341;DB_221_S342;DB_221_S343;DB_221_S344;DB_221_S345;DB_221_S346;DB_221_S347;DB_221_S348;DB_221_S349;DB_221_S350;DB_221_S351;DB_221_S352;DB_221_S353;DB_221_S354;DB_221_S355;DB_221_S356;DB_221_S357;DB_221_S358;DB_221_S359;DB_221_S360;DB_221_S361;DB_221_S362;DB_221_S363;DB_221_S364;DB_221_S365;DB_221_S366;DB_221_S367;DB_221_S368;DB_221_S369;DB_221_S370;DB_221_S371;DB_221_S372;DB_221_S373;DB_221_S374;DB_221_S375;DB_221_S376;DB_221_S377;DB_221_S378;DB_221_S379;DB_221_S380;DB_221_S381;DB_221_S382;DB_221_S383;DB_221_S384;DB_221_S385;DB_221_S386;DB_221_S387;DB_221_S388;DB_221_S389;DB_221_S390;DB_221_S391;DB_221_S392;DB_221_S393;DB_221_S394;DB_221_S395;DB_221_S396;DB_221_S397;DB_221_S398;DB_221_S399;DB_221_S400;DB_221_S404;DB_221_S405;DB_221_S406;DB_221_S407;DB_221_S408;DB_221_S409;DB_221_S410;DB_221_S411;DB_221_S412;DB_221_S414;DB_221_S415;DB_221_S416;DB_221_S417;DB_221_S418;DB_221_S419;DB_221_S420;DB_221_S421;DB_221_S422;DB_221_S423;DB_221_S424;DB_221_S425;DB_221_S426;DB_221_S427;DB_221_S428;DB_221_S429;DB_221_S430;DB_221_S431;DB_221_S432;DB_221_S433;DB_221_S434;DB_221_S435;DB_221_S436;DB_221_S437;DB_221_S438;DB_221_S439;DB_221_S440;DB_221_S441;DB_221_S442;DB_221_S443;DB_221_S444;DB_221_S445;DB_221_S446;DB_221_S447;DB_221_S448;DB_221_S449;DB_221_S450;DB_221_S451;DB_221_S452;DB_221_S453;DB_221_S454;DB_221_S455;DB_221_S456;DB_221_S457;DB_221_S458;DB_221_S459;DB_221_S460;DB_221_S461;DB_221_S462;DB_221_S463;DB_221_S464;DB_221_S465;DB_221_S466;DB_221_S469;DB_221_S470;DB_221_S471;DB_221_S472;DB_221_S473;DB_221_S474;DB_221_S475;DB_221_S476;DB_221_S477;DB_221_S478;DB_221_S479;DB_221_S480;DB_221_S481;DB_221_S482;DB_221_S483;DB_221_S484;DB_221_S485;DB_221_S486;DB_221_S487;DB_221_S488;DB_221_S489;DB_221_S490;DB_221_S491;DB_221_S492;DB_221_S493;DB_221_S494;DB_221_S495;DB_221_S496;DB_221_S497;DB_221_S498;DB_221_S499;DB_221_S501;DB_221_S502;DB_221_S503;DB_221_S504;DB_221_S505;DB_221_S506;DB_221_S507;DB_221_S508;DB_221_S509;DB_221_S512;DB_221_S513;DB_221_S514;DB_221_S515;DB_221_S516;DB_221_S517;DB_221_S518;DB_221_S519;DB_221_S520;DB_221_S521;DB_221_S522;DB_221_S523;DB_221_S525;DB_221_S526;DB_221_S527;DB_221_S528;DB_221_S530,C3PA_Dataset/Annotations/DB/221.csv
DB_222,46,ra4,Choices About How We Use and Disclose Your Information,Description of Right to Opt-out of sale of PI,DB_222_S226;DB_222_S234,C3PA_Dataset/Annotations/DB/222.csv
DB_226,84,ra6,Personal Information,Categories of Personal Information Shared / Disclosed,DB_226_S4;DB_226_S5;DB_226_S6;DB_226_S16;DB_226_S17;DB_226_S18;DB_226_S19;DB_226_S20;DB_226_S21;DB_226_S22;DB_226_S23;DB_226_S27;DB_226_S28;DB_226_S29;DB_226_S51;DB_226_S52;DB_226_S53;DB_226_S55;DB_226_S60;DB_226_S61;DB_226_S63;DB_226_S64;DB_226_S71;DB_226_S74;DB_226_S75;DB_226_S76;DB_226_S77;DB_226_S80;DB_226_S82;DB_226_S83;DB_226_S85;DB_226_S89;DB_226_S92;DB_226_S105;DB_226_S107;DB_226_S108;DB_226_S110;DB_226_S119;DB_226_S122;DB_226_S123;DB_226_S131;DB_226_S136;DB_226_S140;DB_226_S148;DB_226_S152;DB_226_S161;DB_226_S163;DB_226_S166;DB_226_S168;DB_226_S170;DB_226_S173;DB_226_S175;DB_226_S177;DB_226_S180;DB_226_S181;DB_226_S188;DB_226_S191;DB_226_S195;DB_226_S197;DB_226_S198;DB_226_S202;DB_226_S214;DB_226_S216;DB_226_S219;DB_226_S221;DB_226_S223;DB_226_S225;DB_226_S226;DB_226_S228;DB_226_S229;DB_226_S232;DB_226_S233;DB_226_S234;DB_226_S240;DB_226_S248;DB_226_S249;DB_226_S250;DB_226_S252;DB_226_S263;DB_226_S266;DB_226_S269;DB_226_S270;DB_226_S271;DB_226_S272;DB_226_S273;DB_226_S274;DB_226_S275;DB_226_S276;DB_226_S277;DB_226_S279;DB_226_S280;DB_226_S285;DB_226_S289;DB_226_S292;DB_226_S295;DB_226_S300;DB_226_S303;DB_226_S311;DB_226_S318,C3PA_Dataset/Annotations/DB/226.csv
DB_226,85,ra6,Identifiers,Categories of Personal Information Shared / Disclosed,DB_226_S54;DB_226_S200;DB_226_S218;DB_226_S219,C3PA_Dataset/Annotations/DB/226.csv
DB_226,86,ra6,Categories of personal information described in California Civil Code §1798.80(e),Categories of Personal Information Shared / Disclosed,DB_226_S55;DB_226_S202;DB_226_S219,C3PA_Dataset/Annotations/DB/226.csv
DB_226,87,ra6,Commercial information,Categories of Personal Information Shared / Disclosed,DB_226_S56;DB_226_S204;DB_226_S218,C3PA_Dataset/Annotations/DB/226.csv
DB_226,88,ra6,Internet or other electronic network activity information,Categories of Personal Information Shared / Disclosed,DB_226_S57;DB_226_S206;DB_226_S218,C3PA_Dataset/Annotations/DB/226.csv
DB_226,90,ra6,Professional or employment-related information,Categories of Personal Information Shared / Disclosed,DB_226_S59;DB_226_S210,C3PA_Dataset/Annotations/DB/226.csv
DB_226,91,ra6,Inferences,Categories of Personal Information Shared / Disclosed,DB_226_S60;DB_226_S212,C3PA_Dataset/Annotations/DB/226.csv
DB_226,93,ra6,Personal Information,Categories of Personal Information Shared / Disclosed,DB_226_S4;DB_226_S5;DB_226_S6;DB_226_S16;DB_226_S17;DB_226_S18;DB_226_S19;DB_226_S20;DB_226_S21;DB_226_S22;DB_226_S23;DB_226_S27;DB_226_S28;DB_226_S29;DB_226_S51;DB_226_S52;DB_226_S53;DB_226_S55;DB_226_S60;DB_226_S61;DB_226_S63;DB_226_S64;DB_226_S71;DB_226_S74;DB_226_S75;DB_226_S76;DB_226_S77;DB_226_S80;DB_226_S82;DB_226_S83;DB_226_S85;DB_226_S89;DB_226_S92;DB_226_S105;DB_226_S107;DB_226_S108;DB_226_S110;DB_226_S119;DB_226_S122;DB_226_S123;DB_226_S131;DB_226_S136;DB_226_S140;DB_226_S148;DB_226_S152;DB_226_S161;DB_226_S163;DB_226_S166;DB_226_S168;DB_226_S170;DB_226_S173;DB_226_S175;DB_226_S177;DB_226_S180;DB_226_S181;DB_226_S188;DB_226_S191;DB_226_S195;DB_226_S197;DB_226_S198;DB_226_S202;DB_226_S214;DB_226_S216;DB_226_S219;DB_226_S221;DB_226_S223;DB_226_S225;DB_226_S226;DB_226_S228;DB_226_S229;DB_226_S232;DB_226_S233;DB_226_S234;DB_226_S240;DB_226_S248;DB_226_S249;DB_226_S250;DB_226_S252;DB_226_S263;DB_226_S266;DB_226_S269;DB_226_S270;DB_226_S271;DB_226_S272;DB_226_S273;DB_226_S274;DB_226_S275;DB_226_S276;DB_226_S277;DB_226_S279;DB_226_S280;DB_226_S285;DB_226_S289;DB_226_S292;DB_226_S295;DB_226_S300;DB_226_S303;DB_226_S311;DB_226_S318,C3PA_Dataset/Annotations/DB/226.csv
DB_226,94,ra6,Identifiers,Categories of Personal Information Shared / Disclosed,DB_226_S54;DB_226_S200;DB_226_S218;DB_226_S219,C3PA_Dataset/Annotations/DB/226.csv
DB_226,95,ra6,Categories of personal information described in California Civil Code §1798.80(e) ,Categories of Personal Information Shared / Disclosed,DB_226_S55;DB_226_S202;DB_226_S219,C3PA_Dataset/Annotations/DB/226.csv
DB_226,96,ra6,Commercial information ,Categories of Personal Information Shared / Disclosed,DB_226_S56;DB_226_S204;DB_226_S218,C3PA_Dataset/Annotations/DB/226.csv
DB_226,97,ra6,Internet or other electronic network activity information,Categories of Personal Information Shared / Disclosed,DB_226_S57;DB_226_S206;DB_226_S218,C3PA_Dataset/Annotations/DB/226.csv
DB_226,99,ra6,Professional or employment-related informatio,Categories of Personal Information Shared / Disclosed,DB_226_S59;DB_226_S210,C3PA_Dataset/Annotations/DB/226.csv
DB_226,100,ra6, Inferences,Categories of Personal Information Shared / Disclosed,DB_226_S60;DB_226_S212,C3PA_Dataset/Annotations/DB/226.csv
DB_226,105,ra6,"(2) request deletion of Personal Information, subject to certain exceptions;",Description of Right to Delete,DB_226_S266;DB_226_S295,C3PA_Dataset/Annotations/DB/226.csv
DB_226,106,ra6,(3) request that CoStar correct inaccurate or incomplete Personal Information,Description of Right to Correct Information,DB_226_S266;DB_226_S295,C3PA_Dataset/Annotations/DB/226.csv
DB_226,107,ra6, (4) opt-out of the sale of Personal Information,Description of Right to Opt-out of sale of PI,DB_226_S266;DB_226_S295,C3PA_Dataset/Annotations/DB/226.csv
DB_226,153,ra1,"request deletion of Personal Information, subject to certain exceptions",Description of Right to Delete,DB_226_S266;DB_226_S295,C3PA_Dataset/Annotations/DB/226.csv
DB_226,154,ra1, request that CoStar correct inaccurate or incomplete Personal Information,Description of Right to Correct Information,DB_226_S266;DB_226_S295,C3PA_Dataset/Annotations/DB/226.csv
DB_226,155,ra1,opt-out of the sale of Personal Information,Description of Right to Opt-out of sale of PI,DB_226_S266;DB_226_S292;DB_226_S295,C3PA_Dataset/Annotations/DB/226.csv
DB_226,157,ra1,not receive discriminatory treatment by CoStar for exercising these rights.,Description of Right to Non-discrimination on exercising rights,DB_226_S266;DB_226_S295,C3PA_Dataset/Annotations/DB/226.csv
DB_226,167,ra1,"To make such a request, please Contact Us.",Methods to exercise rights,DB_226_S290;DB_226_S293;DB_226_S301;DB_226_S304,C3PA_Dataset/Annotations/DB/226.csv
DB_227,350,ra1,The information you provide will only be used to fulfill your CCPA request. ,Categories of Personal Information Collected,DB_227_S555;DB_227_S567;DB_227_S583;DB_227_S585,C3PA_Dataset/Annotations/DB/227.csv
DB_227,357,ra1,The information you provide will only be used to fulfill your CCPA request. ,Categories of Personal Information Collected,DB_227_S555;DB_227_S567;DB_227_S583;DB_227_S585,C3PA_Dataset/Annotations/DB/227.csv
DB_227,361,ra1,The information you provide will only be used to fulfill your CCPA request. ,Categories of Personal Information Collected,DB_227_S555;DB_227_S567;DB_227_S583;DB_227_S585,C3PA_Dataset/Annotations/DB/227.csv
DB_227,362,ra1,The information you provide will only be used to fulfill your CCPA request. ,Categories of Personal Information Collected,DB_227_S555;DB_227_S567;DB_227_S583;DB_227_S585,C3PA_Dataset/Annotations/DB/227.csv
DB_227,401,ra1,The business or commercial purpose for sharing such personal information,Categories of Personal Information Collected,DB_227_S678;DB_227_S679;DB_227_S824,C3PA_Dataset/Annotations/DB/227.csv
DB_227,402,ra1,The business or commercial purpose for sharing such personal information,Categories of Personal Information Sold,DB_227_S678;DB_227_S679;DB_227_S824,C3PA_Dataset/Annotations/DB/227.csv
DB_228,31,ra5,You can exercise this right by clicking here.,Methods to exercise rights,DB_228_S108;DB_228_S110,C3PA_Dataset/Annotations/DB/228.csv
DB_228,34,ra5,You can exercise this right by clicking here.,Methods to exercise rights,DB_228_S108;DB_228_S110,C3PA_Dataset/Annotations/DB/228.csv
DB_228,58,ra6,You can exercise this right by clicking here.,Methods to exercise rights,DB_228_S108;DB_228_S110,C3PA_Dataset/Annotations/DB/228.csv
DB_228,59,ra6, You can exercise this right by clicking here.,Methods to exercise rights,DB_228_S108;DB_228_S110,C3PA_Dataset/Annotations/DB/228.csv
DB_228,81,ra1,Access and Removal,Description of Right to Delete,DB_228_S73;DB_228_S105,C3PA_Dataset/Annotations/DB/228.csv
DB_228,91,ra1,You can exercise this right by clicking here.,Methods to exercise rights,DB_228_S108;DB_228_S110,C3PA_Dataset/Annotations/DB/228.csv
DB_228,93,ra1,You can exercise this right by clicking here.,Methods to exercise rights,DB_228_S108;DB_228_S110,C3PA_Dataset/Annotations/DB/228.csv
DB_229,60,ra5,I,Categories of Personal Information Sold,DB_229_S1;DB_229_S2;DB_229_S3;DB_229_S4;DB_229_S5;DB_229_S6;DB_229_S7;DB_229_S8;DB_229_S9;DB_229_S10;DB_229_S11;DB_229_S12;DB_229_S13;DB_229_S15;DB_229_S16;DB_229_S17;DB_229_S18;DB_229_S19;DB_229_S20;DB_229_S21;DB_229_S22;DB_229_S23;DB_229_S25;DB_229_S26;DB_229_S27;DB_229_S28;DB_229_S30;DB_229_S31;DB_229_S32;DB_229_S33;DB_229_S34;DB_229_S35;DB_229_S36;DB_229_S37;DB_229_S38;DB_229_S39;DB_229_S40;DB_229_S41;DB_229_S42;DB_229_S43;DB_229_S45;DB_229_S47;DB_229_S48;DB_229_S49;DB_229_S50;DB_229_S51;DB_229_S52;DB_229_S53;DB_229_S54;DB_229_S55;DB_229_S56;DB_229_S57;DB_229_S58;DB_229_S59;DB_229_S60;DB_229_S61;DB_229_S62;DB_229_S63;DB_229_S64;DB_229_S65;DB_229_S66;DB_229_S67;DB_229_S68;DB_229_S69;DB_229_S70;DB_229_S71;DB_229_S72;DB_229_S73;DB_229_S74;DB_229_S75;DB_229_S76;DB_229_S77;DB_229_S78;DB_229_S79;DB_229_S80;DB_229_S81;DB_229_S82;DB_229_S84;DB_229_S85;DB_229_S86;DB_229_S87;DB_229_S88;DB_229_S89;DB_229_S90;DB_229_S91;DB_229_S92;DB_229_S93;DB_229_S94;DB_229_S95;DB_229_S96;DB_229_S97;DB_229_S98;DB_229_S99;DB_229_S100;DB_229_S101;DB_229_S102;DB_229_S103;DB_229_S105;DB_229_S106;DB_229_S107;DB_229_S108;DB_229_S109;DB_229_S110;DB_229_S111;DB_229_S112;DB_229_S113;DB_229_S114;DB_229_S115;DB_229_S116;DB_229_S117;DB_229_S118;DB_229_S119;DB_229_S120;DB_229_S121;DB_229_S122;DB_229_S123;DB_229_S124;DB_229_S125;DB_229_S126;DB_229_S127;DB_229_S128;DB_229_S129;DB_229_S130;DB_229_S131;DB_229_S132;DB_229_S133;DB_229_S134;DB_229_S135;DB_229_S136;DB_229_S137;DB_229_S138;DB_229_S139;DB_229_S140;DB_229_S141;DB_229_S142;DB_229_S144;DB_229_S145;DB_229_S146;DB_229_S147;DB_229_S148;DB_229_S149;DB_229_S150;DB_229_S151;DB_229_S152;DB_229_S153;DB_229_S154;DB_229_S155;DB_229_S156;DB_229_S157;DB_229_S158;DB_229_S159;DB_229_S160;DB_229_S161;DB_229_S162;DB_229_S163;DB_229_S164;DB_229_S165;DB_229_S166;DB_229_S167;DB_229_S168;DB_229_S169;DB_229_S170;DB_229_S171;DB_229_S172;DB_229_S173;DB_229_S174;DB_229_S175;DB_229_S176;DB_229_S177;DB_229_S178;DB_229_S179;DB_229_S180;DB_229_S181;DB_229_S182;DB_229_S183;DB_229_S184;DB_229_S185;DB_229_S186;DB_229_S187;DB_229_S188;DB_229_S189;DB_229_S190;DB_229_S191;DB_229_S192;DB_229_S193;DB_229_S194;DB_229_S195;DB_229_S196;DB_229_S197;DB_229_S198;DB_229_S199;DB_229_S200;DB_229_S201;DB_229_S202;DB_229_S203;DB_229_S204;DB_229_S205;DB_229_S206;DB_229_S207;DB_229_S208;DB_229_S209;DB_229_S210;DB_229_S211;DB_229_S212;DB_229_S213;DB_229_S214;DB_229_S215;DB_229_S216;DB_229_S217;DB_229_S218;DB_229_S219;DB_229_S220;DB_229_S221;DB_229_S222;DB_229_S223;DB_229_S224;DB_229_S225;DB_229_S226;DB_229_S227;DB_229_S228;DB_229_S229;DB_229_S230;DB_229_S231;DB_229_S232;DB_229_S234;DB_229_S235;DB_229_S236;DB_229_S237;DB_229_S238;DB_229_S239;DB_229_S240;DB_229_S241;DB_229_S242;DB_229_S243;DB_229_S244;DB_229_S245;DB_229_S246;DB_229_S247;DB_229_S248;DB_229_S249;DB_229_S250;DB_229_S251;DB_229_S252;DB_229_S253;DB_229_S254;DB_229_S255;DB_229_S256;DB_229_S257;DB_229_S258;DB_229_S259;DB_229_S260;DB_229_S262;DB_229_S263;DB_229_S264;DB_229_S265;DB_229_S266;DB_229_S267;DB_229_S268;DB_229_S271;DB_229_S272;DB_229_S273;DB_229_S274;DB_229_S275;DB_229_S276;DB_229_S277;DB_229_S278;DB_229_S279;DB_229_S280;DB_229_S281;DB_229_S282;DB_229_S283;DB_229_S284;DB_229_S285;DB_229_S287;DB_229_S288;DB_229_S289;DB_229_S290;DB_229_S291;DB_229_S292;DB_229_S293;DB_229_S294;DB_229_S295;DB_229_S296;DB_229_S297;DB_229_S298;DB_229_S299;DB_229_S300;DB_229_S301;DB_229_S302;DB_229_S303;DB_229_S304;DB_229_S305;DB_229_S306;DB_229_S307;DB_229_S308;DB_229_S309;DB_229_S310;DB_229_S312;DB_229_S313;DB_229_S314;DB_229_S315;DB_229_S316;DB_229_S317;DB_229_S318;DB_229_S319;DB_229_S320;DB_229_S322;DB_229_S324;DB_229_S325;DB_229_S327;DB_229_S329;DB_229_S330;DB_229_S331;DB_229_S332;DB_229_S334;DB_229_S335;DB_229_S336;DB_229_S337;DB_229_S339;DB_229_S340;DB_229_S341;DB_229_S342;DB_229_S343;DB_229_S344;DB_229_S345;DB_229_S346;DB_229_S347;DB_229_S348;DB_229_S349;DB_229_S350;DB_229_S351;DB_229_S352;DB_229_S353;DB_229_S355;DB_229_S356;DB_229_S357;DB_229_S358;DB_229_S359;DB_229_S360;DB_229_S361;DB_229_S362;DB_229_S363;DB_229_S364;DB_229_S365;DB_229_S366;DB_229_S367;DB_229_S368;DB_229_S369;DB_229_S370;DB_229_S371;DB_229_S372;DB_229_S373;DB_229_S374;DB_229_S375;DB_229_S377;DB_229_S378;DB_229_S379;DB_229_S380;DB_229_S381;DB_229_S382;DB_229_S385;DB_229_S386;DB_229_S387;DB_229_S388;DB_229_S389;DB_229_S390;DB_229_S391;DB_229_S392;DB_229_S393;DB_229_S394;DB_229_S395;DB_229_S396;DB_229_S397;DB_229_S398;DB_229_S399;DB_229_S400;DB_229_S401;DB_229_S402;DB_229_S403;DB_229_S404;DB_229_S405;DB_229_S409;DB_229_S410;DB_229_S411;DB_229_S412;DB_229_S413,C3PA_Dataset/Annotations/DB/229.csv
DB_229,91,ra6,"We share this information with our service providers and business partners and affiliates, in order to enable our Services and products to function",Categories of Personal Information Collected,DB_229_S324;DB_229_S349;DB_229_S355;DB_229_S360,C3PA_Dataset/Annotations/DB/229.csv
DB_229,93,ra6,"We share this information with our service providers and business partners and affiliates, in order to enable our Services and products to function",Categories of Personal Information Shared / Disclosed,DB_229_S324;DB_229_S349;DB_229_S355;DB_229_S360,C3PA_Dataset/Annotations/DB/229.csv
DB_229,97,ra6,"We share this information with our service providers, third party advertising and analytics partners, and business partners and affiliates, in order to enable our Services and products to function",Categories of Personal Information Collected,DB_229_S329;DB_229_S334,C3PA_Dataset/Annotations/DB/229.csv
DB_229,98,ra6,"We share this information with our service providers, third party advertising and analytics partners, and business partners and affiliates, in order to enable our Services and products to function",Categories of Personal Information Shared / Disclosed,DB_229_S329;DB_229_S334,C3PA_Dataset/Annotations/DB/229.csv
DB_229,101,ra6,"We share this information with our service providers, third party advertising and analytics partners, and business partners and affiliates, in order to enable our Services and products to function",Categories of Personal Information Collected,DB_229_S329;DB_229_S334,C3PA_Dataset/Annotations/DB/229.csv
DB_229,104,ra6,"We share this information with our service providers, third party advertising and analytics partners, and business partners and affiliates, in order to enable our Services and products to function",Categories of Personal Information Shared / Disclosed,DB_229_S329;DB_229_S334,C3PA_Dataset/Annotations/DB/229.csv
DB_229,106,ra6,"We share this information with our service providers, third party advertising and analytics partners, and business partners and affiliates",Categories of Personal Information Collected,DB_229_S329;DB_229_S334;DB_229_S339,C3PA_Dataset/Annotations/DB/229.csv
DB_229,108,ra6,"We share this information with our service providers, third party advertising and analytics partners, and business partners and affiliates",Categories of Personal Information Shared / Disclosed,DB_229_S329;DB_229_S334;DB_229_S339,C3PA_Dataset/Annotations/DB/229.csv
DB_229,117,ra6,"	We share this information with our service providers and business partners and affiliates, in order to enable our Services and products to function",Categories of Personal Information Collected,DB_229_S324;DB_229_S349;DB_229_S355;DB_229_S360,C3PA_Dataset/Annotations/DB/229.csv
DB_229,119,ra6,"We share this information with our service providers and business partners and affiliates, in order to enable our Services and products to function",Categories of Personal Information Shared / Disclosed,DB_229_S324;DB_229_S349;DB_229_S355;DB_229_S360,C3PA_Dataset/Annotations/DB/229.csv
DB_229,162,ra1,"Your Choices and Accessing, Updating or Deleting Your Personal Data",Description of Right to Correct Information,DB_229_S21;DB_229_S166,C3PA_Dataset/Annotations/DB/229.csv
DB_229,163,ra1,"Your Choices and Accessing, Updating or Deleting Your Personal Data",Description of Right to Delete,DB_229_S21;DB_229_S166,C3PA_Dataset/Annotations/DB/229.csv
DB_229,164,ra1,"Your Choices and Accessing, Updating or Deleting Your Personal Data",Description of Right to Know PI Collected,DB_229_S21;DB_229_S166,C3PA_Dataset/Annotations/DB/229.csv
DB_23,91,ra4,Additional Marketing Services,Categories of Personal Information Collected,DB_23_S57;DB_23_S471,C3PA_Dataset/Annotations/DB/23.csv
DB_230,53,ra5,Targeting Cookies,Categories of Personal Information Shared / Disclosed,DB_230_S219;DB_230_S222;DB_230_S225;DB_230_S228;DB_230_S231;DB_230_S234;DB_230_S265;DB_230_S266,C3PA_Dataset/Annotations/DB/230.csv
DB_24,25,ra3,"The right to know what categories and specific pieces of Personal Information are collected, the categories of sources from which the Personal Information is collected, and the business purposes for which the Personal Information is disclosed, sold, or shared",Description of Right to Know PI sold / shared,DB_24_S169;DB_24_S280,C3PA_Dataset/Annotations/DB/24.csv
DB_24,26,ra3,"The right to know what categories and specific pieces of Personal Information are collected, the categories of sources from which the Personal Information is collected, and the business purposes for which the Personal Information is disclosed, sold, or shared",Description of Right to Know PI Collected,DB_24_S169;DB_24_S280,C3PA_Dataset/Annotations/DB/24.csv
DB_24,27,ra3,The right to request deletion of Personal Information collected by us,Description of Right to Delete,DB_24_S170;DB_24_S281,C3PA_Dataset/Annotations/DB/24.csv
DB_24,28,ra3,The right to request the correction of inaccurate information maintained by us,Description of Right to Correct Information,DB_24_S171;DB_24_S282,C3PA_Dataset/Annotations/DB/24.csv
DB_24,29,ra3,The right to opt-out of the sale of Personal Information,Description of Right to Opt-out of sale of PI,DB_24_S172;DB_24_S283,C3PA_Dataset/Annotations/DB/24.csv
DB_24,32,ra3,"To opt-out of the sale or sharing of Personal Information, please complete our interactive webform for Do Not Sell requests.",Methods to exercise rights,DB_24_S178;DB_24_S289,C3PA_Dataset/Annotations/DB/24.csv
DB_24,43,ra2,"The right to know what categories and specific pieces of Personal Information are collected, the categories of sources from which the Personal Information is collected, and the business purposes for which the Personal Information is disclosed, sold, or shared",Description of Right to Know PI Collected,DB_24_S169;DB_24_S280,C3PA_Dataset/Annotations/DB/24.csv
DB_24,44,ra2,"The right to know what categories and specific pieces of Personal Information are collected, the categories of sources from which the Personal Information is collected, and the business purposes for which the Personal Information is disclosed, sold, or shared",Description of Right to Know PI sold / shared,DB_24_S169;DB_24_S280,C3PA_Dataset/Annotations/DB/24.csv
DB_24,45,ra2,The right to request deletion of Personal Information collected by us,Description of Right to Delete,DB_24_S170;DB_24_S281,C3PA_Dataset/Annotations/DB/24.csv
DB_24,46,ra2,The right to request the correction of inaccurate information maintained by us,Description of Right to Correct Information,DB_24_S171;DB_24_S282,C3PA_Dataset/Annotations/DB/24.csv
DB_24,47,ra2,The right to opt-out of the sale of Personal Information,Description of Right to Opt-out of sale of PI,DB_24_S172;DB_24_S283,C3PA_Dataset/Annotations/DB/24.csv
DB_24,48,ra2,The right not to receive discriminatory treatment by us for choosing to exercise privacy rights,Description of Right to Non-discrimination on exercising rights,DB_24_S173;DB_24_S284,C3PA_Dataset/Annotations/DB/24.csv
DB_24,54,ra2,"The right to know what categories and specific pieces of Personal Information are collected, the categories of sources from which the Personal Information is collected, and the business purposes for which the Personal Information is disclosed, sold, or shared",Description of Right to Know PI Collected,DB_24_S169;DB_24_S280,C3PA_Dataset/Annotations/DB/24.csv
DB_24,55,ra2,"The right to know what categories and specific pieces of Personal Information are collected, the categories of sources from which the Personal Information is collected, and the business purposes for which the Personal Information is disclosed, sold, or shared",Description of Right to Know PI sold / shared,DB_24_S169;DB_24_S280,C3PA_Dataset/Annotations/DB/24.csv
DB_24,56,ra2,The right to request deletion of Personal Information collected by us,Description of Right to Delete,DB_24_S170;DB_24_S281,C3PA_Dataset/Annotations/DB/24.csv
DB_24,57,ra2,The right to request the correction of inaccurate information maintained by us,Description of Right to Correct Information,DB_24_S171;DB_24_S282,C3PA_Dataset/Annotations/DB/24.csv
DB_24,58,ra2,The right to opt-out of the sale of Personal Information,Description of Right to Opt-out of sale of PI,DB_24_S172;DB_24_S283,C3PA_Dataset/Annotations/DB/24.csv
DB_24,60,ra2,"Even after fulfilling a request for deletion, we are required to maintain records for statutory compliance.",Description of Right to Delete,DB_24_S174;DB_24_S285,C3PA_Dataset/Annotations/DB/24.csv
DB_24,74,ra1,Usage And Sharing,Categories of Personal Information Shared / Disclosed,DB_24_S19;DB_24_S47,C3PA_Dataset/Annotations/DB/24.csv
DB_24,75,ra1,Usage And Sharing,Categories of Personal Information Collected,DB_24_S19;DB_24_S47,C3PA_Dataset/Annotations/DB/24.csv
DB_24,91,ra1,"The right to know what categories and specific pieces of Personal Information are collected, the categories of sources from which the Personal Information is collected, and the business purposes for which the Personal Information is disclosed, sold, or shared",Description of Right to Know PI Collected,DB_24_S169;DB_24_S280,C3PA_Dataset/Annotations/DB/24.csv
DB_24,92,ra1,"The right to know what categories and specific pieces of Personal Information are collected, the categories of sources from which the Personal Information is collected, and the business purposes for which the Personal Information is disclosed, sold, or shared",Description of Right to Know PI sold / shared,DB_24_S169;DB_24_S280,C3PA_Dataset/Annotations/DB/24.csv
DB_24,93,ra1,The right to request deletion of Personal Information collected by us,Description of Right to Delete,DB_24_S170;DB_24_S281,C3PA_Dataset/Annotations/DB/24.csv
DB_24,94,ra1,The right to request the correction of inaccurate information maintained by us,Description of Right to Correct Information,DB_24_S171;DB_24_S282,C3PA_Dataset/Annotations/DB/24.csv
DB_24,95,ra1,The right to opt-out of the sale of Personal Information,Description of Right to Opt-out of sale of PI,DB_24_S172;DB_24_S283,C3PA_Dataset/Annotations/DB/24.csv
DB_24,96,ra1,The right not to receive discriminatory treatment by us for choosing to exercise privacy rights,Description of Right to Non-discrimination on exercising rights,DB_24_S173;DB_24_S284,C3PA_Dataset/Annotations/DB/24.csv
DB_24,97,ra1,"Even after fulfilling a request for deletion, we are required to maintain records for statutory compliance.",Description of Right to Delete,DB_24_S174;DB_24_S285,C3PA_Dataset/Annotations/DB/24.csv
DB_24,99,ra1,"To opt-out of the sale or sharing of Personal Information, please complete our interactive webform for Do Not Sell requests.",Methods to exercise rights,DB_24_S178;DB_24_S289,C3PA_Dataset/Annotations/DB/24.csv
DB_24,100,ra1,"To opt-out of the sale or sharing of Personal Information, please complete our interactive webform for Do Not Sell requests.",Description of Right to Opt-out of sale of PI,DB_24_S178;DB_24_S289,C3PA_Dataset/Annotations/DB/24.csv
DB_24,101,ra1,"If you wish to request an opt-out of such sales, you may do so by accessing our interactive webform for Do Not Sell requests.",Methods to exercise rights,DB_24_S185;DB_24_S299,C3PA_Dataset/Annotations/DB/24.csv
DB_24,109,ra1,"The right to know what categories and specific pieces of Personal Information are collected, the categories of sources from which the Personal Information is collected, and the business purposes for which the Personal Information is disclosed, sold, or shared",Description of Right to Know PI Collected,DB_24_S169;DB_24_S280,C3PA_Dataset/Annotations/DB/24.csv
DB_24,110,ra1,"The right to know what categories and specific pieces of Personal Information are collected, the categories of sources from which the Personal Information is collected, and the business purposes for which the Personal Information is disclosed, sold, or shared",Description of Right to Know PI sold / shared,DB_24_S169;DB_24_S280,C3PA_Dataset/Annotations/DB/24.csv
DB_24,111,ra1,The right to request deletion of Personal Information collected by us,Description of Right to Delete,DB_24_S170;DB_24_S281,C3PA_Dataset/Annotations/DB/24.csv
DB_24,112,ra1,The right to request the correction of inaccurate information maintained by us,Description of Right to Correct Information,DB_24_S171;DB_24_S282,C3PA_Dataset/Annotations/DB/24.csv
DB_24,113,ra1,The right to opt-out of the sale of Personal Information,Description of Right to Opt-out of sale of PI,DB_24_S172;DB_24_S283,C3PA_Dataset/Annotations/DB/24.csv
DB_24,115,ra1,"Even after fulfilling a request for deletion, we are required to maintain records for statutory compliance.",Description of Right to Delete,DB_24_S174;DB_24_S285,C3PA_Dataset/Annotations/DB/24.csv
DB_24,117,ra1,"To opt-out of the sale or sharing of Personal Information, please complete our interactive webform for Do Not Sell requests.",Methods to exercise rights,DB_24_S178;DB_24_S289,C3PA_Dataset/Annotations/DB/24.csv
DB_24,119,ra1,"If we are able to recognize the signal, a pop up will appear providing you with the option to opt-out of the collection or sharing of your information through our Data Request Form.",Methods to exercise rights,DB_24_S180;DB_24_S291,C3PA_Dataset/Annotations/DB/24.csv
DB_24,124,ra1,"If you wish to request an opt-out of such sales, you may do so by accessing our interactive webform for Do Not Sell requests.",Methods to exercise rights,DB_24_S185;DB_24_S299,C3PA_Dataset/Annotations/DB/24.csv
DB_24,125,ra1,Changes to This Privacy Policy,Updated Privacy Policy,DB_24_S27;DB_24_S318;DB_24_S322,C3PA_Dataset/Annotations/DB/24.csv
DB_25,10,ra3,"As described in this Policy, we may make personal information available to third parties for their marketing purposes.  ",Categories of Personal Information Shared / Disclosed,DB_25_S87;DB_25_S103,C3PA_Dataset/Annotations/DB/25.csv
DB_26,32,ra4,Data Collected On Our Website,Categories of Personal Information Collected,DB_26_S20;DB_26_S39,C3PA_Dataset/Annotations/DB/26.csv
DB_26,34,ra4,"About Cookies, Web Pixels, & Similar Technologies",Categories of Personal Information Collected,DB_26_S35;DB_26_S57,C3PA_Dataset/Annotations/DB/26.csv
DB_26,35,ra4,"About Cookies, Web Pixels, & Similar Technologies",Categories of Personal Information Shared / Disclosed,DB_26_S35;DB_26_S57,C3PA_Dataset/Annotations/DB/26.csv
DB_26,36,ra4,"About Cookies, Web Pixels, & Similar Technologies",Categories of Personal Information Sold,DB_26_S35;DB_26_S57,C3PA_Dataset/Annotations/DB/26.csv
DB_29,50,ra5,Personal Information we share: Identifiers; Internet or Other Electronic Network Activity; Geolocation Data.,Categories of Personal Information Shared / Disclosed,DB_29_S340;DB_29_S342;DB_29_S368,C3PA_Dataset/Annotations/DB/29.csv
DB_29,51,ra5,Personal Information we share: Identifiers; Internet or Other Electronic Network Activity; Geolocation Data.,Categories of Personal Information Shared / Disclosed,DB_29_S340;DB_29_S342;DB_29_S368,C3PA_Dataset/Annotations/DB/29.csv
DB_29,58,ra5,Personal Information we share: Identifiers; Internet or Other Electronic Network Activity; Geolocation Data.,Categories of Personal Information Shared / Disclosed,DB_29_S340;DB_29_S342;DB_29_S368,C3PA_Dataset/Annotations/DB/29.csv
DB_29,61,ra5,Analytics Providers,Categories of Personal Information Shared / Disclosed,DB_29_S160;DB_29_S335;DB_29_S341,C3PA_Dataset/Annotations/DB/29.csv
DB_29,63,ra5,Resellers: Consumer data brokers,Categories of Personal Information Shared / Disclosed,DB_29_S332;DB_29_S347,C3PA_Dataset/Annotations/DB/29.csv
DB_29,64,ra5,Our Customers:,Categories of Personal Information Shared / Disclosed,DB_29_S330;DB_29_S351,C3PA_Dataset/Annotations/DB/29.csv
DB_29,65,ra5,Affiliates,Categories of Personal Information Shared / Disclosed,DB_29_S3;DB_29_S148;DB_29_S156;DB_29_S157;DB_29_S331;DB_29_S355,C3PA_Dataset/Annotations/DB/29.csv
DB_29,137,ra5,performance,Categories of Personal Information Collected,DB_29_S91;DB_29_S99;DB_29_S292;DB_29_S461;DB_29_S462;DB_29_S464;DB_29_S520,C3PA_Dataset/Annotations/DB/29.csv
DB_3,13,ra3,"Users may delete their record, opt-out or unsubscribe from having their data rented or sold, at myDataPrivacy.org or at any time by following the instructions contained at the end of every newsletter or emailing.",Methods to exercise rights,DB_3_S34;DB_3_S56,C3PA_Dataset/Annotations/DB/3.csv
DB_3,14,ra3,"Users may delete their record, opt-out or unsubscribe from having their data rented or sold, at myDataPrivacy.org or at any time by following the instructions contained at the end of every newsletter or emailing.",Description of Right to Delete,DB_3_S34;DB_3_S56,C3PA_Dataset/Annotations/DB/3.csv
DB_3,15,ra3,"Users may delete their record, opt-out or unsubscribe from having their data rented or sold, at myDataPrivacy.org or at any time by following the instructions contained at the end of every newsletter or emailing.",Description of Right to Opt-out of sale of PI,DB_3_S34;DB_3_S56,C3PA_Dataset/Annotations/DB/3.csv
DB_3,16,ra3,"Users may delete their record, opt-out or unsubscribe from having their data rented or sold, at myDataPrivacy.org or at any time by following the instructions contained at the end of every newsletter or emailing. ",Methods to exercise rights,DB_3_S34;DB_3_S56,C3PA_Dataset/Annotations/DB/3.csv
DB_3,25,ra2,"Users may delete their record,",Description of Right to Delete,DB_3_S34;DB_3_S56,C3PA_Dataset/Annotations/DB/3.csv
DB_3,26,ra2,"opt-out or unsubscribe from having their data rented or sold,",Description of Right to Opt-out of sale of PI,DB_3_S34;DB_3_S56,C3PA_Dataset/Annotations/DB/3.csv
DB_3,27,ra2,at myDataPrivacy.org or at any time by following the instructions contained at the end of every newsletter or emailing.,Methods to exercise rights,DB_3_S34;DB_3_S56,C3PA_Dataset/Annotations/DB/3.csv
DB_3,41,ra1,Users may delete their record,Description of Right to Delete,DB_3_S34;DB_3_S56,C3PA_Dataset/Annotations/DB/3.csv
DB_3,42,ra1,opt-out or unsubscribe from having their data rented or sold,Description of Right to Opt-out of sale of PI,DB_3_S34;DB_3_S56,C3PA_Dataset/Annotations/DB/3.csv
DB_3,43,ra1,at myDataPrivacy.org or at any time by following the instructions contained at the end of every newsletter or emailing.,Methods to exercise rights,DB_3_S34;DB_3_S56,C3PA_Dataset/Annotations/DB/3.csv
DB_31,20,ra2,We may s,Description of Right to Correct Information,DB_31_S50;DB_31_S52;DB_31_S61;DB_31_S66;DB_31_S68,C3PA_Dataset/Annotations/DB/31.csv
DB_31,21,ra2,are your ,Description of Right to Non-discrimination on exercising rights,DB_31_S50;DB_31_S52;DB_31_S61;DB_31_S66;DB_31_S68,C3PA_Dataset/Annotations/DB/31.csv
DB_32,73,ra4,How We Collect and Use Your Personal Information,Categories of Personal Information Collected,DB_32_S25;DB_32_S111,C3PA_Dataset/Annotations/DB/32.csv
DB_34,38,ra5,non-necessary,Categories of Personal Information Collected,DB_34_S62;DB_34_S63,C3PA_Dataset/Annotations/DB/34.csv
DB_35,34,ra2,"ing, and analytics partners. ",Categories of Personal Information Collected,DB_35_S83;DB_35_S382,C3PA_Dataset/Annotations/DB/35.csv
DB_35,116,ra4,"A primary use of your information is to serve you, which requires certain sharing with our affiliates and business customers",Categories of Personal Information Shared / Disclosed,DB_35_S113;DB_35_S144,C3PA_Dataset/Annotations/DB/35.csv
DB_36,65,ra5," The information we obtain from your devices includes the type of your device, online identifiers (such as IP address, IDFA or other unique identifiers provided by our service providers), browser type and version, time zone setting and location, operating system and geolocation data (based on GPS information).",Categories of Personal Information Shared / Disclosed,DB_36_S28;DB_36_S41,C3PA_Dataset/Annotations/DB/36.csv
DB_36,66,ra5,"The information we obtain from your devices includes the type of your device, online identifiers (such as IP address, IDFA or other unique identifiers provided by our service providers), browser type and version, time zone setting and location, operating system and geolocation data (based on GPS information).",Categories of Personal Information Sold,DB_36_S28;DB_36_S41,C3PA_Dataset/Annotations/DB/36.csv
DB_37,44,ra5,i,Categories of Personal Information Shared / Disclosed,DB_37_S2;DB_37_S3;DB_37_S4;DB_37_S7;DB_37_S8;DB_37_S9;DB_37_S10;DB_37_S11;DB_37_S12;DB_37_S13;DB_37_S14;DB_37_S15;DB_37_S16;DB_37_S17;DB_37_S18;DB_37_S19;DB_37_S20;DB_37_S21;DB_37_S22;DB_37_S23;DB_37_S24;DB_37_S25;DB_37_S26;DB_37_S27;DB_37_S28;DB_37_S29;DB_37_S30;DB_37_S31;DB_37_S32;DB_37_S33;DB_37_S34;DB_37_S35;DB_37_S36;DB_37_S37;DB_37_S38;DB_37_S39;DB_37_S40;DB_37_S41;DB_37_S42;DB_37_S43;DB_37_S44;DB_37_S45;DB_37_S46;DB_37_S47;DB_37_S48;DB_37_S49;DB_37_S50;DB_37_S51;DB_37_S52;DB_37_S53;DB_37_S54;DB_37_S55;DB_37_S56;DB_37_S57;DB_37_S58;DB_37_S59;DB_37_S60;DB_37_S61;DB_37_S62;DB_37_S63;DB_37_S64;DB_37_S65;DB_37_S66;DB_37_S67;DB_37_S68;DB_37_S69;DB_37_S70;DB_37_S71;DB_37_S72;DB_37_S73;DB_37_S74;DB_37_S75;DB_37_S76;DB_37_S77;DB_37_S78;DB_37_S79;DB_37_S80;DB_37_S81;DB_37_S82;DB_37_S83;DB_37_S84;DB_37_S85;DB_37_S86;DB_37_S87;DB_37_S88;DB_37_S89;DB_37_S90;DB_37_S91;DB_37_S92;DB_37_S93;DB_37_S94;DB_37_S95;DB_37_S96;DB_37_S97;DB_37_S98;DB_37_S99;DB_37_S100;DB_37_S101;DB_37_S102;DB_37_S103;DB_37_S104;DB_37_S105;DB_37_S106;DB_37_S107;DB_37_S108;DB_37_S109;DB_37_S110;DB_37_S111;DB_37_S112;DB_37_S113;DB_37_S114;DB_37_S115;DB_37_S116;DB_37_S117;DB_37_S118;DB_37_S119;DB_37_S120;DB_37_S121;DB_37_S122;DB_37_S123;DB_37_S124;DB_37_S125;DB_37_S126;DB_37_S127;DB_37_S128;DB_37_S129;DB_37_S130;DB_37_S132;DB_37_S133;DB_37_S134;DB_37_S135;DB_37_S136;DB_37_S137,C3PA_Dataset/Annotations/DB/37.csv
DB_38,24,ra2,appr,Description of Right to Delete,DB_38_S97;DB_38_S104,C3PA_Dataset/Annotations/DB/38.csv
DB_38,25,ra2,sa,Description of Right to Opt-out of sale of PI,DB_38_S37;DB_38_S48;DB_38_S54;DB_38_S60;DB_38_S63;DB_38_S64;DB_38_S72;DB_38_S73;DB_38_S95;DB_38_S97;DB_38_S98;DB_38_S100;DB_38_S111;DB_38_S112;DB_38_S122;DB_38_S124;DB_38_S125;DB_38_S172;DB_38_S181;DB_38_S183,C3PA_Dataset/Annotations/DB/38.csv
DB_38,27,ra2,suc,Description of Right to Non-discrimination on exercising rights,DB_38_S15;DB_38_S16;DB_38_S22;DB_38_S23;DB_38_S24;DB_38_S27;DB_38_S28;DB_38_S29;DB_38_S30;DB_38_S31;DB_38_S32;DB_38_S43;DB_38_S44;DB_38_S53;DB_38_S70;DB_38_S71;DB_38_S91;DB_38_S92;DB_38_S97;DB_38_S110;DB_38_S111;DB_38_S124;DB_38_S184,C3PA_Dataset/Annotations/DB/38.csv
DB_39,47,ra2,mode,Categories of Personal Information Collected,DB_39_S1;DB_39_S138;DB_39_S143;DB_39_S830;DB_39_S842;DB_39_S844;DB_39_S885;DB_39_S912;DB_39_S927,C3PA_Dataset/Annotations/DB/39.csv
DB_39,48,ra2,mode,Categories of Personal Information Shared / Disclosed,DB_39_S1;DB_39_S138;DB_39_S143;DB_39_S830;DB_39_S842;DB_39_S844;DB_39_S885;DB_39_S912;DB_39_S927,C3PA_Dataset/Annotations/DB/39.csv
DB_39,126,ra1,categories of Personal Information collected about you;,Description of Right to Know PI Collected,DB_39_S268;DB_39_S452,C3PA_Dataset/Annotations/DB/39.csv
DB_39,128,ra1,"categories of third parties to/with whom your Personal Information has been disclosed/shared, including for a business purpose; and",Description of Right to Know PI sold / shared,DB_39_S271;DB_39_S455,C3PA_Dataset/Annotations/DB/39.csv
DB_39,129,ra1,the specific pieces of Personal Information collected about you.,Description of Right to Know PI Collected,DB_39_S272;DB_39_S456,C3PA_Dataset/Annotations/DB/39.csv
DB_39,130,ra1,"You have the right to obtain the above information, in a portable and (if technically feasible) readily usable format.",Description of Right to Know PI Collected,DB_39_S273;DB_39_S457,C3PA_Dataset/Annotations/DB/39.csv
DB_4,63,ra2,T,Methods to exercise rights,DB_4_S2;DB_4_S3;DB_4_S5;DB_4_S8;DB_4_S9;DB_4_S10;DB_4_S11;DB_4_S13;DB_4_S14;DB_4_S15;DB_4_S17;DB_4_S18;DB_4_S19;DB_4_S21;DB_4_S23;DB_4_S25;DB_4_S26;DB_4_S27;DB_4_S29;DB_4_S30;DB_4_S32;DB_4_S34;DB_4_S36;DB_4_S37;DB_4_S39;DB_4_S40;DB_4_S41;DB_4_S42;DB_4_S43;DB_4_S44;DB_4_S45;DB_4_S46;DB_4_S47;DB_4_S48;DB_4_S49;DB_4_S50;DB_4_S51;DB_4_S52;DB_4_S53;DB_4_S55;DB_4_S56;DB_4_S57;DB_4_S58;DB_4_S59;DB_4_S60;DB_4_S61;DB_4_S62;DB_4_S64;DB_4_S65;DB_4_S66;DB_4_S67;DB_4_S68;DB_4_S69;DB_4_S70;DB_4_S71;DB_4_S72;DB_4_S73;DB_4_S74;DB_4_S75;DB_4_S76;DB_4_S77;DB_4_S79;DB_4_S80;DB_4_S81;DB_4_S83;DB_4_S84;DB_4_S86;DB_4_S88;DB_4_S89;DB_4_S90;DB_4_S91;DB_4_S92;DB_4_S93;DB_4_S94;DB_4_S95;DB_4_S97;DB_4_S98;DB_4_S99;DB_4_S100;DB_4_S101;DB_4_S102;DB_4_S103;DB_4_S104;DB_4_S105;DB_4_S106;DB_4_S107;DB_4_S108;DB_4_S109;DB_4_S110;DB_4_S111;DB_4_S112;DB_4_S114;DB_4_S116;DB_4_S117;DB_4_S118;DB_4_S119;DB_4_S120;DB_4_S121;DB_4_S122;DB_4_S123;DB_4_S124;DB_4_S126;DB_4_S128;DB_4_S129;DB_4_S131;DB_4_S132;DB_4_S133;DB_4_S135;DB_4_S136;DB_4_S137;DB_4_S139;DB_4_S141;DB_4_S142;DB_4_S143;DB_4_S144;DB_4_S145;DB_4_S146;DB_4_S147;DB_4_S148;DB_4_S149;DB_4_S150;DB_4_S151;DB_4_S152;DB_4_S153;DB_4_S156;DB_4_S157;DB_4_S158;DB_4_S160;DB_4_S161;DB_4_S162;DB_4_S163;DB_4_S164;DB_4_S165;DB_4_S166;DB_4_S167;DB_4_S169;DB_4_S170;DB_4_S171;DB_4_S172;DB_4_S173;DB_4_S174;DB_4_S175;DB_4_S176;DB_4_S177;DB_4_S178;DB_4_S179;DB_4_S180;DB_4_S181;DB_4_S183;DB_4_S184;DB_4_S185;DB_4_S186;DB_4_S187;DB_4_S189;DB_4_S190;DB_4_S191;DB_4_S192;DB_4_S194;DB_4_S196;DB_4_S197;DB_4_S198;DB_4_S199;DB_4_S200;DB_4_S201;DB_4_S202;DB_4_S203;DB_4_S206;DB_4_S209;DB_4_S212;DB_4_S213;DB_4_S214;DB_4_S217;DB_4_S218;DB_4_S219;DB_4_S220;DB_4_S221,C3PA_Dataset/Annotations/DB/4.csv
DB_4,72,ra1,IP Address,Categories of Personal Information Collected,DB_4_S33;DB_4_S73;DB_4_S104;DB_4_S169,C3PA_Dataset/Annotations/DB/4.csv
DB_4,92,ra1, Delete,Description of Right to Delete,DB_4_S41;DB_4_S153;DB_4_S156;DB_4_S174;DB_4_S177;DB_4_S186,C3PA_Dataset/Annotations/DB/4.csv
DB_4,103,ra1,To Know,Description of Right to Know PI Collected,DB_4_S151;DB_4_S153;DB_4_S174,C3PA_Dataset/Annotations/DB/4.csv
DB_42,31,ra2,Conta,Description of Right to Correct Information,DB_42_S14;DB_42_S16;DB_42_S18;DB_42_S20;DB_42_S21;DB_42_S26;DB_42_S27;DB_42_S28;DB_42_S30;DB_42_S36;DB_42_S55;DB_42_S60;DB_42_S79;DB_42_S94;DB_42_S95;DB_42_S104;DB_42_S128,C3PA_Dataset/Annotations/DB/42.csv
DB_42,34,ra2,"The specific pieces of personal information it has collected about that consumer.
",Categories of Personal Information Collected,DB_42_S84;DB_42_S88,C3PA_Dataset/Annotations/DB/42.csv
DB_42,35,ra2,Contact ,Description of Right to Know PI Collected,DB_42_S14;DB_42_S16;DB_42_S18;DB_42_S20;DB_42_S21;DB_42_S26;DB_42_S27;DB_42_S28;DB_42_S30;DB_42_S36;DB_42_S60;DB_42_S79;DB_42_S94;DB_42_S95;DB_42_S104;DB_42_S128,C3PA_Dataset/Annotations/DB/42.csv
DB_42,36,ra2,Contact ,Description of Right to Know PI sold / shared,DB_42_S14;DB_42_S16;DB_42_S18;DB_42_S20;DB_42_S21;DB_42_S26;DB_42_S27;DB_42_S28;DB_42_S30;DB_42_S36;DB_42_S60;DB_42_S79;DB_42_S94;DB_42_S95;DB_42_S104;DB_42_S128,C3PA_Dataset/Annotations/DB/42.csv
DB_42,37,ra2,If you have any ,Description of Right to Know PI Collected,DB_42_S60;DB_42_S95,C3PA_Dataset/Annotations/DB/42.csv
DB_42,39,ra2,Do ,Description of Right to Delete,DB_42_S21;DB_42_S33;DB_42_S96;DB_42_S114,C3PA_Dataset/Annotations/DB/42.csv
DB_42,40,ra2,In or,Description of Right to Opt-out of sale of PI,DB_42_S77;DB_42_S97,C3PA_Dataset/Annotations/DB/42.csv
DB_42,77,ra1,The specific pieces of personal information it has collected about that consumer.,Description of Right to Know PI Collected,DB_42_S84;DB_42_S88,C3PA_Dataset/Annotations/DB/42.csv
DB_43,91,ra5,"We will not deny, charge different prices for, or provide a different level of quality of goods or services if you choose to exercise these rights.",Description of Right to Non-discrimination on exercising rights,DB_43_S310;DB_43_S312,C3PA_Dataset/Annotations/DB/43.csv
DB_45,3,ra3,"For California CCPA Consumer Rights Requests, click here.",Methods to exercise rights,DB_45_S23;DB_45_S281,C3PA_Dataset/Annotations/DB/45.csv
DB_45,52,ra5,"For California CCPA Consumer Rights Requests, click here.",Methods to exercise rights,DB_45_S23;DB_45_S281,C3PA_Dataset/Annotations/DB/45.csv
DB_48,19,ra2,rect.com,Categories of Personal Information Collected,DB_48_S43;DB_48_S47;DB_48_S115;DB_48_S149;DB_48_S159;DB_48_S256;DB_48_S271;DB_48_S297;DB_48_S303;DB_48_S351,C3PA_Dataset/Annotations/DB/48.csv
DB_48,20,ra2,2,Categories of Personal Information Collected,DB_48_S3;DB_48_S31;DB_48_S37;DB_48_S44;DB_48_S58;DB_48_S60;DB_48_S62;DB_48_S74;DB_48_S80;DB_48_S86;DB_48_S91;DB_48_S99;DB_48_S121;DB_48_S124;DB_48_S125;DB_48_S126;DB_48_S127;DB_48_S128;DB_48_S129;DB_48_S130;DB_48_S131;DB_48_S132;DB_48_S133;DB_48_S134;DB_48_S148;DB_48_S157;DB_48_S173;DB_48_S220;DB_48_S221;DB_48_S270;DB_48_S305;DB_48_S307;DB_48_S317;DB_48_S329;DB_48_S356,C3PA_Dataset/Annotations/DB/48.csv
DB_48,28,ra2,2,Description of Right to Know PI Collected,DB_48_S3;DB_48_S31;DB_48_S37;DB_48_S44;DB_48_S58;DB_48_S60;DB_48_S62;DB_48_S74;DB_48_S80;DB_48_S86;DB_48_S91;DB_48_S99;DB_48_S121;DB_48_S124;DB_48_S125;DB_48_S126;DB_48_S127;DB_48_S128;DB_48_S129;DB_48_S130;DB_48_S131;DB_48_S132;DB_48_S133;DB_48_S134;DB_48_S148;DB_48_S157;DB_48_S173;DB_48_S220;DB_48_S221;DB_48_S270;DB_48_S305;DB_48_S307;DB_48_S317;DB_48_S329;DB_48_S356,C3PA_Dataset/Annotations/DB/48.csv
DB_48,33,ra2,1,Description of Right to Delete,DB_48_S13;DB_48_S16;DB_48_S17;DB_48_S20;DB_48_S30;DB_48_S32;DB_48_S33;DB_48_S34;DB_48_S38;DB_48_S41;DB_48_S46;DB_48_S47;DB_48_S50;DB_48_S52;DB_48_S55;DB_48_S65;DB_48_S70;DB_48_S73;DB_48_S79;DB_48_S83;DB_48_S90;DB_48_S93;DB_48_S97;DB_48_S99;DB_48_S102;DB_48_S103;DB_48_S104;DB_48_S115;DB_48_S121;DB_48_S148;DB_48_S153;DB_48_S163;DB_48_S164;DB_48_S173;DB_48_S220;DB_48_S221;DB_48_S235;DB_48_S237;DB_48_S238;DB_48_S239;DB_48_S240;DB_48_S242;DB_48_S244;DB_48_S251;DB_48_S259;DB_48_S261;DB_48_S270;DB_48_S290;DB_48_S300;DB_48_S305;DB_48_S307;DB_48_S317;DB_48_S329;DB_48_S339;DB_48_S344;DB_48_S346;DB_48_S347;DB_48_S350;DB_48_S353;DB_48_S354;DB_48_S356,C3PA_Dataset/Annotations/DB/48.csv
DB_49,12,ra2,.,Description of Right to Know PI Collected,DB_49_S54;DB_49_S56;DB_49_S57;DB_49_S58;DB_49_S59;DB_49_S60;DB_49_S61;DB_49_S62;DB_49_S63;DB_49_S65;DB_49_S66;DB_49_S67;DB_49_S68;DB_49_S69;DB_49_S70;DB_49_S120;DB_49_S121;DB_49_S122,C3PA_Dataset/Annotations/DB/49.csv
DB_49,13,ra2,.,Description of Right to Know PI sold / shared,DB_49_S54;DB_49_S56;DB_49_S57;DB_49_S58;DB_49_S59;DB_49_S60;DB_49_S61;DB_49_S62;DB_49_S63;DB_49_S65;DB_49_S66;DB_49_S67;DB_49_S68;DB_49_S69;DB_49_S70;DB_49_S120;DB_49_S121;DB_49_S122,C3PA_Dataset/Annotations/DB/49.csv
DB_49,22,ra2,.,Description of Right to Know PI Collected,DB_49_S54;DB_49_S56;DB_49_S57;DB_49_S58;DB_49_S59;DB_49_S60;DB_49_S61;DB_49_S62;DB_49_S63;DB_49_S65;DB_49_S66;DB_49_S67;DB_49_S68;DB_49_S69;DB_49_S70;DB_49_S120;DB_49_S121;DB_49_S122,C3PA_Dataset/Annotations/DB/49.csv
DB_49,23,ra2,.,Description of Right to Know PI sold / shared,DB_49_S54;DB_49_S56;DB_49_S57;DB_49_S58;DB_49_S59;DB_49_S60;DB_49_S61;DB_49_S62;DB_49_S63;DB_49_S65;DB_49_S66;DB_49_S67;DB_49_S68;DB_49_S69;DB_49_S70;DB_49_S120;DB_49_S121;DB_49_S122,C3PA_Dataset/Annotations/DB/49.csv
DB_5,2,ra3,Marketing,Categories of Personal Information Collected,DB_5_S8;DB_5_S16;DB_5_S71;DB_5_S88;DB_5_S134;DB_5_S305;DB_5_S370;DB_5_S407;DB_5_S536;DB_5_S601;DB_5_S805;DB_5_S822;DB_5_S855;DB_5_S1026;DB_5_S1091;DB_5_S1128,C3PA_Dataset/Annotations/DB/5.csv
DB_5,3,ra3,Essential,Categories of Personal Information Collected,DB_5_S13;DB_5_S17;DB_5_S22;DB_5_S26,C3PA_Dataset/Annotations/DB/5.csv
DB_5,4,ra3,Essential,Categories of Personal Information Collected,DB_5_S13;DB_5_S17;DB_5_S22;DB_5_S26,C3PA_Dataset/Annotations/DB/5.csv
DB_5,5,ra3,Analytics,Categories of Personal Information Collected,DB_5_S8;DB_5_S25;DB_5_S88;DB_5_S89;DB_5_S90;DB_5_S92;DB_5_S140;DB_5_S822;DB_5_S823;DB_5_S824;DB_5_S826;DB_5_S861,C3PA_Dataset/Annotations/DB/5.csv
DB_5,6,ra3,"We may collect, transmit, and store your information provided to us from the following categories of sources (i.e., types or groupings of persons or entities from which a business collects personal information about consumers) and categories of third parties (i.e., types or groupings of third parties with whom the business shares personal information) – directly from you, our online technology, and our Partners.",Categories of Personal Information Collected,DB_5_S63;DB_5_S797,C3PA_Dataset/Annotations/DB/5.csv
DB_5,15,ra3,"We and our Partners may use web beacons, tags, advertising identifiers, and similar technology (collectively, “cookies”) related to your use of this Site and in providing our services.",Categories of Personal Information Collected,DB_5_S94;DB_5_S828,C3PA_Dataset/Annotations/DB/5.csv
DB_5,16,ra3,"We and our Partners may use web beacons, tags, advertising identifiers, and similar technology (collectively, “cookies”) related to your use of this Site and in providing our services.",Categories of Personal Information Shared / Disclosed,DB_5_S94;DB_5_S828,C3PA_Dataset/Annotations/DB/5.csv
DB_5,22,ra3,"To manage privacy preferences around digital advertising on TV streaming devices, please refer to https://www.networkadvertising.org/internet-connected-tv-choices/ or the device manufacturer’s instructions.",Methods to exercise rights,DB_5_S130;DB_5_S851,C3PA_Dataset/Annotations/DB/5.csv
DB_5,29,ra3,"We do not offer financial incentives associated with our collection, use, or disclosure of your personal information.",Description of Right to Know PI sold / shared,DB_5_S187;DB_5_S418;DB_5_S908,C3PA_Dataset/Annotations/DB/5.csv
DB_5,49,ra3,", shared, or sold about you, and why it was collected, shared, or sold;",Description of Right to Know PI sold / shared,DB_5_S289;DB_5_S520;DB_5_S1010,C3PA_Dataset/Annotations/DB/5.csv
DB_5,68,ra3,"We do not offer financial incentives associated with our collection, use, or disclosure of your personal information.",Description of Right to Know PI sold / shared,DB_5_S187;DB_5_S418;DB_5_S908,C3PA_Dataset/Annotations/DB/5.csv
DB_5,70,ra3,Yes,Categories of Personal Information Collected,DB_5_S199;DB_5_S205;DB_5_S208;DB_5_S211;DB_5_S217;DB_5_S220;DB_5_S226;DB_5_S232;DB_5_S430;DB_5_S436;DB_5_S439;DB_5_S442;DB_5_S448;DB_5_S451;DB_5_S457;DB_5_S463;DB_5_S920;DB_5_S926;DB_5_S929;DB_5_S932;DB_5_S938;DB_5_S941;DB_5_S947;DB_5_S953,C3PA_Dataset/Annotations/DB/5.csv
DB_5,82,ra3,"collected,",Description of Right to Know PI Collected,DB_5_S289;DB_5_S520;DB_5_S1010,C3PA_Dataset/Annotations/DB/5.csv
DB_5,83,ra3,"shared, or sold about you, and why it was",Description of Right to Know PI sold / shared,DB_5_S289;DB_5_S520;DB_5_S1010,C3PA_Dataset/Annotations/DB/5.csv
DB_5,84,ra3,"shared, or sold;",Description of Right to Know PI sold / shared,DB_5_S289;DB_5_S520;DB_5_S1010,C3PA_Dataset/Annotations/DB/5.csv
DB_5,87,ra3,Right to Non-Discrimination: A business may not discriminate against consumers who exercise their rights under the CCPA.,Description of Right to Non-discrimination on exercising rights,DB_5_S293;DB_5_S524;DB_5_S1014,C3PA_Dataset/Annotations/DB/5.csv
DB_5,89,ra3, Right to Non-Discrimination: A business may not discriminate against consumers who exercise their rights under the CCPA.,Description of Right to Non-discrimination on exercising rights,DB_5_S293;DB_5_S524;DB_5_S1014,C3PA_Dataset/Annotations/DB/5.csv
DB_5,91,ra3,Right to Non-Discrimination: A business may not discriminate against consumers who exercise their rights under the CCPA.,Description of Right to Non-discrimination on exercising rights,DB_5_S293;DB_5_S524;DB_5_S1014,C3PA_Dataset/Annotations/DB/5.csv
DB_5,96,ra2,"We may collect, transmit, and store your information provided to us from the following categories of sources (i.e., types or groupings of persons or entities from which a business collects personal information about consumers) and categories of third parties (i.e., types or groupings of third parties with whom the business shares personal information) – directly from you, our online technology, and our Partners.",Categories of Personal Information Collected,DB_5_S63;DB_5_S797,C3PA_Dataset/Annotations/DB/5.csv
DB_5,105,ra2,"To manage privacy preferences around digital advertising on TV streaming devices, please refer to https://www.networkadvertising.org/internet-connected-tv-choices/ or the device manufacturer’s instructions.",Description of Right to Opt-out of sale of PI,DB_5_S130;DB_5_S851,C3PA_Dataset/Annotations/DB/5.csv
DB_5,107,ra2,Partners may be able to associate the information we share with other information they have about you from other sources. ,Categories of Personal Information Shared / Disclosed,DB_5_S136;DB_5_S857,C3PA_Dataset/Annotations/DB/5.csv
DB_5,116,ra2,Please contact us with any questions about this Policy using the information below:,Methods to exercise rights,DB_5_S161;DB_5_S882,C3PA_Dataset/Annotations/DB/5.csv
DB_5,123,ra2,"We will not collect additional categories of personal information or use the personal information we collect for materially different, unrelated, or incompatible purposes without notifying you as required by law.",Categories of Personal Information Shared / Disclosed,DB_5_S252;DB_5_S483;DB_5_S973,C3PA_Dataset/Annotations/DB/5.csv
DB_5,125,ra2,"Right to Know: You may request that a business tell you what specific personal information it collected, shared, or sold about you, and why it was collected, shared, or sold;",Description of Right to Know PI Collected,DB_5_S289;DB_5_S520;DB_5_S1010,C3PA_Dataset/Annotations/DB/5.csv
DB_5,126,ra2,"Right to Delete: You may request that a business delete personal information that it collected from you, subject to some exceptions;",Description of Right to Delete,DB_5_S290;DB_5_S521;DB_5_S1011,C3PA_Dataset/Annotations/DB/5.csv
DB_5,127,ra2,Right to Opt-Out: You may request that a business stop selling your personal information,Description of Right to Opt-out of sale of PI,DB_5_S291;DB_5_S522;DB_5_S1012,C3PA_Dataset/Annotations/DB/5.csv
DB_5,128,ra2,Right to Non-Discrimination: A business may not discriminate against consumers who exercise their rights under the CCPA.,Description of Right to Non-discrimination on exercising rights,DB_5_S293;DB_5_S524;DB_5_S1014,C3PA_Dataset/Annotations/DB/5.csv
DB_5,129,ra2," Rights for Minors: A business cannot sell the personal information of minors under the age of sixteen (16) without their permission and, for children under thirteen (13), without parental consent; and",Others,DB_5_S292;DB_5_S523;DB_5_S1013,C3PA_Dataset/Annotations/DB/5.csv
DB_5,137,ra2,"The CCPA also requires that if requested, we provide you with responsive materials in a readily usable format that allows you to transmit your information from one (1) entity to another without hindrance.",Methods to exercise rights,DB_5_S309;DB_5_S540;DB_5_S1030,C3PA_Dataset/Annotations/DB/5.csv
DB_5,141,ra2,Submit your request using the information in Section 7 (Contact Information) above and include the value of your tribalfusion.com ANON_ID cookie (“TF ANON_ID Cookie Value” or “Cookie Value”) as explained below.,Methods to exercise rights,DB_5_S327;DB_5_S558;DB_5_S1048,C3PA_Dataset/Annotations/DB/5.csv
DB_5,155,ra2,"We do not offer financial incentives associated with our collection, use, or disclosure of your personal information.",Description of Right to Know PI sold / shared,DB_5_S187;DB_5_S418;DB_5_S908,C3PA_Dataset/Annotations/DB/5.csv
DB_5,168,ra2,Submit your request using the information in Section 7 (Contact Information) above and include the value of your tribalfusion.com ANON_ID cookie (“TF ANON_ID Cookie Value” or “Cookie Value”) as explained below.,Methods to exercise rights,DB_5_S327;DB_5_S558;DB_5_S1048,C3PA_Dataset/Annotations/DB/5.csv
DB_5,179,ra2,"Right to Delete: You may request that a business delete personal information that it collected from you, subject to some exceptions;",Description of Right to Delete,DB_5_S290;DB_5_S521;DB_5_S1011,C3PA_Dataset/Annotations/DB/5.csv
DB_5,181,ra2,Right to Non-Discrimination: A business may not discriminate against consumers who exercise their rights under the CCPA.,Description of Right to Non-discrimination on exercising rights,DB_5_S293;DB_5_S524;DB_5_S1014,C3PA_Dataset/Annotations/DB/5.csv
DB_5,184,ra2,"Right to Know: You may request that a business tell you what specific personal information it collected, shared, or sold about you, and why it was collected, shared, or sold;",Description of Right to Know PI Collected,DB_5_S289;DB_5_S520;DB_5_S1010,C3PA_Dataset/Annotations/DB/5.csv
DB_5,185,ra2,"Right to Delete: You may request that a business delete personal information that it collected from you, subject to some exceptions;",Description of Right to Delete,DB_5_S290;DB_5_S521;DB_5_S1011,C3PA_Dataset/Annotations/DB/5.csv
DB_5,186,ra2,Right to Opt-Out: You may request that a business stop selling your personal information;,Description of Right to Opt-out of sale of PI,DB_5_S291;DB_5_S522;DB_5_S1012,C3PA_Dataset/Annotations/DB/5.csv
DB_5,187,ra2,Right to Non-Discrimination: A business may not discriminate against consumers who exercise their rights under the CCPA.,Description of Right to Non-discrimination on exercising rights,DB_5_S293;DB_5_S524;DB_5_S1014,C3PA_Dataset/Annotations/DB/5.csv
DB_5,188,ra2,"Rights for Minors: A business cannot sell the personal information of minors under the age of sixteen (16) without their permission and, for children under thirteen (13), without parental consent; and",Description of Right to Know PI Collected,DB_5_S292;DB_5_S523;DB_5_S1013,C3PA_Dataset/Annotations/DB/5.csv
DB_5,196,ra2,"The CCPA also requires that if requested, we provide you with responsive materials in a readily usable format that allows you to transmit your information from one (1) entity to another without hindrance",Description of Right to Know PI Collected,DB_5_S309;DB_5_S540;DB_5_S1030,C3PA_Dataset/Annotations/DB/5.csv
DB_5,199,ra2,Submit your request using the information in Section 7 (Contact Information) above and include the value of your tribalfusion.com ANON_ID cookie (“TF ANON_ID Cookie Value” or “Cookie Value”) as explained below.,Methods to exercise rights,DB_5_S327;DB_5_S558;DB_5_S1048,C3PA_Dataset/Annotations/DB/5.csv
DB_5,212,ra2,Pl,Description of Right to Know PI Collected,DB_5_S20;DB_5_S24;DB_5_S40;DB_5_S43;DB_5_S44;DB_5_S48;DB_5_S66;DB_5_S67;DB_5_S68;DB_5_S86;DB_5_S95;DB_5_S105;DB_5_S126;DB_5_S127;DB_5_S130;DB_5_S135;DB_5_S138;DB_5_S141;DB_5_S144;DB_5_S154;DB_5_S155;DB_5_S158;DB_5_S161;DB_5_S174;DB_5_S195;DB_5_S203;DB_5_S213;DB_5_S216;DB_5_S224;DB_5_S225;DB_5_S228;DB_5_S249;DB_5_S258;DB_5_S266;DB_5_S276;DB_5_S281;DB_5_S285;DB_5_S303;DB_5_S313;DB_5_S314;DB_5_S315;DB_5_S327;DB_5_S330;DB_5_S335;DB_5_S339;DB_5_S350;DB_5_S368;DB_5_S372;DB_5_S400;DB_5_S406;DB_5_S408;DB_5_S409;DB_5_S426;DB_5_S434;DB_5_S444;DB_5_S447;DB_5_S455;DB_5_S456;DB_5_S459;DB_5_S480;DB_5_S489;DB_5_S497;DB_5_S507;DB_5_S512;DB_5_S516;DB_5_S534;DB_5_S544;DB_5_S545;DB_5_S546;DB_5_S558;DB_5_S561;DB_5_S566;DB_5_S570;DB_5_S581;DB_5_S599;DB_5_S603;DB_5_S632;DB_5_S634;DB_5_S639;DB_5_S643;DB_5_S648;DB_5_S657;DB_5_S660;DB_5_S664;DB_5_S668;DB_5_S684;DB_5_S697;DB_5_S706;DB_5_S716;DB_5_S717;DB_5_S735;DB_5_S741;DB_5_S745;DB_5_S746;DB_5_S747;DB_5_S748;DB_5_S749;DB_5_S750;DB_5_S752;DB_5_S757;DB_5_S759;DB_5_S763;DB_5_S766;DB_5_S767;DB_5_S774;DB_5_S777;DB_5_S778;DB_5_S782;DB_5_S800;DB_5_S801;DB_5_S802;DB_5_S820;DB_5_S829;DB_5_S839;DB_5_S847;DB_5_S848;DB_5_S851;DB_5_S856;DB_5_S859;DB_5_S862;DB_5_S865;DB_5_S875;DB_5_S876;DB_5_S879;DB_5_S882;DB_5_S895;DB_5_S916;DB_5_S924;DB_5_S934;DB_5_S937;DB_5_S945;DB_5_S946;DB_5_S949;DB_5_S970;DB_5_S979;DB_5_S987;DB_5_S997;DB_5_S1002;DB_5_S1006;DB_5_S1024;DB_5_S1034;DB_5_S1035;DB_5_S1036;DB_5_S1048;DB_5_S1051;DB_5_S1056;DB_5_S1060;DB_5_S1071;DB_5_S1089;DB_5_S1093;DB_5_S1121;DB_5_S1127;DB_5_S1129;DB_5_S1130,C3PA_Dataset/Annotations/DB/5.csv
DB_5,213,ra2,"e may collect, transmit, and store your information provided to us from the following categories of sources (i.e., types or groupings of persons or entities from which a business collects personal information about consumers) and categories of third parties (i.e., types or groupings of third parties with whom the business shares personal information) – directly from you, our online technology, and our Partners.",Categories of Personal Information Collected,DB_5_S63;DB_5_S797,C3PA_Dataset/Annotations/DB/5.csv
DB_5,214,ra2,W,Categories of Personal Information Collected,DB_5_S2;DB_5_S6;DB_5_S7;DB_5_S9;DB_5_S10;DB_5_S11;DB_5_S14;DB_5_S15;DB_5_S20;DB_5_S23;DB_5_S24;DB_5_S27;DB_5_S36;DB_5_S37;DB_5_S39;DB_5_S40;DB_5_S42;DB_5_S43;DB_5_S45;DB_5_S46;DB_5_S49;DB_5_S50;DB_5_S51;DB_5_S62;DB_5_S63;DB_5_S65;DB_5_S66;DB_5_S67;DB_5_S70;DB_5_S74;DB_5_S77;DB_5_S78;DB_5_S79;DB_5_S80;DB_5_S81;DB_5_S83;DB_5_S84;DB_5_S85;DB_5_S87;DB_5_S88;DB_5_S89;DB_5_S90;DB_5_S91;DB_5_S92;DB_5_S94;DB_5_S95;DB_5_S96;DB_5_S97;DB_5_S98;DB_5_S99;DB_5_S100;DB_5_S102;DB_5_S105;DB_5_S107;DB_5_S108;DB_5_S110;DB_5_S112;DB_5_S126;DB_5_S127;DB_5_S128;DB_5_S130;DB_5_S133;DB_5_S134;DB_5_S135;DB_5_S136;DB_5_S137;DB_5_S138;DB_5_S140;DB_5_S141;DB_5_S142;DB_5_S143;DB_5_S144;DB_5_S145;DB_5_S146;DB_5_S148;DB_5_S149;DB_5_S153;DB_5_S155;DB_5_S157;DB_5_S159;DB_5_S161;DB_5_S165;DB_5_S174;DB_5_S176;DB_5_S177;DB_5_S178;DB_5_S179;DB_5_S180;DB_5_S185;DB_5_S186;DB_5_S187;DB_5_S188;DB_5_S189;DB_5_S190;DB_5_S191;DB_5_S192;DB_5_S193;DB_5_S204;DB_5_S206;DB_5_S215;DB_5_S216;DB_5_S225;DB_5_S230;DB_5_S237;DB_5_S238;DB_5_S240;DB_5_S243;DB_5_S244;DB_5_S245;DB_5_S249;DB_5_S250;DB_5_S251;DB_5_S252;DB_5_S254;DB_5_S255;DB_5_S256;DB_5_S259;DB_5_S267;DB_5_S269;DB_5_S275;DB_5_S276;DB_5_S284;DB_5_S285;DB_5_S288;DB_5_S289;DB_5_S292;DB_5_S293;DB_5_S294;DB_5_S295;DB_5_S296;DB_5_S297;DB_5_S298;DB_5_S299;DB_5_S300;DB_5_S302;DB_5_S303;DB_5_S304;DB_5_S305;DB_5_S306;DB_5_S307;DB_5_S308;DB_5_S309;DB_5_S311;DB_5_S312;DB_5_S313;DB_5_S314;DB_5_S315;DB_5_S320;DB_5_S322;DB_5_S323;DB_5_S324;DB_5_S325;DB_5_S326;DB_5_S327;DB_5_S328;DB_5_S329;DB_5_S330;DB_5_S331;DB_5_S332;DB_5_S334;DB_5_S335;DB_5_S336;DB_5_S337;DB_5_S338;DB_5_S342;DB_5_S343;DB_5_S345;DB_5_S346;DB_5_S347;DB_5_S350;DB_5_S353;DB_5_S355;DB_5_S356;DB_5_S361;DB_5_S362;DB_5_S363;DB_5_S364;DB_5_S365;DB_5_S367;DB_5_S368;DB_5_S369;DB_5_S370;DB_5_S371;DB_5_S372;DB_5_S374;DB_5_S375;DB_5_S376;DB_5_S378;DB_5_S397;DB_5_S398;DB_5_S402;DB_5_S404;DB_5_S405;DB_5_S406;DB_5_S407;DB_5_S409;DB_5_S412;DB_5_S416;DB_5_S417;DB_5_S418;DB_5_S419;DB_5_S420;DB_5_S421;DB_5_S422;DB_5_S423;DB_5_S424;DB_5_S435;DB_5_S437;DB_5_S446;DB_5_S447;DB_5_S456;DB_5_S461;DB_5_S468;DB_5_S469;DB_5_S471;DB_5_S474;DB_5_S475;DB_5_S476;DB_5_S480;DB_5_S481;DB_5_S482;DB_5_S483;DB_5_S485;DB_5_S486;DB_5_S487;DB_5_S490;DB_5_S498;DB_5_S500;DB_5_S506;DB_5_S507;DB_5_S515;DB_5_S516;DB_5_S519;DB_5_S520;DB_5_S523;DB_5_S524;DB_5_S525;DB_5_S526;DB_5_S527;DB_5_S528;DB_5_S529;DB_5_S530;DB_5_S531;DB_5_S533;DB_5_S534;DB_5_S535;DB_5_S536;DB_5_S537;DB_5_S538;DB_5_S539;DB_5_S540;DB_5_S542;DB_5_S543;DB_5_S544;DB_5_S545;DB_5_S546;DB_5_S551;DB_5_S553;DB_5_S554;DB_5_S555;DB_5_S556;DB_5_S557;DB_5_S558;DB_5_S559;DB_5_S560;DB_5_S561;DB_5_S562;DB_5_S563;DB_5_S565;DB_5_S566;DB_5_S567;DB_5_S568;DB_5_S569;DB_5_S573;DB_5_S574;DB_5_S576;DB_5_S577;DB_5_S578;DB_5_S581;DB_5_S584;DB_5_S586;DB_5_S587;DB_5_S592;DB_5_S593;DB_5_S594;DB_5_S595;DB_5_S596;DB_5_S598;DB_5_S599;DB_5_S600;DB_5_S601;DB_5_S602;DB_5_S603;DB_5_S605;DB_5_S606;DB_5_S607;DB_5_S609;DB_5_S628;DB_5_S629;DB_5_S630;DB_5_S631;DB_5_S635;DB_5_S637;DB_5_S638;DB_5_S639;DB_5_S640;DB_5_S645;DB_5_S647;DB_5_S650;DB_5_S651;DB_5_S653;DB_5_S655;DB_5_S657;DB_5_S658;DB_5_S659;DB_5_S660;DB_5_S662;DB_5_S663;DB_5_S665;DB_5_S668;DB_5_S670;DB_5_S676;DB_5_S678;DB_5_S679;DB_5_S680;DB_5_S681;DB_5_S682;DB_5_S687;DB_5_S688;DB_5_S689;DB_5_S690;DB_5_S691;DB_5_S692;DB_5_S693;DB_5_S696;DB_5_S699;DB_5_S700;DB_5_S702;DB_5_S703;DB_5_S706;DB_5_S708;DB_5_S709;DB_5_S710;DB_5_S711;DB_5_S715;DB_5_S716;DB_5_S718;DB_5_S719;DB_5_S720;DB_5_S723;DB_5_S725;DB_5_S728;DB_5_S731;DB_5_S732;DB_5_S735;DB_5_S736;DB_5_S737;DB_5_S741;DB_5_S745;DB_5_S753;DB_5_S754;DB_5_S756;DB_5_S758;DB_5_S761;DB_5_S762;DB_5_S763;DB_5_S765;DB_5_S766;DB_5_S767;DB_5_S770;DB_5_S771;DB_5_S773;DB_5_S774;DB_5_S776;DB_5_S777;DB_5_S779;DB_5_S780;DB_5_S783;DB_5_S784;DB_5_S785;DB_5_S796;DB_5_S797;DB_5_S799;DB_5_S800;DB_5_S801;DB_5_S804;DB_5_S808;DB_5_S811;DB_5_S812;DB_5_S813;DB_5_S814;DB_5_S815;DB_5_S817;DB_5_S818;DB_5_S819;DB_5_S821;DB_5_S822;DB_5_S823;DB_5_S824;DB_5_S825;DB_5_S826;DB_5_S828;DB_5_S829;DB_5_S830;DB_5_S831;DB_5_S832;DB_5_S833;DB_5_S834;DB_5_S836;DB_5_S839;DB_5_S841;DB_5_S842;DB_5_S843;DB_5_S845;DB_5_S847;DB_5_S848;DB_5_S849;DB_5_S851;DB_5_S854;DB_5_S855;DB_5_S856;DB_5_S857;DB_5_S858;DB_5_S859;DB_5_S861;DB_5_S862;DB_5_S863;DB_5_S864;DB_5_S865;DB_5_S866;DB_5_S867;DB_5_S869;DB_5_S870;DB_5_S874;DB_5_S876;DB_5_S878;DB_5_S880;DB_5_S882;DB_5_S886;DB_5_S895;DB_5_S897;DB_5_S898;DB_5_S899;DB_5_S900;DB_5_S901;DB_5_S906;DB_5_S907;DB_5_S908;DB_5_S909;DB_5_S910;DB_5_S911;DB_5_S912;DB_5_S913;DB_5_S914;DB_5_S925;DB_5_S927;DB_5_S936;DB_5_S937;DB_5_S946;DB_5_S951;DB_5_S958;DB_5_S959;DB_5_S961;DB_5_S964;DB_5_S965;DB_5_S966;DB_5_S970;DB_5_S971;DB_5_S972;DB_5_S973;DB_5_S975;DB_5_S976;DB_5_S977;DB_5_S980;DB_5_S988;DB_5_S990;DB_5_S996;DB_5_S997;DB_5_S1005;DB_5_S1006;DB_5_S1009;DB_5_S1010;DB_5_S1013;DB_5_S1014;DB_5_S1015;DB_5_S1016;DB_5_S1017;DB_5_S1018;DB_5_S1019;DB_5_S1020;DB_5_S1021;DB_5_S1023;DB_5_S1024;DB_5_S1025;DB_5_S1026;DB_5_S1027;DB_5_S1028;DB_5_S1029;DB_5_S1030;DB_5_S1032;DB_5_S1033;DB_5_S1034;DB_5_S1035;DB_5_S1036;DB_5_S1041;DB_5_S1043;DB_5_S1044;DB_5_S1045;DB_5_S1046;DB_5_S1047;DB_5_S1048;DB_5_S1049;DB_5_S1050;DB_5_S1051;DB_5_S1052;DB_5_S1053;DB_5_S1055;DB_5_S1056;DB_5_S1057;DB_5_S1058;DB_5_S1059;DB_5_S1063;DB_5_S1064;DB_5_S1066;DB_5_S1067;DB_5_S1068;DB_5_S1071;DB_5_S1074;DB_5_S1076;DB_5_S1077;DB_5_S1082;DB_5_S1083;DB_5_S1084;DB_5_S1085;DB_5_S1086;DB_5_S1088;DB_5_S1089;DB_5_S1090;DB_5_S1091;DB_5_S1092;DB_5_S1093;DB_5_S1095;DB_5_S1096;DB_5_S1097;DB_5_S1099;DB_5_S1118;DB_5_S1119;DB_5_S1123;DB_5_S1125;DB_5_S1126;DB_5_S1127;DB_5_S1128;DB_5_S1130;DB_5_S1133,C3PA_Dataset/Annotations/DB/5.csv
DB_5,220,ra2,"To manage privacy preferences around digital advertising on TV streaming devices, please refer to https://www.networkadvertising.org/internet-connected-tv-choices/ or the device manufacturer’s instructions.",Methods to exercise rights,DB_5_S130;DB_5_S851,C3PA_Dataset/Annotations/DB/5.csv
DB_5,228,ra2,"We do not offer financial incentives associated with our collection, use, or disclosure of your personal information.",Description of Right to Know PI sold / shared,DB_5_S187;DB_5_S418;DB_5_S908,C3PA_Dataset/Annotations/DB/5.csv
DB_5,233,ra2,"We will not collect additional categories of personal information or use the personal information we collect for materially different, unrelated, or incompatible purposes without notifying you as required by law.",Categories of Personal Information Shared / Disclosed,DB_5_S252;DB_5_S483;DB_5_S973,C3PA_Dataset/Annotations/DB/5.csv
DB_5,234,ra1,"We may collect, transmit, and store your information provided to us from the following categories of sources (i.e., types or groupings of persons or entities from which a business collects personal information about consumers) and categories of third parties (i.e., types or groupings of third parties with whom the business shares personal information) – directly from you, our online technology, and our Partners.",Categories of Personal Information Collected,DB_5_S63;DB_5_S797,C3PA_Dataset/Annotations/DB/5.csv
DB_5,235,ra1,We collect your information directly from you,Categories of Personal Information Collected,DB_5_S65;DB_5_S799,C3PA_Dataset/Annotations/DB/5.csv
DB_5,236,ra1,Internet Protocol (“IP”) Address,Categories of Personal Information Collected,DB_5_S76;DB_5_S810,C3PA_Dataset/Annotations/DB/5.csv
DB_5,239,ra1,"include browser session location, ISP, pages that you visit before, during, and after using our Site, links you click, how you use our online technology, and information from any associated devices used to interact with our online technology.",Categories of Personal Information Collected,DB_5_S81;DB_5_S815,C3PA_Dataset/Annotations/DB/5.csv
DB_5,240,ra1,O,Others,DB_5_S1;DB_5_S2;DB_5_S3;DB_5_S6;DB_5_S7;DB_5_S8;DB_5_S9;DB_5_S10;DB_5_S11;DB_5_S12;DB_5_S15;DB_5_S18;DB_5_S19;DB_5_S20;DB_5_S21;DB_5_S23;DB_5_S24;DB_5_S27;DB_5_S28;DB_5_S29;DB_5_S30;DB_5_S32;DB_5_S33;DB_5_S34;DB_5_S35;DB_5_S36;DB_5_S37;DB_5_S38;DB_5_S39;DB_5_S40;DB_5_S41;DB_5_S42;DB_5_S43;DB_5_S44;DB_5_S45;DB_5_S46;DB_5_S47;DB_5_S48;DB_5_S49;DB_5_S50;DB_5_S51;DB_5_S52;DB_5_S53;DB_5_S54;DB_5_S57;DB_5_S58;DB_5_S59;DB_5_S60;DB_5_S61;DB_5_S62;DB_5_S63;DB_5_S64;DB_5_S65;DB_5_S66;DB_5_S67;DB_5_S68;DB_5_S69;DB_5_S70;DB_5_S71;DB_5_S72;DB_5_S73;DB_5_S74;DB_5_S75;DB_5_S76;DB_5_S77;DB_5_S78;DB_5_S79;DB_5_S80;DB_5_S81;DB_5_S82;DB_5_S83;DB_5_S84;DB_5_S85;DB_5_S86;DB_5_S87;DB_5_S88;DB_5_S89;DB_5_S90;DB_5_S91;DB_5_S92;DB_5_S93;DB_5_S94;DB_5_S95;DB_5_S96;DB_5_S97;DB_5_S98;DB_5_S99;DB_5_S100;DB_5_S101;DB_5_S102;DB_5_S104;DB_5_S105;DB_5_S106;DB_5_S107;DB_5_S108;DB_5_S109;DB_5_S110;DB_5_S111;DB_5_S112;DB_5_S113;DB_5_S114;DB_5_S115;DB_5_S119;DB_5_S120;DB_5_S121;DB_5_S124;DB_5_S125;DB_5_S126;DB_5_S127;DB_5_S128;DB_5_S129;DB_5_S130;DB_5_S131;DB_5_S132;DB_5_S133;DB_5_S134;DB_5_S135;DB_5_S136;DB_5_S137;DB_5_S138;DB_5_S139;DB_5_S140;DB_5_S141;DB_5_S142;DB_5_S143;DB_5_S144;DB_5_S145;DB_5_S146;DB_5_S147;DB_5_S148;DB_5_S149;DB_5_S150;DB_5_S152;DB_5_S153;DB_5_S154;DB_5_S155;DB_5_S157;DB_5_S158;DB_5_S159;DB_5_S160;DB_5_S161;DB_5_S163;DB_5_S165;DB_5_S167;DB_5_S168;DB_5_S169;DB_5_S170;DB_5_S171;DB_5_S174;DB_5_S175;DB_5_S176;DB_5_S177;DB_5_S178;DB_5_S179;DB_5_S180;DB_5_S181;DB_5_S182;DB_5_S183;DB_5_S184;DB_5_S185;DB_5_S186;DB_5_S187;DB_5_S188;DB_5_S189;DB_5_S190;DB_5_S191;DB_5_S192;DB_5_S193;DB_5_S194;DB_5_S196;DB_5_S198;DB_5_S200;DB_5_S202;DB_5_S203;DB_5_S204;DB_5_S206;DB_5_S207;DB_5_S209;DB_5_S210;DB_5_S212;DB_5_S213;DB_5_S214;DB_5_S215;DB_5_S216;DB_5_S218;DB_5_S219;DB_5_S221;DB_5_S222;DB_5_S223;DB_5_S224;DB_5_S225;DB_5_S227;DB_5_S228;DB_5_S229;DB_5_S230;DB_5_S231;DB_5_S233;DB_5_S234;DB_5_S235;DB_5_S236;DB_5_S237;DB_5_S238;DB_5_S239;DB_5_S240;DB_5_S241;DB_5_S242;DB_5_S243;DB_5_S244;DB_5_S245;DB_5_S246;DB_5_S247;DB_5_S248;DB_5_S249;DB_5_S250;DB_5_S251;DB_5_S252;DB_5_S253;DB_5_S254;DB_5_S255;DB_5_S256;DB_5_S257;DB_5_S259;DB_5_S261;DB_5_S262;DB_5_S263;DB_5_S265;DB_5_S266;DB_5_S267;DB_5_S268;DB_5_S269;DB_5_S270;DB_5_S271;DB_5_S272;DB_5_S273;DB_5_S274;DB_5_S275;DB_5_S276;DB_5_S277;DB_5_S278;DB_5_S279;DB_5_S280;DB_5_S281;DB_5_S282;DB_5_S283;DB_5_S284;DB_5_S285;DB_5_S286;DB_5_S287;DB_5_S288;DB_5_S289;DB_5_S290;DB_5_S291;DB_5_S292;DB_5_S293;DB_5_S294;DB_5_S295;DB_5_S296;DB_5_S297;DB_5_S298;DB_5_S299;DB_5_S300;DB_5_S301;DB_5_S302;DB_5_S303;DB_5_S304;DB_5_S305;DB_5_S306;DB_5_S307;DB_5_S308;DB_5_S309;DB_5_S310;DB_5_S311;DB_5_S312;DB_5_S313;DB_5_S314;DB_5_S315;DB_5_S316;DB_5_S318;DB_5_S319;DB_5_S320;DB_5_S321;DB_5_S322;DB_5_S323;DB_5_S324;DB_5_S325;DB_5_S326;DB_5_S327;DB_5_S328;DB_5_S329;DB_5_S330;DB_5_S331;DB_5_S332;DB_5_S333;DB_5_S334;DB_5_S335;DB_5_S336;DB_5_S337;DB_5_S338;DB_5_S339;DB_5_S340;DB_5_S341;DB_5_S342;DB_5_S343;DB_5_S344;DB_5_S345;DB_5_S346;DB_5_S347;DB_5_S348;DB_5_S349;DB_5_S350;DB_5_S351;DB_5_S352;DB_5_S353;DB_5_S354;DB_5_S355;DB_5_S356;DB_5_S357;DB_5_S358;DB_5_S359;DB_5_S360;DB_5_S361;DB_5_S362;DB_5_S363;DB_5_S364;DB_5_S365;DB_5_S367;DB_5_S368;DB_5_S370;DB_5_S371;DB_5_S372;DB_5_S373;DB_5_S374;DB_5_S375;DB_5_S376;DB_5_S377;DB_5_S378;DB_5_S379;DB_5_S383;DB_5_S388;DB_5_S392;DB_5_S396;DB_5_S397;DB_5_S398;DB_5_S399;DB_5_S400;DB_5_S401;DB_5_S402;DB_5_S403;DB_5_S404;DB_5_S405;DB_5_S406;DB_5_S407;DB_5_S408;DB_5_S409;DB_5_S410;DB_5_S411;DB_5_S412;DB_5_S413;DB_5_S414;DB_5_S415;DB_5_S416;DB_5_S417;DB_5_S418;DB_5_S419;DB_5_S420;DB_5_S421;DB_5_S422;DB_5_S423;DB_5_S424;DB_5_S425;DB_5_S427;DB_5_S429;DB_5_S431;DB_5_S433;DB_5_S434;DB_5_S435;DB_5_S437;DB_5_S438;DB_5_S440;DB_5_S441;DB_5_S443;DB_5_S444;DB_5_S445;DB_5_S446;DB_5_S447;DB_5_S449;DB_5_S450;DB_5_S452;DB_5_S453;DB_5_S454;DB_5_S455;DB_5_S456;DB_5_S458;DB_5_S459;DB_5_S460;DB_5_S461;DB_5_S462;DB_5_S464;DB_5_S465;DB_5_S466;DB_5_S467;DB_5_S468;DB_5_S469;DB_5_S470;DB_5_S471;DB_5_S472;DB_5_S473;DB_5_S474;DB_5_S475;DB_5_S476;DB_5_S477;DB_5_S478;DB_5_S479;DB_5_S480;DB_5_S481;DB_5_S482;DB_5_S483;DB_5_S484;DB_5_S485;DB_5_S486;DB_5_S487;DB_5_S488;DB_5_S490;DB_5_S492;DB_5_S493;DB_5_S494;DB_5_S496;DB_5_S497;DB_5_S498;DB_5_S499;DB_5_S500;DB_5_S501;DB_5_S502;DB_5_S503;DB_5_S504;DB_5_S505;DB_5_S506;DB_5_S507;DB_5_S508;DB_5_S509;DB_5_S510;DB_5_S511;DB_5_S512;DB_5_S513;DB_5_S514;DB_5_S515;DB_5_S516;DB_5_S517;DB_5_S518;DB_5_S519;DB_5_S520;DB_5_S521;DB_5_S522;DB_5_S523;DB_5_S524;DB_5_S525;DB_5_S526;DB_5_S527;DB_5_S528;DB_5_S529;DB_5_S530;DB_5_S531;DB_5_S532;DB_5_S533;DB_5_S534;DB_5_S535;DB_5_S536;DB_5_S537;DB_5_S538;DB_5_S539;DB_5_S540;DB_5_S541;DB_5_S542;DB_5_S543;DB_5_S544;DB_5_S545;DB_5_S546;DB_5_S547;DB_5_S549;DB_5_S550;DB_5_S551;DB_5_S552;DB_5_S553;DB_5_S554;DB_5_S555;DB_5_S556;DB_5_S557;DB_5_S558;DB_5_S559;DB_5_S560;DB_5_S561;DB_5_S562;DB_5_S563;DB_5_S564;DB_5_S565;DB_5_S566;DB_5_S567;DB_5_S568;DB_5_S569;DB_5_S570;DB_5_S571;DB_5_S572;DB_5_S573;DB_5_S574;DB_5_S575;DB_5_S576;DB_5_S577;DB_5_S578;DB_5_S579;DB_5_S580;DB_5_S581;DB_5_S582;DB_5_S583;DB_5_S584;DB_5_S585;DB_5_S586;DB_5_S587;DB_5_S588;DB_5_S589;DB_5_S590;DB_5_S591;DB_5_S592;DB_5_S593;DB_5_S594;DB_5_S595;DB_5_S596;DB_5_S598;DB_5_S599;DB_5_S601;DB_5_S602;DB_5_S603;DB_5_S604;DB_5_S605;DB_5_S606;DB_5_S607;DB_5_S608;DB_5_S609;DB_5_S610;DB_5_S614;DB_5_S619;DB_5_S623;DB_5_S627;DB_5_S628;DB_5_S629;DB_5_S630;DB_5_S631;DB_5_S632;DB_5_S633;DB_5_S634;DB_5_S635;DB_5_S637;DB_5_S638;DB_5_S639;DB_5_S640;DB_5_S642;DB_5_S643;DB_5_S644;DB_5_S645;DB_5_S646;DB_5_S647;DB_5_S648;DB_5_S649;DB_5_S650;DB_5_S651;DB_5_S652;DB_5_S653;DB_5_S654;DB_5_S655;DB_5_S656;DB_5_S657;DB_5_S658;DB_5_S659;DB_5_S660;DB_5_S662;DB_5_S663;DB_5_S664;DB_5_S665;DB_5_S668;DB_5_S670;DB_5_S671;DB_5_S672;DB_5_S673;DB_5_S674;DB_5_S675;DB_5_S676;DB_5_S677;DB_5_S678;DB_5_S679;DB_5_S680;DB_5_S681;DB_5_S682;DB_5_S683;DB_5_S684;DB_5_S685;DB_5_S686;DB_5_S687;DB_5_S688;DB_5_S689;DB_5_S690;DB_5_S691;DB_5_S692;DB_5_S693;DB_5_S695;DB_5_S696;DB_5_S697;DB_5_S700;DB_5_S701;DB_5_S702;DB_5_S703;DB_5_S706;DB_5_S707;DB_5_S708;DB_5_S709;DB_5_S710;DB_5_S711;DB_5_S712;DB_5_S713;DB_5_S715;DB_5_S716;DB_5_S717;DB_5_S718;DB_5_S719;DB_5_S720;DB_5_S721;DB_5_S722;DB_5_S723;DB_5_S724;DB_5_S725;DB_5_S726;DB_5_S727;DB_5_S728;DB_5_S729;DB_5_S730;DB_5_S731;DB_5_S732;DB_5_S735;DB_5_S736;DB_5_S737;DB_5_S738;DB_5_S739;DB_5_S740;DB_5_S741;DB_5_S742;DB_5_S743;DB_5_S744;DB_5_S745;DB_5_S746;DB_5_S747;DB_5_S748;DB_5_S749;DB_5_S751;DB_5_S752;DB_5_S753;DB_5_S754;DB_5_S755;DB_5_S756;DB_5_S757;DB_5_S758;DB_5_S759;DB_5_S761;DB_5_S762;DB_5_S763;DB_5_S765;DB_5_S766;DB_5_S767;DB_5_S768;DB_5_S769;DB_5_S770;DB_5_S771;DB_5_S772;DB_5_S773;DB_5_S774;DB_5_S775;DB_5_S776;DB_5_S777;DB_5_S778;DB_5_S779;DB_5_S780;DB_5_S781;DB_5_S782;DB_5_S783;DB_5_S784;DB_5_S785;DB_5_S786;DB_5_S787;DB_5_S788;DB_5_S791;DB_5_S792;DB_5_S793;DB_5_S794;DB_5_S795;DB_5_S796;DB_5_S797;DB_5_S798;DB_5_S799;DB_5_S800;DB_5_S801;DB_5_S802;DB_5_S803;DB_5_S804;DB_5_S805;DB_5_S806;DB_5_S807;DB_5_S808;DB_5_S809;DB_5_S810;DB_5_S811;DB_5_S812;DB_5_S813;DB_5_S814;DB_5_S815;DB_5_S816;DB_5_S817;DB_5_S818;DB_5_S819;DB_5_S820;DB_5_S821;DB_5_S822;DB_5_S823;DB_5_S824;DB_5_S825;DB_5_S826;DB_5_S827;DB_5_S828;DB_5_S829;DB_5_S830;DB_5_S831;DB_5_S832;DB_5_S833;DB_5_S834;DB_5_S835;DB_5_S836;DB_5_S838;DB_5_S839;DB_5_S840;DB_5_S841;DB_5_S842;DB_5_S843;DB_5_S844;DB_5_S845;DB_5_S846;DB_5_S847;DB_5_S848;DB_5_S849;DB_5_S850;DB_5_S851;DB_5_S852;DB_5_S853;DB_5_S854;DB_5_S855;DB_5_S856;DB_5_S857;DB_5_S858;DB_5_S859;DB_5_S860;DB_5_S861;DB_5_S862;DB_5_S863;DB_5_S864;DB_5_S865;DB_5_S866;DB_5_S867;DB_5_S868;DB_5_S869;DB_5_S870;DB_5_S871;DB_5_S873;DB_5_S874;DB_5_S875;DB_5_S876;DB_5_S878;DB_5_S879;DB_5_S880;DB_5_S881;DB_5_S882;DB_5_S884;DB_5_S886;DB_5_S888;DB_5_S889;DB_5_S890;DB_5_S891;DB_5_S892;DB_5_S895;DB_5_S896;DB_5_S897;DB_5_S898;DB_5_S899;DB_5_S900;DB_5_S901;DB_5_S902;DB_5_S903;DB_5_S904;DB_5_S905;DB_5_S906;DB_5_S907;DB_5_S908;DB_5_S909;DB_5_S910;DB_5_S911;DB_5_S912;DB_5_S913;DB_5_S914;DB_5_S915;DB_5_S917;DB_5_S919;DB_5_S921;DB_5_S923;DB_5_S924;DB_5_S925;DB_5_S927;DB_5_S928;DB_5_S930;DB_5_S931;DB_5_S933;DB_5_S934;DB_5_S935;DB_5_S936;DB_5_S937;DB_5_S939;DB_5_S940;DB_5_S942;DB_5_S943;DB_5_S944;DB_5_S945;DB_5_S946;DB_5_S948;DB_5_S949;DB_5_S950;DB_5_S951;DB_5_S952;DB_5_S954;DB_5_S955;DB_5_S956;DB_5_S957;DB_5_S958;DB_5_S959;DB_5_S960;DB_5_S961;DB_5_S962;DB_5_S963;DB_5_S964;DB_5_S965;DB_5_S966;DB_5_S967;DB_5_S968;DB_5_S969;DB_5_S970;DB_5_S971;DB_5_S972;DB_5_S973;DB_5_S974;DB_5_S975;DB_5_S976;DB_5_S977;DB_5_S978;DB_5_S980;DB_5_S982;DB_5_S983;DB_5_S984;DB_5_S986;DB_5_S987;DB_5_S988;DB_5_S989;DB_5_S990;DB_5_S991;DB_5_S992;DB_5_S993;DB_5_S994;DB_5_S995;DB_5_S996;DB_5_S997;DB_5_S998;DB_5_S999;DB_5_S1000;DB_5_S1001;DB_5_S1002;DB_5_S1003;DB_5_S1004;DB_5_S1005;DB_5_S1006;DB_5_S1007;DB_5_S1008;DB_5_S1009;DB_5_S1010;DB_5_S1011;DB_5_S1012;DB_5_S1013;DB_5_S1014;DB_5_S1015;DB_5_S1016;DB_5_S1017;DB_5_S1018;DB_5_S1019;DB_5_S1020;DB_5_S1021;DB_5_S1022;DB_5_S1023;DB_5_S1024;DB_5_S1025;DB_5_S1026;DB_5_S1027;DB_5_S1028;DB_5_S1029;DB_5_S1030;DB_5_S1031;DB_5_S1032;DB_5_S1033;DB_5_S1034;DB_5_S1035;DB_5_S1036;DB_5_S1037;DB_5_S1039;DB_5_S1040;DB_5_S1041;DB_5_S1042;DB_5_S1043;DB_5_S1044;DB_5_S1045;DB_5_S1046;DB_5_S1047;DB_5_S1048;DB_5_S1049;DB_5_S1050;DB_5_S1051;DB_5_S1052;DB_5_S1053;DB_5_S1054;DB_5_S1055;DB_5_S1056;DB_5_S1057;DB_5_S1058;DB_5_S1059;DB_5_S1060;DB_5_S1061;DB_5_S1062;DB_5_S1063;DB_5_S1064;DB_5_S1065;DB_5_S1066;DB_5_S1067;DB_5_S1068;DB_5_S1069;DB_5_S1070;DB_5_S1071;DB_5_S1072;DB_5_S1073;DB_5_S1074;DB_5_S1075;DB_5_S1076;DB_5_S1077;DB_5_S1078;DB_5_S1079;DB_5_S1080;DB_5_S1081;DB_5_S1082;DB_5_S1083;DB_5_S1084;DB_5_S1085;DB_5_S1086;DB_5_S1088;DB_5_S1089;DB_5_S1091;DB_5_S1092;DB_5_S1093;DB_5_S1094;DB_5_S1095;DB_5_S1096;DB_5_S1097;DB_5_S1098;DB_5_S1099;DB_5_S1100;DB_5_S1104;DB_5_S1109;DB_5_S1113;DB_5_S1117;DB_5_S1118;DB_5_S1119;DB_5_S1120;DB_5_S1121;DB_5_S1122;DB_5_S1123;DB_5_S1124;DB_5_S1125;DB_5_S1126;DB_5_S1127;DB_5_S1128;DB_5_S1129;DB_5_S1130;DB_5_S1131;DB_5_S1132;DB_5_S1133,C3PA_Dataset/Annotations/DB/5.csv
DB_5,241,ra1,"Cookies may transmit information about you and your use of this Site, such as your browser type, IP address, data relating to ads displayed to you or ads that you have interacted with, and the date and time of your use.",Categories of Personal Information Collected,DB_5_S95;DB_5_S829,C3PA_Dataset/Annotations/DB/5.csv
DB_5,245,ra1,We do not share your information with third party (non-Partners),Categories of Personal Information Shared / Disclosed,DB_5_S146;DB_5_S867,C3PA_Dataset/Annotations/DB/5.csv
DB_5,248,ra1,"We collect various categories of personal information when you use this Site or our Partner sites, including identifiers, commercial information, internet or other electronic network or device activity, geolocation data, and professional information",Categories of Personal Information Collected,DB_5_S188;DB_5_S419;DB_5_S909,C3PA_Dataset/Annotations/DB/5.csv
DB_5,258,ra1,We may use or disclose the personal information we collect for some or more of the following business purposes,Categories of Personal Information Shared / Disclosed,DB_5_S243;DB_5_S474;DB_5_S964,C3PA_Dataset/Annotations/DB/5.csv
DB_5,260,ra1,Right to Know: You may request that a business tell you what specific personal information it collected,Description of Right to Know PI Collected,DB_5_S289;DB_5_S520;DB_5_S1010,C3PA_Dataset/Annotations/DB/5.csv
DB_5,261,ra1," shared, or sold about you, and why it was collected, shared, or sold",Description of Right to Know PI sold / shared,DB_5_S289;DB_5_S520;DB_5_S1010,C3PA_Dataset/Annotations/DB/5.csv
DB_5,262,ra1,"Right to Delete: You may request that a business delete personal information that it collected from you, subject to some exceptions",Description of Right to Delete,DB_5_S290;DB_5_S521;DB_5_S1011,C3PA_Dataset/Annotations/DB/5.csv
DB_5,263,ra1,Right to Opt-Out: You may request that a business stop selling your personal information,Description of Right to Opt-out of sale of PI,DB_5_S291;DB_5_S522;DB_5_S1012,C3PA_Dataset/Annotations/DB/5.csv
DB_5,264,ra1,Right to Non-Discrimination: A business may not discriminate against consumers who exercise their rights under the CCPA,Description of Right to Non-discrimination on exercising rights,DB_5_S293;DB_5_S524;DB_5_S1014,C3PA_Dataset/Annotations/DB/5.csv
DB_5,266,ra1,Categories of personal information that we sold or disclosed for a business purpose about you,Description of Right to Know PI sold / shared,DB_5_S299;DB_5_S530;DB_5_S1020,C3PA_Dataset/Annotations/DB/5.csv
DB_5,267,ra1,"The categories of personal information we collected about you (e.g., IP address, geolocation data, internet activity such as web browsing histories, and professional or employment-related information) in the preceding twelve (12) months from the date we receive your request",Description of Right to Know PI Collected,DB_5_S303;DB_5_S534;DB_5_S1024,C3PA_Dataset/Annotations/DB/5.csv
DB_5,268,ra1,"The categories of sources from which your personal information was collected (e.g., cookies)",Description of Right to Know PI Collected,DB_5_S304;DB_5_S535;DB_5_S1025,C3PA_Dataset/Annotations/DB/5.csv
DB_5,269,ra1,"The categories of personal information that we sold in the preceding twelve (12) months, and for each category identified, the categories of third parties to which we sold that particular category of personal information",Description of Right to Know PI sold / shared,DB_5_S307;DB_5_S538;DB_5_S1028,C3PA_Dataset/Annotations/DB/5.csv
DB_5,270,ra1,The categories of personal information that we disclosed for a business purpose in the preceding twelve (12) months,Description of Right to Know PI sold / shared,DB_5_S308;DB_5_S539;DB_5_S1029,C3PA_Dataset/Annotations/DB/5.csv
DB_5,273,ra1,Submit your request using the information in Section 7 (Contact Information) above and include the value of your tribalfusion.com ANON_ID cookie (“TF ANON_ID Cookie Value” or “Cookie Value”) as explained below.,Methods to exercise rights,DB_5_S327;DB_5_S558;DB_5_S1048,C3PA_Dataset/Annotations/DB/5.csv
DB_5,276,ra1,"Under the CCPA, you may Opt-Out of the sale of your personal information from a business to third parties.",Description of Right to Opt-out of sale of PI,DB_5_S349;DB_5_S580;DB_5_S1070,C3PA_Dataset/Annotations/DB/5.csv
DB_5,277,ra1,While we do not sell your personal information suppression of any sharing of your personal information can be applied by following the same steps laid out in the Right to Delete above.,Methods to exercise rights,DB_5_S350;DB_5_S581;DB_5_S1071,C3PA_Dataset/Annotations/DB/5.csv
DB_5,279,ra1,the right to request and obtain what personal information we share with third parties for those third parties’ direct marketing purposes,Description of Right to Know PI sold / shared,DB_5_S370;DB_5_S601;DB_5_S1091,C3PA_Dataset/Annotations/DB/5.csv
DB_5,280,ra1,"In terms of the data we use, “Opt-Out” is the same as “delete”",Description of Right to Delete,DB_5_S397;DB_5_S628;DB_5_S1118,C3PA_Dataset/Annotations/DB/5.csv
DB_5,283,ra1,"We collect information that identifies, relates to, describes, references, is capable of being associated with, or could reasonably be linked, directly or indirectly, with a particular consumer, household, or device (“personal information”)",Categories of Personal Information Collected,DB_5_S192;DB_5_S423;DB_5_S913,C3PA_Dataset/Annotations/DB/5.csv
DB_5,292,ra1,We may use or disclose the personal information we collect for some or more of the following business purposes,Categories of Personal Information Shared / Disclosed,DB_5_S243;DB_5_S474;DB_5_S964,C3PA_Dataset/Annotations/DB/5.csv
DB_5,293,ra1,We may use or disclose the personal information we collect for some or more of the following business purposes,Categories of Personal Information Shared / Disclosed,DB_5_S243;DB_5_S474;DB_5_S964,C3PA_Dataset/Annotations/DB/5.csv
DB_5,297,ra1," shared, or sold about you, and why it was collected, shared, or sold;",Description of Right to Know PI sold / shared,DB_5_S289;DB_5_S520;DB_5_S1010,C3PA_Dataset/Annotations/DB/5.csv
DB_5,300,ra1,Right to Non-Discrimination: A business may not discriminate against consumers who exercise their rights under the CCPA.,Description of Right to Non-discrimination on exercising rights,DB_5_S293;DB_5_S524;DB_5_S1014,C3PA_Dataset/Annotations/DB/5.csv
DB_5,303,ra1,"The categories of personal information we collected about you (e.g., IP address, geolocation data, internet activity such as web browsing histories, and professional or employment-related information) in the preceding twelve (12) months from the date we receive your request;",Description of Right to Know PI Collected,DB_5_S303;DB_5_S534;DB_5_S1024,C3PA_Dataset/Annotations/DB/5.csv
DB_5,304,ra1,"The categories of personal information that we sold in the preceding twelve (12) months, and for each category identified, the categories of third parties to which we sold that particular category of personal information;",Description of Right to Know PI sold / shared,DB_5_S307;DB_5_S538;DB_5_S1028,C3PA_Dataset/Annotations/DB/5.csv
DB_5,305,ra1,The categories of personal information that we disclosed for a business purpose in the preceding twelve (12) months,Description of Right to Know PI sold / shared,DB_5_S308;DB_5_S539;DB_5_S1029,C3PA_Dataset/Annotations/DB/5.csv
DB_5,308,ra1,The CCPA considers the right to know and,Description of Right to Know PI Collected,DB_5_S322;DB_5_S553;DB_5_S1043,C3PA_Dataset/Annotations/DB/5.csv
DB_5,309,ra1, the right to delete,Description of Right to Delete,DB_5_S322;DB_5_S350;DB_5_S553;DB_5_S581;DB_5_S1043;DB_5_S1071,C3PA_Dataset/Annotations/DB/5.csv
DB_5,314,ra1,Introduction,Others,DB_5_S35;DB_5_S769,C3PA_Dataset/Annotations/DB/5.csv
DB_51,20,ra2,"IDI
",Categories of Personal Information Collected,DB_51_S3;DB_51_S5;DB_51_S73;DB_51_S143;DB_51_S145;DB_51_S146;DB_51_S147;DB_51_S148;DB_51_S186;DB_51_S199;DB_51_S204,C3PA_Dataset/Annotations/DB/51.csv
DB_52,36,ra1,"Information Collection, Use, and Sharing",Categories of Personal Information Collected,DB_52_S11;DB_52_S69,C3PA_Dataset/Annotations/DB/52.csv
DB_54,25,ra2,or,Categories of Personal Information Collected,DB_54_S4;DB_54_S12;DB_54_S14;DB_54_S16;DB_54_S18;DB_54_S19;DB_54_S20;DB_54_S21;DB_54_S22;DB_54_S23;DB_54_S24;DB_54_S25;DB_54_S29;DB_54_S31;DB_54_S34;DB_54_S35;DB_54_S37;DB_54_S38;DB_54_S40;DB_54_S41;DB_54_S43;DB_54_S44;DB_54_S46;DB_54_S47;DB_54_S50;DB_54_S52;DB_54_S53;DB_54_S55;DB_54_S56;DB_54_S58;DB_54_S59;DB_54_S61;DB_54_S62;DB_54_S64;DB_54_S65;DB_54_S66;DB_54_S67;DB_54_S68;DB_54_S69;DB_54_S70;DB_54_S72;DB_54_S74;DB_54_S75;DB_54_S76;DB_54_S77;DB_54_S78;DB_54_S79;DB_54_S83;DB_54_S84;DB_54_S86;DB_54_S87;DB_54_S88;DB_54_S89;DB_54_S90;DB_54_S91;DB_54_S92;DB_54_S93;DB_54_S94;DB_54_S95;DB_54_S98;DB_54_S101;DB_54_S102;DB_54_S103;DB_54_S104;DB_54_S105;DB_54_S106;DB_54_S107;DB_54_S108;DB_54_S109;DB_54_S110;DB_54_S111;DB_54_S112;DB_54_S113;DB_54_S116;DB_54_S117;DB_54_S119;DB_54_S120;DB_54_S122;DB_54_S123;DB_54_S124;DB_54_S125;DB_54_S126;DB_54_S127;DB_54_S128;DB_54_S130;DB_54_S131;DB_54_S133;DB_54_S134;DB_54_S135;DB_54_S136;DB_54_S137;DB_54_S138;DB_54_S141;DB_54_S144;DB_54_S146;DB_54_S147;DB_54_S148;DB_54_S149;DB_54_S151;DB_54_S153;DB_54_S154;DB_54_S156;DB_54_S157;DB_54_S158;DB_54_S159;DB_54_S160;DB_54_S161;DB_54_S162;DB_54_S163;DB_54_S164;DB_54_S165;DB_54_S167;DB_54_S169;DB_54_S170;DB_54_S171;DB_54_S173;DB_54_S174;DB_54_S175;DB_54_S176;DB_54_S177;DB_54_S178;DB_54_S180;DB_54_S182;DB_54_S188;DB_54_S189;DB_54_S190;DB_54_S193;DB_54_S195;DB_54_S196;DB_54_S198;DB_54_S204;DB_54_S218;DB_54_S220;DB_54_S225;DB_54_S227;DB_54_S228;DB_54_S231;DB_54_S233;DB_54_S234;DB_54_S237;DB_54_S239;DB_54_S240;DB_54_S241;DB_54_S242;DB_54_S244;DB_54_S264;DB_54_S269;DB_54_S272;DB_54_S275;DB_54_S277;DB_54_S288;DB_54_S289;DB_54_S296;DB_54_S300;DB_54_S315;DB_54_S317;DB_54_S321;DB_54_S322;DB_54_S324;DB_54_S326;DB_54_S329;DB_54_S330;DB_54_S332;DB_54_S337;DB_54_S338;DB_54_S339;DB_54_S341;DB_54_S342;DB_54_S343;DB_54_S344;DB_54_S345;DB_54_S346;DB_54_S349;DB_54_S350;DB_54_S352;DB_54_S353;DB_54_S354;DB_54_S358;DB_54_S359;DB_54_S361;DB_54_S362;DB_54_S364;DB_54_S365;DB_54_S367;DB_54_S370;DB_54_S372;DB_54_S377,C3PA_Dataset/Annotations/DB/54.csv
DB_54,26,ra2, ad,Categories of Personal Information Collected,DB_54_S1;DB_54_S4;DB_54_S16;DB_54_S17;DB_54_S23;DB_54_S29;DB_54_S34;DB_54_S47;DB_54_S59;DB_54_S75;DB_54_S79;DB_54_S80;DB_54_S83;DB_54_S89;DB_54_S116;DB_54_S141;DB_54_S151;DB_54_S157;DB_54_S161;DB_54_S165;DB_54_S171;DB_54_S193;DB_54_S196;DB_54_S197;DB_54_S198;DB_54_S204;DB_54_S216;DB_54_S218;DB_54_S222;DB_54_S224;DB_54_S231;DB_54_S233;DB_54_S234;DB_54_S236;DB_54_S241;DB_54_S244;DB_54_S245;DB_54_S246;DB_54_S247;DB_54_S248;DB_54_S251;DB_54_S255;DB_54_S258;DB_54_S261;DB_54_S264;DB_54_S269;DB_54_S272;DB_54_S275;DB_54_S277;DB_54_S280;DB_54_S281;DB_54_S283;DB_54_S285;DB_54_S290;DB_54_S293;DB_54_S294;DB_54_S314;DB_54_S315;DB_54_S319;DB_54_S320;DB_54_S321;DB_54_S323;DB_54_S324;DB_54_S325;DB_54_S326;DB_54_S327;DB_54_S328;DB_54_S331;DB_54_S334;DB_54_S335;DB_54_S336;DB_54_S337;DB_54_S338;DB_54_S339;DB_54_S341;DB_54_S344;DB_54_S346;DB_54_S347;DB_54_S348;DB_54_S350;DB_54_S351;DB_54_S352;DB_54_S353;DB_54_S354;DB_54_S359;DB_54_S362;DB_54_S365;DB_54_S367;DB_54_S368;DB_54_S369;DB_54_S377,C3PA_Dataset/Annotations/DB/54.csv
DB_54,31,ra2,justments ,Categories of Personal Information Shared / Disclosed,DB_54_S224;DB_54_S248;DB_54_S264;DB_54_S277;DB_54_S290;DB_54_S293;DB_54_S334;DB_54_S336;DB_54_S351;DB_54_S352;DB_54_S353,C3PA_Dataset/Annotations/DB/54.csv
DB_57,22,ra2,c,Updated Privacy Policy,DB_57_S1;DB_57_S4;DB_57_S5;DB_57_S8;DB_57_S9;DB_57_S10;DB_57_S11;DB_57_S12;DB_57_S13;DB_57_S14;DB_57_S16;DB_57_S17;DB_57_S18;DB_57_S19;DB_57_S20;DB_57_S21;DB_57_S22;DB_57_S23;DB_57_S24;DB_57_S25;DB_57_S26;DB_57_S28;DB_57_S29;DB_57_S30;DB_57_S32;DB_57_S33;DB_57_S34;DB_57_S35;DB_57_S36;DB_57_S38;DB_57_S39;DB_57_S41;DB_57_S42;DB_57_S43;DB_57_S44;DB_57_S45;DB_57_S46;DB_57_S47;DB_57_S48;DB_57_S49;DB_57_S50;DB_57_S51;DB_57_S52;DB_57_S53;DB_57_S54;DB_57_S56;DB_57_S57;DB_57_S58;DB_57_S59;DB_57_S60;DB_57_S61;DB_57_S62;DB_57_S63;DB_57_S64;DB_57_S65;DB_57_S66;DB_57_S67;DB_57_S70;DB_57_S71;DB_57_S72;DB_57_S75;DB_57_S76;DB_57_S77;DB_57_S78;DB_57_S79;DB_57_S80;DB_57_S81;DB_57_S82;DB_57_S83;DB_57_S84;DB_57_S87;DB_57_S88;DB_57_S89;DB_57_S90;DB_57_S91;DB_57_S92;DB_57_S93;DB_57_S95;DB_57_S96;DB_57_S97;DB_57_S99;DB_57_S100;DB_57_S102;DB_57_S103;DB_57_S104;DB_57_S105;DB_57_S106;DB_57_S107;DB_57_S113;DB_57_S116;DB_57_S117;DB_57_S118;DB_57_S119;DB_57_S122;DB_57_S123;DB_57_S124;DB_57_S125;DB_57_S126;DB_57_S127;DB_57_S128;DB_57_S129;DB_57_S132;DB_57_S133;DB_57_S134;DB_57_S137;DB_57_S138;DB_57_S139;DB_57_S141;DB_57_S142;DB_57_S143;DB_57_S144;DB_57_S145;DB_57_S146;DB_57_S147;DB_57_S149;DB_57_S150;DB_57_S153;DB_57_S154;DB_57_S156;DB_57_S157;DB_57_S158;DB_57_S159;DB_57_S161;DB_57_S162;DB_57_S163;DB_57_S164;DB_57_S166;DB_57_S167;DB_57_S168;DB_57_S171;DB_57_S172;DB_57_S173;DB_57_S175;DB_57_S176;DB_57_S178;DB_57_S179,C3PA_Dataset/Annotations/DB/57.csv
DB_58,5,ra3,"Preference cookies enable a website to remember information that changes the way the website behaves or looks, like your preferred language or the region that you are in.",Categories of Personal Information Collected,DB_58_S83;DB_58_S1381,C3PA_Dataset/Annotations/DB/58.csv
DB_58,9,ra3,Statistic cookies help website owners to understand how visitors interact with websites by collecting and reporting information anonymously.,Categories of Personal Information Collected,DB_58_S96;DB_58_S1395,C3PA_Dataset/Annotations/DB/58.csv
DB_58,10,ra3,Statistic cookies help website owners to understand how visitors interact with websites by collecting and reporting information anonymously.,Categories of Personal Information Shared / Disclosed,DB_58_S96;DB_58_S1395,C3PA_Dataset/Annotations/DB/58.csv
DB_58,11,ra3,Statistic cookies help website owners to understand how visitors interact with websites by collecting and reporting information anonymously.,Categories of Personal Information Sold,DB_58_S96;DB_58_S1395,C3PA_Dataset/Annotations/DB/58.csv
DB_58,21,ra3,"Unclassified cookies are cookies that we are in the process of classifying, together with the providers of individual cookies.",Categories of Personal Information Sold,DB_58_S270;DB_58_S1571,C3PA_Dataset/Annotations/DB/58.csv
DB_58,22,ra3,"Unclassified cookies are cookies that we are in the process of classifying, together with the providers of individual cookies.",Categories of Personal Information Shared / Disclosed,DB_58_S270;DB_58_S1571,C3PA_Dataset/Annotations/DB/58.csv
DB_58,23,ra3,"Unclassified cookies are cookies that we are in the process of classifying, together with the providers of individual cookies.",Categories of Personal Information Collected,DB_58_S270;DB_58_S1571,C3PA_Dataset/Annotations/DB/58.csv
DB_58,24,ra3,Effective: 18 July 2022,Updated Privacy Policy,DB_58_S321;DB_58_S925,C3PA_Dataset/Annotations/DB/58.csv
DB_58,66,ra3,"While CCPA only covers California residents, we will voluntarily extend its core rights for people to control their data to all of our users across the World, not just those who live in California.",Others,DB_58_S436;DB_58_S733,C3PA_Dataset/Annotations/DB/58.csv
DB_58,68,ra3,Effective: 18 July 2022,Updated Privacy Policy,DB_58_S321;DB_58_S925,C3PA_Dataset/Annotations/DB/58.csv
DB_58,122,ra3,"Unclassified cookies are cookies that we are in the process of classifying, together with the providers of individual cookies.",Categories of Personal Information Collected,DB_58_S270;DB_58_S1571,C3PA_Dataset/Annotations/DB/58.csv
DB_58,124,ra3,Effective: 18 July 2022,Updated Privacy Policy,DB_58_S321;DB_58_S925,C3PA_Dataset/Annotations/DB/58.csv
DB_58,140,ra3,Effective: 18 July 2022,Updated Privacy Policy,DB_58_S321;DB_58_S925,C3PA_Dataset/Annotations/DB/58.csv
DB_58,149,ra3,Effective on: 18 July 2022,Updated Privacy Policy,DB_58_S1034;DB_58_S1126,C3PA_Dataset/Annotations/DB/58.csv
DB_58,162,ra3,"To exercise the rights described above, please visit our Consumer Choices pages.",Methods to exercise rights,DB_58_S1108;DB_58_S1207,C3PA_Dataset/Annotations/DB/58.csv
DB_58,218,ra2,Effective: 18 July 2022,Updated Privacy Policy,DB_58_S321;DB_58_S925,C3PA_Dataset/Annotations/DB/58.csv
DB_58,236,ra2,Effective: 18 July 2022,Updated Privacy Policy,DB_58_S321;DB_58_S925,C3PA_Dataset/Annotations/DB/58.csv
DB_58,244,ra2,"If you provide your personal information and you wish to update, correct, or delete inaccuracies within that information, you may contact us as at privacy@near.com. ",Description of Right to Delete,DB_58_S422;DB_58_S725,C3PA_Dataset/Annotations/DB/58.csv
DB_58,245,ra2,"If you provide your personal information and you wish to update, correct, or delete inaccuracies within that information, you may contact us as at privacy@near.com. ",Description of Right to Correct Information,DB_58_S422;DB_58_S725,C3PA_Dataset/Annotations/DB/58.csv
DB_58,246,ra2,"If you provide your personal information and you wish to update, correct, or delete inaccuracies within that information, you may contact us as at privacy@near.com. ",Methods to exercise rights,DB_58_S422;DB_58_S725,C3PA_Dataset/Annotations/DB/58.csv
DB_58,247,ra2,"For personal information access, opt out and deletion requests with respect to any personal information processed by Near, and for personal data of data subjects for residents of EU, UK and Switzerland, you can follow the instructions on our Consumer Choices page. ",Description of Right to Know PI Collected,DB_58_S434;DB_58_S731,C3PA_Dataset/Annotations/DB/58.csv
DB_58,248,ra2,"For personal information access, opt out and deletion requests with respect to any personal information processed by Near, and for personal data of data subjects for residents of EU, UK and Switzerland, you can follow the instructions on our Consumer Choices page. ",Description of Right to Opt-out of sale of PI,DB_58_S434;DB_58_S731,C3PA_Dataset/Annotations/DB/58.csv
DB_58,249,ra2,"For personal information access, opt out and deletion requests with respect to any personal information processed by Near, and for personal data of data subjects for residents of EU, UK and Switzerland, you can follow the instructions on our Consumer Choices page. ",Description of Right to Delete,DB_58_S434;DB_58_S731,C3PA_Dataset/Annotations/DB/58.csv
DB_58,250,ra2,"For personal information access, opt out and deletion requests with respect to any personal information processed by Near, and for personal data of data subjects for residents of EU, UK and Switzerland, you can follow the instructions on our Consumer Choices page. ",Methods to exercise rights,DB_58_S434;DB_58_S731,C3PA_Dataset/Annotations/DB/58.csv
DB_58,252,ra2,Effective: 18 July 2022,Updated Privacy Policy,DB_58_S321;DB_58_S925,C3PA_Dataset/Annotations/DB/58.csv
DB_58,263,ra2,Effective on: 18 July 2022,Updated Privacy Policy,DB_58_S1034;DB_58_S1126,C3PA_Dataset/Annotations/DB/58.csv
DB_58,268,ra2,"As discussed more fully in our Privacy Policies, most of the information we collect and use is de-identified and aggregated information, such as de-identified categories of app use and jittered geolocation information associated with a de-identified device id.",Categories of Personal Information Collected,DB_58_S1078;DB_58_S1175,C3PA_Dataset/Annotations/DB/58.csv
DB_58,280,ra5,Effective: 18 July 2022,Updated Privacy Policy,DB_58_S321;DB_58_S925,C3PA_Dataset/Annotations/DB/58.csv
DB_58,296,ra5,"If you provide your personal information and you wish to update, correct, or delete inaccuracies within that information, you may contact us as at privacy@near.com.",Methods to exercise rights,DB_58_S422;DB_58_S725,C3PA_Dataset/Annotations/DB/58.csv
DB_58,332,ra5,"For personal information access, opt out and deletion requests with respect to any personal information processed by Near, and for personal data of data subjects for residents of EU, UK and Switzerland, you can follow the instructions on our Consumer Choices page.",Methods to exercise rights,DB_58_S434;DB_58_S731,C3PA_Dataset/Annotations/DB/58.csv
DB_58,338,ra5,Effective: 18 July 2022,Updated Privacy Policy,DB_58_S321;DB_58_S925,C3PA_Dataset/Annotations/DB/58.csv
DB_58,358,ra5,Effective on: 18 July 2022,Updated Privacy Policy,DB_58_S1034;DB_58_S1126,C3PA_Dataset/Annotations/DB/58.csv
DB_58,389,ra4,"Collects data on where the user came from, what search engine was used, what link was clicked and what search term was used.",Categories of Personal Information Collected,DB_58_S51;DB_58_S1351,C3PA_Dataset/Annotations/DB/58.csv
DB_58,390,ra4,Used by Google Analytics.,Categories of Personal Information Shared / Disclosed,DB_58_S52;DB_58_S1352,C3PA_Dataset/Annotations/DB/58.csv
DB_58,391,ra4,Used by Google Analytics.,Categories of Personal Information Sold,DB_58_S52;DB_58_S1352,C3PA_Dataset/Annotations/DB/58.csv
DB_58,392,ra4,Used in connection with data-synchronization with third-party analysis service.,Categories of Personal Information Collected,DB_58_S105;DB_58_S1430,C3PA_Dataset/Annotations/DB/58.csv
DB_58,393,ra4,Used in connection with data-synchronization with third-party analysis service.,Categories of Personal Information Shared / Disclosed,DB_58_S105;DB_58_S1430,C3PA_Dataset/Annotations/DB/58.csv
DB_58,394,ra4,Used in connection with data-synchronization with third-party analysis service.,Categories of Personal Information Sold,DB_58_S105;DB_58_S1430,C3PA_Dataset/Annotations/DB/58.csv
DB_58,395,ra4,Used to recognise the visitor's browser upon reentry on the website.,Categories of Personal Information Collected,DB_58_S115;DB_58_S1404,C3PA_Dataset/Annotations/DB/58.csv
DB_58,397,ra4,This cookie is used to identify a specific visitor - this information is used to identify the number of specific visitors on a website.,Categories of Personal Information Collected,DB_58_S126;DB_58_S1415,C3PA_Dataset/Annotations/DB/58.csv
DB_58,398,ra4,"This cookie is used to count how many times a website has been visited by different visitors - this is done by assigning the visitor an ID, so the visitor does not get registered twice.",Categories of Personal Information Collected,DB_58_S131;DB_58_S1420,C3PA_Dataset/Annotations/DB/58.csv
DB_58,399,ra4,"Collects statistics on the user's visits to the website, such as the number of visits, average time spent on the website and what pages have been read.",Categories of Personal Information Collected,DB_58_S136;DB_58_S1440,C3PA_Dataset/Annotations/DB/58.csv
DB_58,400,ra4,"Collects data on the user's visits to the website, such as which pages have been read.",Categories of Personal Information Collected,DB_58_S141;DB_58_S1435,C3PA_Dataset/Annotations/DB/58.csv
DB_58,401,ra4,Collects data on user behaviour and interaction in order to optimize the website and make advertisement on the website more relevant.,Categories of Personal Information Collected,DB_58_S149;DB_58_S1525,C3PA_Dataset/Annotations/DB/58.csv
DB_58,402,ra4,"Collects data on visitor behaviour from multiple websites, in order to present more relevant advertisement - This also allows the website to limit the number of times that they are shown the same advertisement.",Categories of Personal Information Collected,DB_58_S159;DB_58_S1557,C3PA_Dataset/Annotations/DB/58.csv
DB_58,403,ra4,"Collects data on where the user came from, what search engine was used, what link was clicked and what search term was used.",Categories of Personal Information Shared / Disclosed,DB_58_S51;DB_58_S1351,C3PA_Dataset/Annotations/DB/58.csv
DB_58,404,ra4,Used to recognise the visitor's browser upon reentry on the website.,Categories of Personal Information Shared / Disclosed,DB_58_S115;DB_58_S1404,C3PA_Dataset/Annotations/DB/58.csv
DB_58,406,ra4,This cookie is used to identify a specific visitor - this information is used to identify the number of specific visitors on a website.,Categories of Personal Information Shared / Disclosed,DB_58_S126;DB_58_S1415,C3PA_Dataset/Annotations/DB/58.csv
DB_58,407,ra4,"This cookie is used to count how many times a website has been visited by different visitors - this is done by assigning the visitor an ID, so the visitor does not get registered twice.",Categories of Personal Information Shared / Disclosed,DB_58_S131;DB_58_S1420,C3PA_Dataset/Annotations/DB/58.csv
DB_58,408,ra4,"Collects statistics on the user's visits to the website, such as the number of visits, average time spent on the website and what pages have been read.",Categories of Personal Information Shared / Disclosed,DB_58_S136;DB_58_S1440,C3PA_Dataset/Annotations/DB/58.csv
DB_58,409,ra4,"Collects data on the user's visits to the website, such as which pages have been read.",Categories of Personal Information Shared / Disclosed,DB_58_S141;DB_58_S1435,C3PA_Dataset/Annotations/DB/58.csv
DB_58,410,ra4, Used in connection with data-synchronization with third-party analysis service. ,Categories of Personal Information Collected,DB_58_S105;DB_58_S1430,C3PA_Dataset/Annotations/DB/58.csv
DB_58,412,ra4,Used in connection with data-synchronization with third-party analysis service. ,Categories of Personal Information Shared / Disclosed,DB_58_S105;DB_58_S1430,C3PA_Dataset/Annotations/DB/58.csv
DB_58,414,ra4,Collects data on user behaviour and interaction in order to optimize the website and make advertisement on the website more relevant.,Categories of Personal Information Shared / Disclosed,DB_58_S149;DB_58_S1525,C3PA_Dataset/Annotations/DB/58.csv
DB_58,415,ra4,"Collects data on visitor behaviour from multiple websites, in order to present more relevant advertisement - This also allows the website to limit the number of times that they are shown the same advertisement.",Categories of Personal Information Shared / Disclosed,DB_58_S159;DB_58_S1557,C3PA_Dataset/Annotations/DB/58.csv
DB_58,420,ra4,"Used to track visitors on multiple websites, in order to present relevant advertisement based on the visitor's preferences.",Categories of Personal Information Collected,DB_58_S201;DB_58_S206;DB_58_S1455;DB_58_S1567,C3PA_Dataset/Annotations/DB/58.csv
DB_58,421,ra4,"Used to track visitors on multiple websites, in order to present relevant advertisement based on the visitor's preferences.",Categories of Personal Information Shared / Disclosed,DB_58_S201;DB_58_S206;DB_58_S1455;DB_58_S1567,C3PA_Dataset/Annotations/DB/58.csv
DB_58,422,ra4,"Used to track visitors on multiple websites, in order to present relevant advertisement based on the visitor's preferences.",Categories of Personal Information Collected,DB_58_S201;DB_58_S206;DB_58_S1455;DB_58_S1567,C3PA_Dataset/Annotations/DB/58.csv
DB_58,423,ra4,"Used to track visitors on multiple websites, in order to present relevant advertisement based on the visitor's preferences.",Categories of Personal Information Shared / Disclosed,DB_58_S201;DB_58_S206;DB_58_S1455;DB_58_S1567,C3PA_Dataset/Annotations/DB/58.csv
DB_58,424,ra4,Used by Google AdSense for experimenting with advertisement efficiency across websites using their services.,Categories of Personal Information Collected,DB_58_S211;DB_58_S1460,C3PA_Dataset/Annotations/DB/58.csv
DB_58,425,ra4,Used by Google AdSense for experimenting with advertisement efficiency across websites using their services.,Categories of Personal Information Shared / Disclosed,DB_58_S211;DB_58_S1460,C3PA_Dataset/Annotations/DB/58.csv
DB_58,428,ra4,"This cookie is used to assign specific visitors into segments, this segmentation is based on visitor behavior on the website - the segmentation can be used to target larger groups.",Categories of Personal Information Collected,DB_58_S233;DB_58_S1482,C3PA_Dataset/Annotations/DB/58.csv
DB_58,429,ra4,"This cookie is used to assign specific visitors into segments, this segmentation is based on visitor behavior on the website - the segmentation can be used to target larger groups.",Categories of Personal Information Shared / Disclosed,DB_58_S233;DB_58_S1482,C3PA_Dataset/Annotations/DB/58.csv
DB_58,434,ra4,Collects data on visitors' preferences and behaviour on the website - This information is used make content and advertisement more relevant to the specific visitor.,Categories of Personal Information Collected,DB_58_S250;DB_58_S1499,C3PA_Dataset/Annotations/DB/58.csv
DB_58,435,ra4,Collects data on visitors' preferences and behaviour on the website - This information is used make content and advertisement more relevant to the specific visitor.,Categories of Personal Information Shared / Disclosed,DB_58_S250;DB_58_S1499,C3PA_Dataset/Annotations/DB/58.csv
DB_58,436,ra4,"This cookie is used to collect data on the visitor's behavior on the website - this information can be used to assign the visitor to a visitor segment, based on common preferences.",Categories of Personal Information Collected,DB_58_S255;DB_58_S1504,C3PA_Dataset/Annotations/DB/58.csv
DB_58,437,ra4,"This cookie is used to collect data on the visitor's behavior on the website - this information can be used to assign the visitor to a visitor segment, based on common preferences.",Categories of Personal Information Shared / Disclosed,DB_58_S255;DB_58_S1504,C3PA_Dataset/Annotations/DB/58.csv
DB_58,442,ra4,Collects data on user behaviour and interaction in order to optimize the website and make advertisement on the website more relevant.,Categories of Personal Information Collected,DB_58_S149;DB_58_S1525,C3PA_Dataset/Annotations/DB/58.csv
DB_58,443,ra4,Collects data on user behaviour and interaction in order to optimize the website and make advertisement on the website more relevant.,Categories of Personal Information Shared / Disclosed,DB_58_S149;DB_58_S1525,C3PA_Dataset/Annotations/DB/58.csv
DB_58,444,ra4,"Collects data on visitor behaviour from multiple websites, in order to present more relevant advertisement - This also allows the website to limit the number of times that they are shown the same advertisement.",Categories of Personal Information Collected,DB_58_S159;DB_58_S1557,C3PA_Dataset/Annotations/DB/58.csv
DB_58,445,ra4,"Collects data on visitor behaviour from multiple websites, in order to present more relevant advertisement - This also allows the website to limit the number of times that they are shown the same advertisement.",Categories of Personal Information Shared / Disclosed,DB_58_S159;DB_58_S1557,C3PA_Dataset/Annotations/DB/58.csv
DB_58,475,ra4,"If you provide your personal information and you wish to update, correct, or delete inaccuracies within that information, you may contact us as at privacy@near.com.",Methods to exercise rights,DB_58_S422;DB_58_S725,C3PA_Dataset/Annotations/DB/58.csv
DB_58,477,ra4,"For personal information access, opt out and deletion requests with respect to any personal information processed by Near, and for personal data of data subjects for residents of EU, UK and Switzerland, you can follow the instructions on our Consumer Choices page.",Methods to exercise rights,DB_58_S434;DB_58_S731,C3PA_Dataset/Annotations/DB/58.csv
DB_58,508,ra4,"For personal information access, opt out and deletion requests with respect to any personal information processed by Near, and for personal data of data subjects for residents of EU, UK and Switzerland, you can follow the instructions on our Consumer Choices page.",Methods to exercise rights,DB_58_S434;DB_58_S731,C3PA_Dataset/Annotations/DB/58.csv
DB_58,561,ra4,Non-Essential Cookies,Categories of Personal Information Collected,DB_58_S1306;DB_58_S1307;DB_58_S1309;DB_58_S1310,C3PA_Dataset/Annotations/DB/58.csv
DB_58,563,ra4,Effective: 18 July 2022,Updated Privacy Policy,DB_58_S321;DB_58_S925,C3PA_Dataset/Annotations/DB/58.csv
DB_58,565,ra4,Effective: 18 July 2022,Updated Privacy Policy,DB_58_S321;DB_58_S925,C3PA_Dataset/Annotations/DB/58.csv
DB_58,566,ra4,Effective on: 18 July 2022,Updated Privacy Policy,DB_58_S1034;DB_58_S1126,C3PA_Dataset/Annotations/DB/58.csv
DB_58,567,ra4,Effective: 18 July 2022,Updated Privacy Policy,DB_58_S321;DB_58_S925,C3PA_Dataset/Annotations/DB/58.csv
DB_58,575,ra4,Cookies,Categories of Personal Information Collected,DB_58_S2;DB_58_S6;DB_58_S8;DB_58_S16;DB_58_S17;DB_58_S83;DB_58_S96;DB_58_S144;DB_58_S164;DB_58_S219;DB_58_S270;DB_58_S286;DB_58_S287;DB_58_S288;DB_58_S289;DB_58_S290;DB_58_S367;DB_58_S368;DB_58_S378;DB_58_S380;DB_58_S383;DB_58_S384;DB_58_S385;DB_58_S503;DB_58_S504;DB_58_S514;DB_58_S516;DB_58_S519;DB_58_S520;DB_58_S521;DB_58_S641;DB_58_S667;DB_58_S804;DB_58_S806;DB_58_S832;DB_58_S937;DB_58_S1191;DB_58_S1193;DB_58_S1194;DB_58_S1195;DB_58_S1196;DB_58_S1287;DB_58_S1296;DB_58_S1297;DB_58_S1300;DB_58_S1301;DB_58_S1302;DB_58_S1304;DB_58_S1305;DB_58_S1306;DB_58_S1307;DB_58_S1309;DB_58_S1310;DB_58_S1313;DB_58_S1314;DB_58_S1381;DB_58_S1395;DB_58_S1444;DB_58_S1468;DB_58_S1562;DB_58_S1571,C3PA_Dataset/Annotations/DB/58.csv
DB_58,610,ra4,Effective: 18 July 2022,Updated Privacy Policy,DB_58_S321;DB_58_S925,C3PA_Dataset/Annotations/DB/58.csv
DB_58,631,ra4,Effective on: 18 July 2022,Updated Privacy Policy,DB_58_S1034;DB_58_S1126,C3PA_Dataset/Annotations/DB/58.csv
DB_58,634,ra4,Advertising and Business Intelligence Services,Categories of Personal Information Shared / Disclosed,DB_58_S1064;DB_58_S1128;DB_58_S1153,C3PA_Dataset/Annotations/DB/58.csv
DB_58,635,ra4,Advertising and Business Intelligence Services,Categories of Personal Information Sold,DB_58_S1064;DB_58_S1128;DB_58_S1153,C3PA_Dataset/Annotations/DB/58.csv
DB_58,640,ra4,"As discussed more fully in our Privacy Policies, most of the information we collect and use is de-identified and aggregated information, such as de-identified categories of app use and jittered geolocation information associated with a de-identified device id. ",Categories of Personal Information Collected,DB_58_S1078;DB_58_S1175,C3PA_Dataset/Annotations/DB/58.csv
DB_58,650,ra1,Effective: 18 July 2022,Updated Privacy Policy,DB_58_S321;DB_58_S925,C3PA_Dataset/Annotations/DB/58.csv
DB_58,685,ra1,"If you provide your personal information and you wish to update, correct, or delete inaccuracies within that information, you may contact us as at privacy@near.com.",Description of Right to Correct Information,DB_58_S422;DB_58_S725,C3PA_Dataset/Annotations/DB/58.csv
DB_58,686,ra1,"If you provide your personal information and you wish to update, correct, or delete inaccuracies within that information, you may contact us as at privacy@near.com.",Description of Right to Delete,DB_58_S422;DB_58_S725,C3PA_Dataset/Annotations/DB/58.csv
DB_58,687,ra1,"If you provide your personal information and you wish to update, correct, or delete inaccuracies within that information, you may contact us as at privacy@near.com",Methods to exercise rights,DB_58_S422;DB_58_S725,C3PA_Dataset/Annotations/DB/58.csv
DB_58,688,ra1,"For personal information access, opt out and deletion requests with respect to any personal information processed by Near, and for personal data of data subjects for residents of EU, UK and Switzerland, you can follow the instructions on our Consumer Choices page.",Description of Right to Know PI Collected,DB_58_S434;DB_58_S731,C3PA_Dataset/Annotations/DB/58.csv
DB_58,689,ra1,"For personal information access, opt out and deletion requests with respect to any personal information processed by Near, and for personal data of data subjects for residents of EU, UK and Switzerland, you can follow the instructions on our Consumer Choices page. ",Description of Right to Opt-out of sale of PI,DB_58_S434;DB_58_S731,C3PA_Dataset/Annotations/DB/58.csv
DB_58,690,ra1,"For personal information access, opt out and deletion requests with respect to any personal information processed by Near, and for personal data of data subjects for residents of EU, UK and Switzerland, you can follow the instructions on our Consumer Choices page.",Description of Right to Delete,DB_58_S434;DB_58_S731,C3PA_Dataset/Annotations/DB/58.csv
DB_58,691,ra1,"For personal information access, opt out and deletion requests with respect to any personal information processed by Near, and for personal data of data subjects for residents of EU, UK and Switzerland, you can follow the instructions on our Consumer Choices page. ",Methods to exercise rights,DB_58_S434;DB_58_S731,C3PA_Dataset/Annotations/DB/58.csv
DB_59,18,ra3,"To exercise your rights, please refer to the How to Exercise Your Rights section below.",Methods to exercise rights,DB_59_S116;DB_59_S119;DB_59_S127;DB_59_S135;DB_59_S141;DB_59_S147,C3PA_Dataset/Annotations/DB/59.csv
DB_59,70,ra4,advertising,Categories of Personal Information Collected,DB_59_S6;DB_59_S50;DB_59_S57;DB_59_S58;DB_59_S59;DB_59_S61;DB_59_S85;DB_59_S87;DB_59_S89;DB_59_S90;DB_59_S93;DB_59_S97;DB_59_S118;DB_59_S126;DB_59_S132;DB_59_S140;DB_59_S146;DB_59_S267;DB_59_S272;DB_59_S273;DB_59_S274;DB_59_S277,C3PA_Dataset/Annotations/DB/59.csv
DB_59,82,ra4,"To exercise your rights, please refer to the How to Exercise Your Rights section below.",Methods to exercise rights,DB_59_S116;DB_59_S119;DB_59_S127;DB_59_S135;DB_59_S141;DB_59_S147,C3PA_Dataset/Annotations/DB/59.csv
DB_6,37,ra2,s.,Categories of Personal Information Collected,DB_6_S9;DB_6_S39;DB_6_S44;DB_6_S48;DB_6_S50;DB_6_S59;DB_6_S67;DB_6_S79;DB_6_S81;DB_6_S88;DB_6_S95;DB_6_S104;DB_6_S107;DB_6_S110;DB_6_S113;DB_6_S115;DB_6_S117;DB_6_S120;DB_6_S124;DB_6_S133;DB_6_S142;DB_6_S144;DB_6_S146;DB_6_S148;DB_6_S151;DB_6_S164;DB_6_S170;DB_6_S176;DB_6_S180;DB_6_S186;DB_6_S191;DB_6_S203;DB_6_S209;DB_6_S212;DB_6_S245;DB_6_S248;DB_6_S249;DB_6_S251;DB_6_S252;DB_6_S254;DB_6_S264,C3PA_Dataset/Annotations/DB/6.csv
DB_6,49,ra2,"Identifiers: Name, email address",Categories of Personal Information Collected,DB_6_S192;DB_6_S197,C3PA_Dataset/Annotations/DB/6.csv
DB_6,71,ra1,"Identifiers: Name, email address",Categories of Personal Information Collected,DB_6_S192;DB_6_S197,C3PA_Dataset/Annotations/DB/6.csv
DB_6,72,ra1,"Identifiers: Name, email address",Categories of Personal Information Collected,DB_6_S192;DB_6_S197,C3PA_Dataset/Annotations/DB/6.csv
DB_61,22,ra2,"Functional
",Categories of Personal Information Collected,DB_61_S221;DB_61_S343;DB_61_S348;DB_61_S354;DB_61_S356;DB_61_S373;DB_61_S374;DB_61_S375,C3PA_Dataset/Annotations/DB/61.csv
DB_61,23,ra2,Performance,Categories of Personal Information Collected,DB_61_S175;DB_61_S288;DB_61_S365;DB_61_S368;DB_61_S376;DB_61_S377;DB_61_S378,C3PA_Dataset/Annotations/DB/61.csv
DB_61,87,ra4,Advertisers,Categories of Personal Information Sold,DB_61_S67;DB_61_S68;DB_61_S69;DB_61_S87;DB_61_S88,C3PA_Dataset/Annotations/DB/61.csv
DB_62,29,ra2,Over ,Description of Right to Opt-out of sale of PI,DB_62_S155;DB_62_S162;DB_62_S164;DB_62_S165,C3PA_Dataset/Annotations/DB/62.csv
DB_62,45,ra4,Segment Data: we use such information solely (i) to provide our services and Company Features to the particular Customer who created such information or on whose behalf such information was created and (ii) as otherwise permitted by a service provider under CCPA,Categories of Personal Information Collected,DB_62_S42;DB_62_S51;DB_62_S60;DB_62_S69;DB_62_S78,C3PA_Dataset/Annotations/DB/62.csv
DB_62,46,ra4,Segment Data: we use such information solely (i) to provide our services and Company Features to the particular Customer who created such information or on whose behalf such information was created and (ii) as otherwise permitted by a service provider under CCPA,Categories of Personal Information Shared / Disclosed,DB_62_S42;DB_62_S51;DB_62_S60;DB_62_S69;DB_62_S78,C3PA_Dataset/Annotations/DB/62.csv
DB_62,47,ra4,Segment Data: we use such information solely (i) to provide our services and Company Features to the particular Customer who created such information or on whose behalf such information was created and (ii) as otherwise permitted by a service provider under CCPA,Categories of Personal Information Sold,DB_62_S42;DB_62_S51;DB_62_S60;DB_62_S69;DB_62_S78,C3PA_Dataset/Annotations/DB/62.csv
DB_63,65,ra4,How We Use Information,Categories of Personal Information Collected,DB_63_S215;DB_63_S314,C3PA_Dataset/Annotations/DB/63.csv
DB_63,67,ra4,How We Use Information,Categories of Personal Information Shared / Disclosed,DB_63_S215;DB_63_S314,C3PA_Dataset/Annotations/DB/63.csv
DB_63,68,ra4,How We Use Information,Categories of Personal Information Sold,DB_63_S215;DB_63_S314,C3PA_Dataset/Annotations/DB/63.csv
DB_63,77,ra4,How We Share Personal Data,Categories of Personal Information Shared / Disclosed,DB_63_S243;DB_63_S314,C3PA_Dataset/Annotations/DB/63.csv
DB_63,83,ra4,Cookies and Tracking,Categories of Personal Information Collected,DB_63_S212;DB_63_S269,C3PA_Dataset/Annotations/DB/63.csv
DB_64,91,ra4,Cookies,Categories of Personal Information Collected,DB_64_S176;DB_64_S178;DB_64_S179;DB_64_S180;DB_64_S182;DB_64_S183;DB_64_S184;DB_64_S187;DB_64_S439;DB_64_S440,C3PA_Dataset/Annotations/DB/64.csv
DB_67,19,ra2,Lear,Updated Privacy Policy,DB_67_S1;DB_67_S59;DB_67_S87;DB_67_S197,C3PA_Dataset/Annotations/DB/67.csv
DB_68,19,ra2,S,Updated Privacy Policy,DB_68_S1;DB_68_S2;DB_68_S3;DB_68_S4;DB_68_S5;DB_68_S6;DB_68_S8;DB_68_S9;DB_68_S10;DB_68_S12;DB_68_S13;DB_68_S14;DB_68_S15;DB_68_S16;DB_68_S18;DB_68_S19;DB_68_S20;DB_68_S22;DB_68_S24;DB_68_S25;DB_68_S26;DB_68_S27;DB_68_S30;DB_68_S31;DB_68_S32;DB_68_S33;DB_68_S34;DB_68_S35;DB_68_S37;DB_68_S38;DB_68_S40;DB_68_S42;DB_68_S43;DB_68_S44;DB_68_S46;DB_68_S48;DB_68_S49;DB_68_S50;DB_68_S51;DB_68_S52;DB_68_S53;DB_68_S54;DB_68_S55;DB_68_S57;DB_68_S58;DB_68_S60;DB_68_S61;DB_68_S62;DB_68_S63;DB_68_S64;DB_68_S65;DB_68_S66;DB_68_S67;DB_68_S68;DB_68_S69;DB_68_S70;DB_68_S71;DB_68_S72;DB_68_S74;DB_68_S75;DB_68_S76;DB_68_S77;DB_68_S78;DB_68_S79;DB_68_S80;DB_68_S81;DB_68_S82;DB_68_S83;DB_68_S84;DB_68_S85;DB_68_S86;DB_68_S87;DB_68_S88;DB_68_S89;DB_68_S90;DB_68_S91;DB_68_S92;DB_68_S93;DB_68_S94;DB_68_S95;DB_68_S96;DB_68_S98;DB_68_S99;DB_68_S100;DB_68_S101;DB_68_S102;DB_68_S103;DB_68_S104;DB_68_S105;DB_68_S106;DB_68_S107;DB_68_S108;DB_68_S111;DB_68_S112;DB_68_S113;DB_68_S114;DB_68_S115;DB_68_S116;DB_68_S117;DB_68_S118;DB_68_S119;DB_68_S120;DB_68_S121;DB_68_S122;DB_68_S125;DB_68_S126;DB_68_S127;DB_68_S128;DB_68_S129;DB_68_S131;DB_68_S132;DB_68_S133;DB_68_S134;DB_68_S135;DB_68_S136;DB_68_S137;DB_68_S138;DB_68_S139;DB_68_S140;DB_68_S141;DB_68_S142;DB_68_S143;DB_68_S144;DB_68_S145;DB_68_S147;DB_68_S148;DB_68_S149;DB_68_S150;DB_68_S151;DB_68_S152;DB_68_S153;DB_68_S154;DB_68_S156;DB_68_S157;DB_68_S159;DB_68_S160;DB_68_S161;DB_68_S162;DB_68_S163;DB_68_S164;DB_68_S165;DB_68_S166;DB_68_S167;DB_68_S168;DB_68_S169;DB_68_S170;DB_68_S171;DB_68_S172;DB_68_S173;DB_68_S174;DB_68_S175;DB_68_S176;DB_68_S177;DB_68_S178;DB_68_S179;DB_68_S180;DB_68_S181;DB_68_S182;DB_68_S183;DB_68_S184;DB_68_S185;DB_68_S186;DB_68_S187;DB_68_S188;DB_68_S189;DB_68_S190;DB_68_S191;DB_68_S192;DB_68_S194;DB_68_S195;DB_68_S196;DB_68_S197;DB_68_S198;DB_68_S199;DB_68_S200;DB_68_S202;DB_68_S203;DB_68_S204;DB_68_S205;DB_68_S208;DB_68_S210;DB_68_S211;DB_68_S212;DB_68_S213;DB_68_S214;DB_68_S215;DB_68_S216;DB_68_S217;DB_68_S218;DB_68_S220,C3PA_Dataset/Annotations/DB/68.csv
DB_7,2,ra3,Acxiom will delete the new information collected as part of the identity verification process as soon as practical after fulfilling your request.,Description of Right to Delete,DB_7_S62;DB_7_S115,C3PA_Dataset/Annotations/DB/7.csv
DB_7,5,ra3,Acxiom also extends the right to request a deletion of the information that Acxiom has collected from you via the acxiom.com web site.,Description of Right to Delete,DB_7_S81;DB_7_S121,C3PA_Dataset/Annotations/DB/7.csv
DB_7,6,ra3,Our clients may access and correct the information provided via this website. ,Description of Right to Correct Information,DB_7_S86;DB_7_S116,C3PA_Dataset/Annotations/DB/7.csv
DB_7,27,ra2,Acxiom will delete the new information collected as part of the identity verification process as soon as practical after fulfilling your request.,Description of Right to Delete,DB_7_S62;DB_7_S115,C3PA_Dataset/Annotations/DB/7.csv
DB_7,35,ra2,"To opt out of calls or direct mail or to submit a deletion request, individuals may submit a request here.",Methods to exercise rights,DB_7_S84;DB_7_S124,C3PA_Dataset/Annotations/DB/7.csv
DB_7,37,ra2,Acxiom also extends the right to request a deletion of the information that Acxiom has collected from you via the acxiom.com web site.,Description of Right to Delete,DB_7_S81;DB_7_S121,C3PA_Dataset/Annotations/DB/7.csv
DB_7,38,ra2,Our clients may access and correct the information provided via this website.,Description of Right to Correct Information,DB_7_S86;DB_7_S116,C3PA_Dataset/Annotations/DB/7.csv
DB_7,58,ra1,Acxiom does not sell,Categories of Personal Information Sold,DB_7_S46;DB_7_S76;DB_7_S77;DB_7_S104;DB_7_S105,C3PA_Dataset/Annotations/DB/7.csv
DB_7,62,ra1,"As a consumer, you have choices that govern how Acxiom will handle personal information related to you.",Description of Right to Limit use of PI,DB_7_S26;DB_7_S50,C3PA_Dataset/Annotations/DB/7.csv
DB_7,71,ra1,Acxiom does not sell personal information collected from you via acxiom.com web site.,Categories of Personal Information Sold,DB_7_S77;DB_7_S105,C3PA_Dataset/Annotations/DB/7.csv
DB_7,73,ra1,Acxiom also extends the right to request a deletion of the information that Acxiom has collected from you via the acxiom.com web site.,Description of Right to Delete,DB_7_S81;DB_7_S121,C3PA_Dataset/Annotations/DB/7.csv
DB_7,75,ra1,Our clients may access and correct the information provided via this website.,Description of Right to Correct Information,DB_7_S86;DB_7_S116,C3PA_Dataset/Annotations/DB/7.csv
DB_7,78,ra1,"We use cookies to enable core website functionality, and to improve your experience by providing insights into how the site is being used.",Categories of Personal Information Collected,DB_7_S162;DB_7_S168,C3PA_Dataset/Annotations/DB/7.csv
DB_71,13,ra2,s a ,Updated Privacy Policy,DB_71_S3;DB_71_S4;DB_71_S6;DB_71_S8;DB_71_S9;DB_71_S18;DB_71_S19;DB_71_S22;DB_71_S26;DB_71_S30;DB_71_S37;DB_71_S38;DB_71_S42;DB_71_S44;DB_71_S51;DB_71_S52;DB_71_S71;DB_71_S72;DB_71_S73;DB_71_S86,C3PA_Dataset/Annotations/DB/71.csv
DB_73,18,ra3,Do Not Sell My Personal Information,Methods to exercise rights,DB_73_S282;DB_73_S315,C3PA_Dataset/Annotations/DB/73.csv
DB_73,27,ra2,l Address,Categories of Personal Information Collected,DB_73_S31;DB_73_S36;DB_73_S104;DB_73_S138;DB_73_S308,C3PA_Dataset/Annotations/DB/73.csv
DB_73,33,ra2,32,Categories of Personal Information Collected,DB_73_S13;DB_73_S167;DB_73_S299;DB_73_S311,C3PA_Dataset/Annotations/DB/73.csv
DB_73,47,ra2,0 ,Methods to exercise rights,DB_73_S2;DB_73_S13;DB_73_S14;DB_73_S97;DB_73_S118;DB_73_S120;DB_73_S121;DB_73_S123;DB_73_S142;DB_73_S147;DB_73_S167;DB_73_S255;DB_73_S269;DB_73_S299;DB_73_S306;DB_73_S311;DB_73_S313;DB_73_S314,C3PA_Dataset/Annotations/DB/73.csv
DB_73,48,ra2,S.,Methods to exercise rights,DB_73_S8;DB_73_S13;DB_73_S16;DB_73_S23;DB_73_S44;DB_73_S46;DB_73_S48;DB_73_S49;DB_73_S50;DB_73_S63;DB_73_S68;DB_73_S69;DB_73_S75;DB_73_S76;DB_73_S77;DB_73_S100;DB_73_S105;DB_73_S107;DB_73_S110;DB_73_S114;DB_73_S117;DB_73_S124;DB_73_S128;DB_73_S137;DB_73_S138;DB_73_S144;DB_73_S150;DB_73_S159;DB_73_S165;DB_73_S167;DB_73_S168;DB_73_S171;DB_73_S178;DB_73_S184;DB_73_S185;DB_73_S186;DB_73_S188;DB_73_S190;DB_73_S191;DB_73_S192;DB_73_S197;DB_73_S200;DB_73_S201;DB_73_S204;DB_73_S205;DB_73_S211;DB_73_S218;DB_73_S220;DB_73_S231;DB_73_S232;DB_73_S237;DB_73_S248;DB_73_S256;DB_73_S264;DB_73_S266;DB_73_S283;DB_73_S285;DB_73_S288;DB_73_S290;DB_73_S291;DB_73_S292;DB_73_S293;DB_73_S294;DB_73_S295;DB_73_S298;DB_73_S299;DB_73_S303;DB_73_S307;DB_73_S311,C3PA_Dataset/Annotations/DB/73.csv
DB_74,61,ra4,Information We Collect,Categories of Personal Information Collected,DB_74_S128;DB_74_S183;DB_74_S198;DB_74_S225;DB_74_S226;DB_74_S229,C3PA_Dataset/Annotations/DB/74.csv
DB_75,85,ra4,INFORMATION WE COLLECT,Categories of Personal Information Collected,DB_75_S20;DB_75_S37;DB_75_S44;DB_75_S173;DB_75_S196;DB_75_S197;DB_75_S207;DB_75_S223,C3PA_Dataset/Annotations/DB/75.csv
DB_76,70,ra4,Information We Collect,Categories of Personal Information Collected,DB_76_S127;DB_76_S182;DB_76_S197;DB_76_S224;DB_76_S225;DB_76_S228,C3PA_Dataset/Annotations/DB/76.csv
DB_77,24,ra3,The right to opt out of the sale of their personal information (see below);,Description of Right to Opt-out of sale of PI,DB_77_S266;DB_77_S290;DB_77_S304;DB_77_S318;DB_77_S328,C3PA_Dataset/Annotations/DB/77.csv
DB_77,90,ra4,Professional or employment-related information,Categories of Personal Information Collected,DB_77_S122;DB_77_S202,C3PA_Dataset/Annotations/DB/77.csv
DB_77,91,ra4,Inferences drawn from other personal information,Categories of Personal Information Collected,DB_77_S128;DB_77_S208,C3PA_Dataset/Annotations/DB/77.csv
DB_77,131,ra4,The right to opt out of the sale of their personal information (see below);,Description of Right to Opt-out of sale of PI,DB_77_S266;DB_77_S290;DB_77_S304;DB_77_S318;DB_77_S328,C3PA_Dataset/Annotations/DB/77.csv
DB_79,16,ra3,"If you would like to request access to and/or export your data, please fill out the form at the bottom of the page.",Methods to exercise rights,DB_79_S84;DB_79_S97,C3PA_Dataset/Annotations/DB/79.csv
DB_79,22,ra3,"If you would like to request access to and/or export your data, please fill out the form at the bottom of the page.",Methods to exercise rights,DB_79_S84;DB_79_S97,C3PA_Dataset/Annotations/DB/79.csv
DB_79,99,ra4,"If you would like to request access to and/or export your data, please fill out the form at the bottom of the page.",Methods to exercise rights,DB_79_S84;DB_79_S97,C3PA_Dataset/Annotations/DB/79.csv
DB_79,106,ra4,"If you would like to request access to and/or export your data, please fill out the form at the bottom of the page.",Methods to exercise rights,DB_79_S84;DB_79_S97,C3PA_Dataset/Annotations/DB/79.csv
DB_80,28,ra2,iii. ,Description of Right to Know PI sold / shared,DB_80_S23;DB_80_S36;DB_80_S45;DB_80_S56;DB_80_S71,C3PA_Dataset/Annotations/DB/80.csv
DB_81,49,ra2,perio,Categories of Personal Information Collected,DB_81_S114;DB_81_S190;DB_81_S196;DB_81_S199;DB_81_S218,C3PA_Dataset/Annotations/DB/81.csv
DB_81,51,ra2,Toll ,Categories of Personal Information Collected,DB_81_S187;DB_81_S220,C3PA_Dataset/Annotations/DB/81.csv
DB_81,52,ra2,Toll ,Categories of Personal Information Shared / Disclosed,DB_81_S187;DB_81_S220,C3PA_Dataset/Annotations/DB/81.csv
DB_81,53,ra2,Toll ,Categories of Personal Information Sold,DB_81_S187;DB_81_S220,C3PA_Dataset/Annotations/DB/81.csv
DB_81,54,ra2,Free ,Categories of Personal Information Collected,DB_81_S108;DB_81_S178;DB_81_S187;DB_81_S220,C3PA_Dataset/Annotations/DB/81.csv
DB_81,55,ra2,Free ,Categories of Personal Information Shared / Disclosed,DB_81_S108;DB_81_S178;DB_81_S187;DB_81_S220,C3PA_Dataset/Annotations/DB/81.csv
DB_81,56,ra2,Terms of ,Categories of Personal Information Collected,DB_81_S66;DB_81_S135;DB_81_S223,C3PA_Dataset/Annotations/DB/81.csv
DB_81,64,ra2,o ,Methods to exercise rights,DB_81_S1;DB_81_S5;DB_81_S6;DB_81_S7;DB_81_S9;DB_81_S12;DB_81_S14;DB_81_S16;DB_81_S17;DB_81_S18;DB_81_S19;DB_81_S21;DB_81_S22;DB_81_S23;DB_81_S24;DB_81_S25;DB_81_S26;DB_81_S27;DB_81_S28;DB_81_S29;DB_81_S30;DB_81_S31;DB_81_S32;DB_81_S33;DB_81_S34;DB_81_S35;DB_81_S36;DB_81_S37;DB_81_S38;DB_81_S39;DB_81_S40;DB_81_S41;DB_81_S42;DB_81_S43;DB_81_S44;DB_81_S45;DB_81_S46;DB_81_S47;DB_81_S48;DB_81_S50;DB_81_S51;DB_81_S52;DB_81_S53;DB_81_S54;DB_81_S55;DB_81_S56;DB_81_S57;DB_81_S58;DB_81_S59;DB_81_S60;DB_81_S61;DB_81_S62;DB_81_S63;DB_81_S64;DB_81_S65;DB_81_S66;DB_81_S67;DB_81_S68;DB_81_S69;DB_81_S70;DB_81_S71;DB_81_S72;DB_81_S73;DB_81_S74;DB_81_S75;DB_81_S76;DB_81_S77;DB_81_S78;DB_81_S79;DB_81_S80;DB_81_S81;DB_81_S82;DB_81_S83;DB_81_S84;DB_81_S85;DB_81_S86;DB_81_S87;DB_81_S88;DB_81_S89;DB_81_S90;DB_81_S91;DB_81_S92;DB_81_S93;DB_81_S94;DB_81_S96;DB_81_S97;DB_81_S98;DB_81_S99;DB_81_S100;DB_81_S101;DB_81_S102;DB_81_S103;DB_81_S104;DB_81_S105;DB_81_S106;DB_81_S107;DB_81_S108;DB_81_S109;DB_81_S110;DB_81_S111;DB_81_S112;DB_81_S113;DB_81_S114;DB_81_S115;DB_81_S116;DB_81_S117;DB_81_S118;DB_81_S119;DB_81_S120;DB_81_S121;DB_81_S122;DB_81_S123;DB_81_S124;DB_81_S125;DB_81_S126;DB_81_S127;DB_81_S128;DB_81_S129;DB_81_S130;DB_81_S131;DB_81_S132;DB_81_S133;DB_81_S134;DB_81_S135;DB_81_S136;DB_81_S137;DB_81_S138;DB_81_S139;DB_81_S140;DB_81_S141;DB_81_S142;DB_81_S143;DB_81_S144;DB_81_S145;DB_81_S146;DB_81_S147;DB_81_S148;DB_81_S149;DB_81_S150;DB_81_S151;DB_81_S152;DB_81_S153;DB_81_S154;DB_81_S155;DB_81_S156;DB_81_S157;DB_81_S158;DB_81_S159;DB_81_S160;DB_81_S161;DB_81_S162;DB_81_S163;DB_81_S164;DB_81_S165;DB_81_S166;DB_81_S167;DB_81_S168;DB_81_S169;DB_81_S170;DB_81_S171;DB_81_S172;DB_81_S173;DB_81_S174;DB_81_S175;DB_81_S176;DB_81_S177;DB_81_S178;DB_81_S179;DB_81_S180;DB_81_S181;DB_81_S182;DB_81_S183;DB_81_S184;DB_81_S185;DB_81_S186;DB_81_S187;DB_81_S188;DB_81_S189;DB_81_S190;DB_81_S191;DB_81_S192;DB_81_S193;DB_81_S194;DB_81_S195;DB_81_S196;DB_81_S197;DB_81_S198;DB_81_S199;DB_81_S200;DB_81_S201;DB_81_S202;DB_81_S203;DB_81_S204;DB_81_S205;DB_81_S206;DB_81_S207;DB_81_S208;DB_81_S209;DB_81_S210;DB_81_S211;DB_81_S212;DB_81_S213;DB_81_S214;DB_81_S215;DB_81_S216;DB_81_S217;DB_81_S218;DB_81_S219;DB_81_S220;DB_81_S222;DB_81_S223;DB_81_S225;DB_81_S226;DB_81_S227;DB_81_S228;DB_81_S229;DB_81_S231;DB_81_S232;DB_81_S233,C3PA_Dataset/Annotations/DB/81.csv
DB_81,67,ra2,Not Sell ,Description of Right to Non-discrimination on exercising rights,DB_81_S188;DB_81_S226,C3PA_Dataset/Annotations/DB/81.csv
DB_82,148,ra4,How We Disclose Your Personal Data,Categories of Personal Information Shared / Disclosed,DB_82_S59;DB_82_S229;DB_82_S328,C3PA_Dataset/Annotations/DB/82.csv
DB_82,176,ra4,Update our database of business contact information ,Categories of Personal Information Collected,DB_82_S238;DB_82_S246;DB_82_S273,C3PA_Dataset/Annotations/DB/82.csv
DB_82,180,ra4,Service providers,Categories of Personal Information Shared / Disclosed,DB_82_S71;DB_82_S72;DB_82_S73;DB_82_S116;DB_82_S117;DB_82_S198;DB_82_S199;DB_82_S220;DB_82_S307;DB_82_S309;DB_82_S310;DB_82_S517;DB_82_S539;DB_82_S540;DB_82_S542,C3PA_Dataset/Annotations/DB/82.csv
DB_82,183,ra4,"Parents, Affiliates, and Subsidiaries",Categories of Personal Information Shared / Disclosed,DB_82_S324;DB_82_S579,C3PA_Dataset/Annotations/DB/82.csv
DB_82,188,ra4,Geolocation data ,Categories of Personal Information Shared / Disclosed,DB_82_S263;DB_82_S296;DB_82_S302;DB_82_S322;DB_82_S333;DB_82_S341;DB_82_S349,C3PA_Dataset/Annotations/DB/82.csv
DB_82,201,ra4,Provide employee benefits and compensation,Categories of Personal Information Collected,DB_82_S456;DB_82_S463,C3PA_Dataset/Annotations/DB/82.csv
DB_82,207,ra4,Financial information,Categories of Personal Information Collected,DB_82_S453;DB_82_S461;DB_82_S509;DB_82_S546;DB_82_S557;DB_82_S571;DB_82_S586;DB_82_S599;DB_82_S612,C3PA_Dataset/Annotations/DB/82.csv
DB_83,139,ra4,Information We Collect,Categories of Personal Information Collected,DB_83_S16;DB_83_S279;DB_83_S309;DB_83_S310;DB_83_S313,C3PA_Dataset/Annotations/DB/83.csv
DB_83,144,ra4,"Service Providers (For example, consultants, website developers, IT providers, auditors)",Categories of Personal Information Shared / Disclosed,DB_83_S31;DB_83_S40;DB_83_S64;DB_83_S146;DB_83_S155;DB_83_S179,C3PA_Dataset/Annotations/DB/83.csv
DB_83,147,ra4," Service Providers (For example, consultants, website developers, IT providers, auditors)",Categories of Personal Information Shared / Disclosed,DB_83_S31;DB_83_S40;DB_83_S64;DB_83_S146;DB_83_S155;DB_83_S179,C3PA_Dataset/Annotations/DB/83.csv
DB_83,150,ra4,"Service Providers (For example, consultants, website developers, IT providers, auditors)",Categories of Personal Information Shared / Disclosed,DB_83_S31;DB_83_S40;DB_83_S64;DB_83_S146;DB_83_S155;DB_83_S179,C3PA_Dataset/Annotations/DB/83.csv
DB_83,153,ra4,"Service Providers (For example, consultants, website developers, IT providers)",Categories of Personal Information Shared / Disclosed,DB_83_S70;DB_83_S185,C3PA_Dataset/Annotations/DB/83.csv
DB_83,154,ra4,"Account log-in, financial account, debit card, or credit card number in combination with any required security or access code, password, or credentials allowing access to an account.",Categories of Personal Information Collected,DB_83_S101;DB_83_S216,C3PA_Dataset/Annotations/DB/83.csv
DB_83,155,ra4,"Account log-in, financial account, debit card, or credit card number in combination with any required security or access code, password, or credentials allowing access to an account.",Categories of Personal Information Shared / Disclosed,DB_83_S101;DB_83_S216,C3PA_Dataset/Annotations/DB/83.csv
DB_83,156,ra4,"Service Providers (For example, IT providers, contracted staff)",Categories of Personal Information Shared / Disclosed,DB_83_S105;DB_83_S220,C3PA_Dataset/Annotations/DB/83.csv
DB_83,157,ra4,Sensitive Personal Information,Categories of Personal Information Collected,DB_83_S95;DB_83_S210;DB_83_S277;DB_83_S278;DB_83_S373;DB_83_S374;DB_83_S375;DB_83_S376,C3PA_Dataset/Annotations/DB/83.csv
DB_83,158,ra4,Sensitive Personal Information,Categories of Personal Information Shared / Disclosed,DB_83_S95;DB_83_S210;DB_83_S277;DB_83_S278;DB_83_S373;DB_83_S374;DB_83_S375;DB_83_S376,C3PA_Dataset/Annotations/DB/83.csv
DB_83,163,ra4,Disclosure of Personal information ,Categories of Personal Information Shared / Disclosed,DB_83_S288;DB_83_S390,C3PA_Dataset/Annotations/DB/83.csv
DB_83,178,ra4,Information We Collect,Categories of Personal Information Collected,DB_83_S16;DB_83_S279;DB_83_S309;DB_83_S310;DB_83_S313,C3PA_Dataset/Annotations/DB/83.csv
DB_83,184,ra4,"Service Providers (For example, consultants, website developers, IT providers, auditors)",Categories of Personal Information Shared / Disclosed,DB_83_S31;DB_83_S40;DB_83_S64;DB_83_S146;DB_83_S155;DB_83_S179,C3PA_Dataset/Annotations/DB/83.csv
DB_83,187,ra4," Service Providers (For example, consultants, website developers, IT providers, auditors)",Categories of Personal Information Shared / Disclosed,DB_83_S31;DB_83_S40;DB_83_S64;DB_83_S146;DB_83_S155;DB_83_S179,C3PA_Dataset/Annotations/DB/83.csv
DB_83,193,ra4,"Service Providers (For example, consultants, website developers, IT providers, auditors)",Categories of Personal Information Shared / Disclosed,DB_83_S31;DB_83_S40;DB_83_S64;DB_83_S146;DB_83_S155;DB_83_S179,C3PA_Dataset/Annotations/DB/83.csv
DB_83,196,ra4,"Service Providers (For example, consultants, website developers, IT providers)",Categories of Personal Information Shared / Disclosed,DB_83_S70;DB_83_S185,C3PA_Dataset/Annotations/DB/83.csv
DB_83,202,ra4,"Account log-in, financial account, debit card, or credit card number in combination with any required security or access code, password, or credentials allowing access to an account",Categories of Personal Information Collected,DB_83_S101;DB_83_S216,C3PA_Dataset/Annotations/DB/83.csv
DB_83,203,ra4,"Account log-in, financial account, debit card, or credit card number in combination with any required security or access code, password, or credentials allowing access to an account",Categories of Personal Information Shared / Disclosed,DB_83_S101;DB_83_S216,C3PA_Dataset/Annotations/DB/83.csv
DB_83,204,ra4,"Service Providers (For example, IT providers, contracted staff)",Categories of Personal Information Shared / Disclosed,DB_83_S105;DB_83_S220,C3PA_Dataset/Annotations/DB/83.csv
DB_83,218,ra4,Disclosure of Personal information ,Categories of Personal Information Shared / Disclosed,DB_83_S288;DB_83_S390,C3PA_Dataset/Annotations/DB/83.csv
DB_84,29,ra2,PT,Categories of Personal Information Shared / Disclosed,DB_84_S45;DB_84_S46;DB_84_S48;DB_84_S58;DB_84_S59;DB_84_S82;DB_84_S94;DB_84_S95;DB_84_S96;DB_84_S97;DB_84_S98;DB_84_S99;DB_84_S104;DB_84_S114;DB_84_S115;DB_84_S127;DB_84_S136;DB_84_S137;DB_84_S145;DB_84_S168,C3PA_Dataset/Annotations/DB/84.csv
DB_84,45,ra1,Service providers that help operate our Services and as otherwise described below.  ,Categories of Personal Information Shared / Disclosed,DB_84_S26;DB_84_S36,C3PA_Dataset/Annotations/DB/84.csv
DB_84,51,ra1,Service providers that help operate our Services and as otherwise described below.  ,Categories of Personal Information Shared / Disclosed,DB_84_S26;DB_84_S36,C3PA_Dataset/Annotations/DB/84.csv
DB_84,53,ra1,"To operate and customize our Services, to analyze and improve use of our Services, develop analytics, for testing and research purposes and as otherwise described below.",Categories of Personal Information Collected,DB_84_S34;DB_84_S39,C3PA_Dataset/Annotations/DB/84.csv
DB_84,54,ra1,"To operate and customize our Services, to analyze and improve use of our Services, develop analytics, for testing and research purposes and as otherwise described below.",Categories of Personal Information Shared / Disclosed,DB_84_S34;DB_84_S39,C3PA_Dataset/Annotations/DB/84.csv
DB_84,55,ra1,"To operate and customize our Services, to analyze and improve use of our Services, develop analytics, for testing and research purposes and as otherwise described below.",Categories of Personal Information Sold,DB_84_S34;DB_84_S39,C3PA_Dataset/Annotations/DB/84.csv
DB_84,56,ra1,Directly from your devices by observing your actions through our Services.,Categories of Personal Information Collected,DB_84_S35;DB_84_S40,C3PA_Dataset/Annotations/DB/84.csv
DB_84,59,ra1,"To operate and customize our Services, to analyze and improve use of our Services, develop analytics, for testing and research purposes and as otherwise described below.",Categories of Personal Information Collected,DB_84_S34;DB_84_S39,C3PA_Dataset/Annotations/DB/84.csv
DB_84,60,ra1,"To operate and customize our Services, to analyze and improve use of our Services, develop analytics, for testing and research purposes and as otherwise described below.",Categories of Personal Information Shared / Disclosed,DB_84_S34;DB_84_S39,C3PA_Dataset/Annotations/DB/84.csv
DB_84,61,ra1,"To operate and customize our Services, to analyze and improve use of our Services, develop analytics, for testing and research purposes and as otherwise described below.",Categories of Personal Information Sold,DB_84_S34;DB_84_S39,C3PA_Dataset/Annotations/DB/84.csv
DB_84,62,ra1,Directly from your devices by observing your actions through our Services.,Categories of Personal Information Collected,DB_84_S35;DB_84_S40,C3PA_Dataset/Annotations/DB/84.csv
DB_84,83,ra1,i,Description of Right to Know PI Collected,DB_84_S1;DB_84_S2;DB_84_S3;DB_84_S4;DB_84_S5;DB_84_S6;DB_84_S7;DB_84_S8;DB_84_S9;DB_84_S10;DB_84_S11;DB_84_S12;DB_84_S13;DB_84_S14;DB_84_S15;DB_84_S18;DB_84_S19;DB_84_S20;DB_84_S21;DB_84_S22;DB_84_S23;DB_84_S25;DB_84_S26;DB_84_S27;DB_84_S28;DB_84_S29;DB_84_S30;DB_84_S31;DB_84_S32;DB_84_S33;DB_84_S34;DB_84_S35;DB_84_S36;DB_84_S37;DB_84_S38;DB_84_S39;DB_84_S40;DB_84_S41;DB_84_S42;DB_84_S43;DB_84_S44;DB_84_S45;DB_84_S46;DB_84_S47;DB_84_S48;DB_84_S49;DB_84_S50;DB_84_S51;DB_84_S52;DB_84_S53;DB_84_S54;DB_84_S55;DB_84_S56;DB_84_S57;DB_84_S58;DB_84_S59;DB_84_S60;DB_84_S61;DB_84_S62;DB_84_S63;DB_84_S64;DB_84_S65;DB_84_S66;DB_84_S67;DB_84_S68;DB_84_S69;DB_84_S70;DB_84_S71;DB_84_S72;DB_84_S74;DB_84_S75;DB_84_S76;DB_84_S77;DB_84_S78;DB_84_S79;DB_84_S80;DB_84_S81;DB_84_S82;DB_84_S83;DB_84_S84;DB_84_S85;DB_84_S86;DB_84_S87;DB_84_S88;DB_84_S89;DB_84_S90;DB_84_S91;DB_84_S92;DB_84_S93;DB_84_S94;DB_84_S95;DB_84_S96;DB_84_S97;DB_84_S98;DB_84_S99;DB_84_S100;DB_84_S101;DB_84_S102;DB_84_S103;DB_84_S104;DB_84_S105;DB_84_S106;DB_84_S107;DB_84_S108;DB_84_S109;DB_84_S110;DB_84_S111;DB_84_S112;DB_84_S113;DB_84_S115;DB_84_S116;DB_84_S117;DB_84_S118;DB_84_S119;DB_84_S121;DB_84_S122;DB_84_S123;DB_84_S125;DB_84_S126;DB_84_S127;DB_84_S128;DB_84_S129;DB_84_S130;DB_84_S131;DB_84_S132;DB_84_S133;DB_84_S135;DB_84_S136;DB_84_S137;DB_84_S138;DB_84_S139;DB_84_S141;DB_84_S142;DB_84_S143;DB_84_S145;DB_84_S146;DB_84_S147;DB_84_S149;DB_84_S151;DB_84_S152;DB_84_S153;DB_84_S154;DB_84_S155;DB_84_S156;DB_84_S157;DB_84_S158;DB_84_S159;DB_84_S160;DB_84_S161;DB_84_S162;DB_84_S163;DB_84_S164;DB_84_S165;DB_84_S166;DB_84_S167;DB_84_S168;DB_84_S169;DB_84_S170;DB_84_S171;DB_84_S172;DB_84_S174;DB_84_S175,C3PA_Dataset/Annotations/DB/84.csv
DB_86,22,ra2,Information ,Categories of Personal Information Collected,DB_86_S5;DB_86_S12;DB_86_S13;DB_86_S15;DB_86_S21;DB_86_S27;DB_86_S29;DB_86_S30;DB_86_S31;DB_86_S32;DB_86_S33;DB_86_S34;DB_86_S35;DB_86_S36;DB_86_S37;DB_86_S38;DB_86_S39;DB_86_S40;DB_86_S41;DB_86_S43;DB_86_S44;DB_86_S45;DB_86_S46;DB_86_S49;DB_86_S50;DB_86_S51;DB_86_S52;DB_86_S53;DB_86_S54;DB_86_S55;DB_86_S56;DB_86_S57;DB_86_S58;DB_86_S59;DB_86_S60;DB_86_S61;DB_86_S65;DB_86_S67;DB_86_S72;DB_86_S73;DB_86_S78;DB_86_S79;DB_86_S80;DB_86_S81;DB_86_S82;DB_86_S83;DB_86_S84;DB_86_S85;DB_86_S86;DB_86_S87;DB_86_S88;DB_86_S90;DB_86_S91;DB_86_S92;DB_86_S93;DB_86_S94;DB_86_S95;DB_86_S96;DB_86_S97;DB_86_S99;DB_86_S100;DB_86_S101;DB_86_S102;DB_86_S105;DB_86_S106;DB_86_S108;DB_86_S110;DB_86_S111;DB_86_S113;DB_86_S116;DB_86_S117;DB_86_S118;DB_86_S119;DB_86_S122;DB_86_S123;DB_86_S124;DB_86_S125;DB_86_S126;DB_86_S127;DB_86_S129;DB_86_S131;DB_86_S132;DB_86_S133;DB_86_S134;DB_86_S143;DB_86_S157;DB_86_S158;DB_86_S165;DB_86_S168;DB_86_S173;DB_86_S175;DB_86_S179;DB_86_S186;DB_86_S193;DB_86_S194;DB_86_S195;DB_86_S197;DB_86_S198;DB_86_S199;DB_86_S206;DB_86_S210;DB_86_S212;DB_86_S216;DB_86_S220;DB_86_S224;DB_86_S225;DB_86_S233;DB_86_S236,C3PA_Dataset/Annotations/DB/86.csv
DB_86,23,ra2,In the ,Description of Right to Correct Information,DB_86_S15;DB_86_S19;DB_86_S30;DB_86_S36;DB_86_S41;DB_86_S70;DB_86_S87;DB_86_S95;DB_86_S108;DB_86_S112;DB_86_S125;DB_86_S146;DB_86_S159;DB_86_S165;DB_86_S181;DB_86_S212;DB_86_S217;DB_86_S237;DB_86_S267;DB_86_S280;DB_86_S284;DB_86_S285;DB_86_S290;DB_86_S292;DB_86_S295;DB_86_S302;DB_86_S303;DB_86_S315,C3PA_Dataset/Annotations/DB/86.csv
DB_86,26,ra2,g ,Categories of Personal Information Collected,DB_86_S8;DB_86_S12;DB_86_S13;DB_86_S14;DB_86_S16;DB_86_S17;DB_86_S19;DB_86_S20;DB_86_S21;DB_86_S24;DB_86_S27;DB_86_S28;DB_86_S30;DB_86_S31;DB_86_S34;DB_86_S35;DB_86_S36;DB_86_S38;DB_86_S44;DB_86_S47;DB_86_S49;DB_86_S51;DB_86_S52;DB_86_S53;DB_86_S55;DB_86_S56;DB_86_S58;DB_86_S59;DB_86_S60;DB_86_S61;DB_86_S64;DB_86_S65;DB_86_S66;DB_86_S67;DB_86_S68;DB_86_S70;DB_86_S71;DB_86_S72;DB_86_S73;DB_86_S75;DB_86_S77;DB_86_S79;DB_86_S81;DB_86_S83;DB_86_S85;DB_86_S88;DB_86_S89;DB_86_S90;DB_86_S91;DB_86_S92;DB_86_S93;DB_86_S95;DB_86_S96;DB_86_S97;DB_86_S99;DB_86_S100;DB_86_S101;DB_86_S103;DB_86_S104;DB_86_S105;DB_86_S106;DB_86_S108;DB_86_S109;DB_86_S110;DB_86_S111;DB_86_S112;DB_86_S113;DB_86_S116;DB_86_S117;DB_86_S118;DB_86_S120;DB_86_S122;DB_86_S123;DB_86_S124;DB_86_S125;DB_86_S126;DB_86_S127;DB_86_S130;DB_86_S132;DB_86_S133;DB_86_S134;DB_86_S135;DB_86_S136;DB_86_S137;DB_86_S138;DB_86_S139;DB_86_S140;DB_86_S141;DB_86_S142;DB_86_S143;DB_86_S144;DB_86_S145;DB_86_S147;DB_86_S148;DB_86_S149;DB_86_S150;DB_86_S151;DB_86_S152;DB_86_S153;DB_86_S155;DB_86_S156;DB_86_S157;DB_86_S158;DB_86_S159;DB_86_S160;DB_86_S161;DB_86_S162;DB_86_S165;DB_86_S166;DB_86_S167;DB_86_S169;DB_86_S170;DB_86_S171;DB_86_S172;DB_86_S174;DB_86_S175;DB_86_S176;DB_86_S178;DB_86_S179;DB_86_S181;DB_86_S182;DB_86_S185;DB_86_S191;DB_86_S193;DB_86_S194;DB_86_S195;DB_86_S197;DB_86_S198;DB_86_S199;DB_86_S200;DB_86_S201;DB_86_S202;DB_86_S204;DB_86_S205;DB_86_S206;DB_86_S207;DB_86_S210;DB_86_S211;DB_86_S212;DB_86_S213;DB_86_S214;DB_86_S215;DB_86_S216;DB_86_S217;DB_86_S219;DB_86_S220;DB_86_S226;DB_86_S227;DB_86_S232;DB_86_S233;DB_86_S234;DB_86_S236;DB_86_S249;DB_86_S250;DB_86_S251;DB_86_S256;DB_86_S257;DB_86_S258;DB_86_S260;DB_86_S261;DB_86_S262;DB_86_S264;DB_86_S265;DB_86_S268;DB_86_S271;DB_86_S273;DB_86_S274;DB_86_S278;DB_86_S279;DB_86_S280;DB_86_S283;DB_86_S284;DB_86_S285;DB_86_S286;DB_86_S288;DB_86_S290;DB_86_S291;DB_86_S292;DB_86_S293;DB_86_S295;DB_86_S296;DB_86_S297;DB_86_S300;DB_86_S301;DB_86_S302;DB_86_S306;DB_86_S308;DB_86_S309;DB_86_S310;DB_86_S314;DB_86_S315;DB_86_S316;DB_86_S317,C3PA_Dataset/Annotations/DB/86.csv
DB_86,27,ra2,Information ,Categories of Personal Information Collected,DB_86_S5;DB_86_S12;DB_86_S13;DB_86_S15;DB_86_S21;DB_86_S27;DB_86_S29;DB_86_S30;DB_86_S31;DB_86_S32;DB_86_S33;DB_86_S34;DB_86_S35;DB_86_S36;DB_86_S37;DB_86_S38;DB_86_S39;DB_86_S40;DB_86_S41;DB_86_S43;DB_86_S44;DB_86_S45;DB_86_S46;DB_86_S49;DB_86_S50;DB_86_S51;DB_86_S52;DB_86_S53;DB_86_S54;DB_86_S55;DB_86_S56;DB_86_S57;DB_86_S58;DB_86_S59;DB_86_S60;DB_86_S61;DB_86_S65;DB_86_S67;DB_86_S72;DB_86_S73;DB_86_S78;DB_86_S79;DB_86_S80;DB_86_S81;DB_86_S82;DB_86_S83;DB_86_S84;DB_86_S85;DB_86_S86;DB_86_S87;DB_86_S88;DB_86_S90;DB_86_S91;DB_86_S92;DB_86_S93;DB_86_S94;DB_86_S95;DB_86_S96;DB_86_S97;DB_86_S99;DB_86_S100;DB_86_S101;DB_86_S102;DB_86_S105;DB_86_S106;DB_86_S108;DB_86_S110;DB_86_S111;DB_86_S113;DB_86_S116;DB_86_S117;DB_86_S118;DB_86_S119;DB_86_S122;DB_86_S123;DB_86_S124;DB_86_S125;DB_86_S126;DB_86_S127;DB_86_S129;DB_86_S131;DB_86_S132;DB_86_S133;DB_86_S134;DB_86_S143;DB_86_S157;DB_86_S158;DB_86_S165;DB_86_S168;DB_86_S173;DB_86_S175;DB_86_S179;DB_86_S186;DB_86_S193;DB_86_S194;DB_86_S195;DB_86_S197;DB_86_S198;DB_86_S199;DB_86_S206;DB_86_S210;DB_86_S212;DB_86_S216;DB_86_S220;DB_86_S224;DB_86_S225;DB_86_S233;DB_86_S236,C3PA_Dataset/Annotations/DB/86.csv
DB_86,32,ra2,Pe,Categories of Personal Information Collected,DB_86_S12;DB_86_S15;DB_86_S16;DB_86_S19;DB_86_S24;DB_86_S25;DB_86_S26;DB_86_S29;DB_86_S30;DB_86_S33;DB_86_S34;DB_86_S38;DB_86_S41;DB_86_S42;DB_86_S46;DB_86_S47;DB_86_S51;DB_86_S52;DB_86_S55;DB_86_S56;DB_86_S58;DB_86_S59;DB_86_S60;DB_86_S62;DB_86_S68;DB_86_S69;DB_86_S72;DB_86_S76;DB_86_S81;DB_86_S82;DB_86_S83;DB_86_S85;DB_86_S87;DB_86_S88;DB_86_S93;DB_86_S94;DB_86_S97;DB_86_S98;DB_86_S99;DB_86_S102;DB_86_S103;DB_86_S106;DB_86_S110;DB_86_S113;DB_86_S116;DB_86_S117;DB_86_S118;DB_86_S119;DB_86_S122;DB_86_S123;DB_86_S125;DB_86_S126;DB_86_S127;DB_86_S128;DB_86_S131;DB_86_S132;DB_86_S133;DB_86_S134;DB_86_S143;DB_86_S154;DB_86_S159;DB_86_S162;DB_86_S164;DB_86_S165;DB_86_S166;DB_86_S173;DB_86_S175;DB_86_S179;DB_86_S186;DB_86_S189;DB_86_S191;DB_86_S192;DB_86_S197;DB_86_S198;DB_86_S200;DB_86_S201;DB_86_S210;DB_86_S214;DB_86_S216;DB_86_S220;DB_86_S226;DB_86_S249;DB_86_S251;DB_86_S252;DB_86_S255;DB_86_S257;DB_86_S258;DB_86_S259;DB_86_S260;DB_86_S265;DB_86_S270;DB_86_S271;DB_86_S280;DB_86_S284;DB_86_S285;DB_86_S295;DB_86_S302;DB_86_S308,C3PA_Dataset/Annotations/DB/86.csv
DB_86,36,ra2,ght to ,Categories of Personal Information Collected,DB_86_S35;DB_86_S88;DB_86_S95;DB_86_S116;DB_86_S136;DB_86_S137;DB_86_S138;DB_86_S139;DB_86_S140;DB_86_S141;DB_86_S145;DB_86_S155;DB_86_S156;DB_86_S170;DB_86_S174;DB_86_S175;DB_86_S179;DB_86_S216;DB_86_S217;DB_86_S232;DB_86_S290,C3PA_Dataset/Annotations/DB/86.csv
DB_86,45,ra2,Pri,Categories of Personal Information Shared / Disclosed,DB_86_S1;DB_86_S5;DB_86_S10;DB_86_S11;DB_86_S12;DB_86_S13;DB_86_S14;DB_86_S15;DB_86_S16;DB_86_S24;DB_86_S26;DB_86_S27;DB_86_S34;DB_86_S95;DB_86_S120;DB_86_S123;DB_86_S124;DB_86_S125;DB_86_S126;DB_86_S130;DB_86_S132;DB_86_S134;DB_86_S140;DB_86_S146;DB_86_S163;DB_86_S165;DB_86_S172;DB_86_S173;DB_86_S177;DB_86_S178;DB_86_S206;DB_86_S256;DB_86_S272;DB_86_S282;DB_86_S284;DB_86_S302,C3PA_Dataset/Annotations/DB/86.csv
DB_86,46,ra2,licy ,Categories of Personal Information Shared / Disclosed,DB_86_S1;DB_86_S5;DB_86_S11;DB_86_S12;DB_86_S13;DB_86_S14;DB_86_S15;DB_86_S16;DB_86_S18;DB_86_S24;DB_86_S34;DB_86_S95;DB_86_S146;DB_86_S177;DB_86_S178,C3PA_Dataset/Annotations/DB/86.csv
DB_86,65,ra2,As ,Methods to exercise rights,DB_86_S5;DB_86_S16;DB_86_S20;DB_86_S21;DB_86_S36;DB_86_S40;DB_86_S41;DB_86_S42;DB_86_S44;DB_86_S47;DB_86_S49;DB_86_S51;DB_86_S52;DB_86_S53;DB_86_S61;DB_86_S64;DB_86_S72;DB_86_S80;DB_86_S85;DB_86_S87;DB_86_S91;DB_86_S92;DB_86_S94;DB_86_S96;DB_86_S97;DB_86_S98;DB_86_S99;DB_86_S100;DB_86_S103;DB_86_S105;DB_86_S106;DB_86_S107;DB_86_S108;DB_86_S110;DB_86_S111;DB_86_S112;DB_86_S113;DB_86_S116;DB_86_S118;DB_86_S122;DB_86_S123;DB_86_S125;DB_86_S128;DB_86_S132;DB_86_S133;DB_86_S135;DB_86_S142;DB_86_S146;DB_86_S148;DB_86_S149;DB_86_S152;DB_86_S153;DB_86_S154;DB_86_S156;DB_86_S157;DB_86_S159;DB_86_S166;DB_86_S172;DB_86_S173;DB_86_S176;DB_86_S181;DB_86_S189;DB_86_S191;DB_86_S193;DB_86_S194;DB_86_S195;DB_86_S199;DB_86_S201;DB_86_S202;DB_86_S204;DB_86_S211;DB_86_S212;DB_86_S213;DB_86_S214;DB_86_S229;DB_86_S233;DB_86_S234;DB_86_S236;DB_86_S244;DB_86_S250;DB_86_S256;DB_86_S257;DB_86_S260;DB_86_S261;DB_86_S265;DB_86_S270;DB_86_S271;DB_86_S274;DB_86_S277;DB_86_S278;DB_86_S279;DB_86_S280;DB_86_S286;DB_86_S290;DB_86_S291;DB_86_S292;DB_86_S297;DB_86_S301;DB_86_S310;DB_86_S314;DB_86_S315;DB_86_S316,C3PA_Dataset/Annotations/DB/86.csv
DB_88,17,ra2,"Reveal Mobile uses cookies to personalize content and ads, to provide social media features, and to analyze traffic on our website.",Categories of Personal Information Collected,DB_88_S2;DB_88_S300,C3PA_Dataset/Annotations/DB/88.csv
DB_88,18,ra2,"We also share information about your use of our website with our social media, advertising and analytics partners.",Categories of Personal Information Shared / Disclosed,DB_88_S3;DB_88_S301,C3PA_Dataset/Annotations/DB/88.csv
DB_89,29,ra2,o,Categories of Personal Information Collected,DB_89_S1;DB_89_S3;DB_89_S4;DB_89_S5;DB_89_S6;DB_89_S7;DB_89_S8;DB_89_S9;DB_89_S10;DB_89_S11;DB_89_S12;DB_89_S13;DB_89_S14;DB_89_S15;DB_89_S16;DB_89_S17;DB_89_S18;DB_89_S19;DB_89_S20;DB_89_S21;DB_89_S22;DB_89_S23;DB_89_S24;DB_89_S25;DB_89_S26;DB_89_S27;DB_89_S28;DB_89_S29;DB_89_S30;DB_89_S32;DB_89_S33;DB_89_S34;DB_89_S35;DB_89_S36;DB_89_S37;DB_89_S38;DB_89_S39;DB_89_S40;DB_89_S41;DB_89_S42;DB_89_S43;DB_89_S44;DB_89_S45;DB_89_S46;DB_89_S47;DB_89_S48;DB_89_S49;DB_89_S50;DB_89_S51;DB_89_S52;DB_89_S53;DB_89_S54;DB_89_S55;DB_89_S56;DB_89_S57;DB_89_S58;DB_89_S59;DB_89_S60;DB_89_S61;DB_89_S62;DB_89_S63;DB_89_S64;DB_89_S66;DB_89_S67;DB_89_S68;DB_89_S69;DB_89_S70;DB_89_S71;DB_89_S72;DB_89_S73;DB_89_S74;DB_89_S75;DB_89_S76;DB_89_S77;DB_89_S78;DB_89_S79;DB_89_S80;DB_89_S81;DB_89_S82;DB_89_S83;DB_89_S85;DB_89_S86;DB_89_S87;DB_89_S88;DB_89_S89;DB_89_S90;DB_89_S91;DB_89_S92;DB_89_S93;DB_89_S94;DB_89_S95;DB_89_S96;DB_89_S97;DB_89_S98;DB_89_S99;DB_89_S100;DB_89_S101;DB_89_S102;DB_89_S103;DB_89_S104;DB_89_S105;DB_89_S106;DB_89_S107;DB_89_S108;DB_89_S109;DB_89_S110;DB_89_S111;DB_89_S112;DB_89_S113;DB_89_S114;DB_89_S115;DB_89_S116;DB_89_S117;DB_89_S118;DB_89_S119;DB_89_S120;DB_89_S121;DB_89_S122;DB_89_S123;DB_89_S124;DB_89_S125;DB_89_S126;DB_89_S127;DB_89_S128;DB_89_S129;DB_89_S130;DB_89_S131;DB_89_S132;DB_89_S133;DB_89_S134;DB_89_S135;DB_89_S136;DB_89_S138;DB_89_S139;DB_89_S140;DB_89_S141;DB_89_S142;DB_89_S143;DB_89_S144;DB_89_S145;DB_89_S146;DB_89_S147;DB_89_S148;DB_89_S149;DB_89_S150;DB_89_S151;DB_89_S152;DB_89_S154;DB_89_S155;DB_89_S156;DB_89_S157;DB_89_S158;DB_89_S159;DB_89_S160;DB_89_S161;DB_89_S162;DB_89_S163;DB_89_S164;DB_89_S165;DB_89_S166;DB_89_S167;DB_89_S168;DB_89_S169;DB_89_S170;DB_89_S171;DB_89_S173;DB_89_S175;DB_89_S176;DB_89_S177;DB_89_S178,C3PA_Dataset/Annotations/DB/89.csv
DB_89,32,ra2,k,Categories of Personal Information Collected,DB_89_S3;DB_89_S4;DB_89_S21;DB_89_S23;DB_89_S28;DB_89_S33;DB_89_S35;DB_89_S43;DB_89_S47;DB_89_S48;DB_89_S53;DB_89_S54;DB_89_S55;DB_89_S56;DB_89_S58;DB_89_S62;DB_89_S63;DB_89_S64;DB_89_S73;DB_89_S74;DB_89_S75;DB_89_S83;DB_89_S86;DB_89_S87;DB_89_S89;DB_89_S90;DB_89_S91;DB_89_S92;DB_89_S93;DB_89_S94;DB_89_S95;DB_89_S96;DB_89_S98;DB_89_S99;DB_89_S100;DB_89_S102;DB_89_S104;DB_89_S119;DB_89_S127;DB_89_S132;DB_89_S135;DB_89_S138;DB_89_S139;DB_89_S141;DB_89_S142;DB_89_S143;DB_89_S144;DB_89_S146;DB_89_S147;DB_89_S148;DB_89_S149;DB_89_S150;DB_89_S151;DB_89_S152;DB_89_S154;DB_89_S156;DB_89_S157;DB_89_S158;DB_89_S159;DB_89_S160;DB_89_S163;DB_89_S164;DB_89_S165;DB_89_S166;DB_89_S168;DB_89_S169;DB_89_S171;DB_89_S175;DB_89_S176;DB_89_S177,C3PA_Dataset/Annotations/DB/89.csv
DB_89,34,ra2,"Targeting Cookies
",Categories of Personal Information Collected,DB_89_S158;DB_89_S159,C3PA_Dataset/Annotations/DB/89.csv
DB_89,37,ra2,chec,Categories of Personal Information Collected,DB_89_S33;DB_89_S171;DB_89_S175;DB_89_S176;DB_89_S177,C3PA_Dataset/Annotations/DB/89.csv
DB_9,4,ra3,Click here to submit a verifiable request to exercise this right.,Methods to exercise rights,DB_9_S85;DB_9_S93;DB_9_S101;DB_9_S107;DB_9_S113,C3PA_Dataset/Annotations/DB/9.csv
DB_9,5,ra3,"Alternatively, you may email dataprivacyteam@sms-inc.com to initiate this request.",Methods to exercise rights,DB_9_S87;DB_9_S95;DB_9_S103;DB_9_S109;DB_9_S115,C3PA_Dataset/Annotations/DB/9.csv
DB_9,7,ra3,Click here to submit a verifiable request to exercise this right.,Methods to exercise rights,DB_9_S85;DB_9_S93;DB_9_S101;DB_9_S107;DB_9_S113,C3PA_Dataset/Annotations/DB/9.csv
DB_9,9,ra3,Click here to submit a verifiable request to exercise this right.,Methods to exercise rights,DB_9_S85;DB_9_S93;DB_9_S101;DB_9_S107;DB_9_S113,C3PA_Dataset/Annotations/DB/9.csv
DB_9,11,ra3,Click here to submit a verifiable request to exercise this right.,Methods to exercise rights,DB_9_S85;DB_9_S93;DB_9_S101;DB_9_S107;DB_9_S113,C3PA_Dataset/Annotations/DB/9.csv
DB_9,13,ra3,Click here to submit a verifiable request to exercise this right.,Methods to exercise rights,DB_9_S85;DB_9_S93;DB_9_S101;DB_9_S107;DB_9_S113,C3PA_Dataset/Annotations/DB/9.csv
DB_9,14,ra3,"Alternatively, you may email dataprivacyteam@sms-inc.com to initiate this request.",Methods to exercise rights,DB_9_S87;DB_9_S95;DB_9_S103;DB_9_S109;DB_9_S115,C3PA_Dataset/Annotations/DB/9.csv
DB_9,15,ra3,"Alternatively, you may email dataprivacyteam@sms-inc.com to initiate this request.",Methods to exercise rights,DB_9_S87;DB_9_S95;DB_9_S103;DB_9_S109;DB_9_S115,C3PA_Dataset/Annotations/DB/9.csv
DB_9,16,ra3,"Alternatively, you may email dataprivacyteam@sms-inc.com to initiate this request.",Methods to exercise rights,DB_9_S87;DB_9_S95;DB_9_S103;DB_9_S109;DB_9_S115,C3PA_Dataset/Annotations/DB/9.csv
DB_9,17,ra3,"Alternatively, you may email dataprivacyteam@sms-inc.com to initiate this request.",Methods to exercise rights,DB_9_S87;DB_9_S95;DB_9_S103;DB_9_S109;DB_9_S115,C3PA_Dataset/Annotations/DB/9.csv
DB_9,60,ra1,Click here to submit a verifiable request to exercise this right.,Methods to exercise rights,DB_9_S85;DB_9_S93;DB_9_S101;DB_9_S107;DB_9_S113,C3PA_Dataset/Annotations/DB/9.csv
DB_9,63,ra1,Click here to submit a verifiable request to exercise this right.,Methods to exercise rights,DB_9_S85;DB_9_S93;DB_9_S101;DB_9_S107;DB_9_S113,C3PA_Dataset/Annotations/DB/9.csv
DB_9,66,ra1,Click here to submit a verifiable request to exercise this right.,Methods to exercise rights,DB_9_S85;DB_9_S93;DB_9_S101;DB_9_S107;DB_9_S113,C3PA_Dataset/Annotations/DB/9.csv
DB_9,69,ra1,Click here to submit a verifiable request to exercise this right.,Methods to exercise rights,DB_9_S85;DB_9_S93;DB_9_S101;DB_9_S107;DB_9_S113,C3PA_Dataset/Annotations/DB/9.csv
DB_9,72,ra1,Click here to submit a verifiable request to exercise this right.,Methods to exercise rights,DB_9_S85;DB_9_S93;DB_9_S101;DB_9_S107;DB_9_S113,C3PA_Dataset/Annotations/DB/9.csv
DB_9,75,ra1,tion,Updated Privacy Policy,DB_9_S5;DB_9_S6;DB_9_S7;DB_9_S8;DB_9_S10;DB_9_S11;DB_9_S12;DB_9_S13;DB_9_S15;DB_9_S16;DB_9_S17;DB_9_S25;DB_9_S28;DB_9_S29;DB_9_S30;DB_9_S35;DB_9_S36;DB_9_S43;DB_9_S49;DB_9_S58;DB_9_S61;DB_9_S66;DB_9_S67;DB_9_S68;DB_9_S69;DB_9_S70;DB_9_S71;DB_9_S73;DB_9_S75;DB_9_S76;DB_9_S77;DB_9_S78;DB_9_S79;DB_9_S81;DB_9_S82;DB_9_S84;DB_9_S86;DB_9_S88;DB_9_S89;DB_9_S92;DB_9_S94;DB_9_S96;DB_9_S97;DB_9_S100;DB_9_S102;DB_9_S104;DB_9_S106;DB_9_S108;DB_9_S110;DB_9_S112;DB_9_S114;DB_9_S116;DB_9_S117;DB_9_S119;DB_9_S120;DB_9_S123;DB_9_S124;DB_9_S126;DB_9_S128;DB_9_S131;DB_9_S140;DB_9_S147;DB_9_S150;DB_9_S151;DB_9_S152;DB_9_S155;DB_9_S160;DB_9_S187;DB_9_S191;DB_9_S192;DB_9_S193;DB_9_S197;DB_9_S204;DB_9_S205,C3PA_Dataset/Annotations/DB/9.csv
DB_91,37,ra2,pro,Categories of Personal Information Shared / Disclosed,DB_91_S7;DB_91_S9;DB_91_S14;DB_91_S16;DB_91_S19;DB_91_S20;DB_91_S34;DB_91_S38;DB_91_S45;DB_91_S47;DB_91_S48;DB_91_S49;DB_91_S51;DB_91_S58;DB_91_S70;DB_91_S72;DB_91_S77;DB_91_S80;DB_91_S83;DB_91_S91;DB_91_S93;DB_91_S94;DB_91_S97;DB_91_S98;DB_91_S106;DB_91_S109;DB_91_S110;DB_91_S112;DB_91_S115;DB_91_S138;DB_91_S142;DB_91_S143;DB_91_S144;DB_91_S146;DB_91_S147;DB_91_S149;DB_91_S156;DB_91_S160;DB_91_S162;DB_91_S163;DB_91_S167;DB_91_S168;DB_91_S169;DB_91_S170;DB_91_S171;DB_91_S172;DB_91_S176;DB_91_S177;DB_91_S184;DB_91_S191;DB_91_S195;DB_91_S196;DB_91_S203;DB_91_S204;DB_91_S206;DB_91_S208;DB_91_S211;DB_91_S212;DB_91_S213;DB_91_S229;DB_91_S230;DB_91_S237;DB_91_S238;DB_91_S240;DB_91_S241;DB_91_S242;DB_91_S243;DB_91_S244;DB_91_S246;DB_91_S263;DB_91_S264;DB_91_S270;DB_91_S274;DB_91_S275;DB_91_S276;DB_91_S277;DB_91_S283;DB_91_S284;DB_91_S286;DB_91_S288;DB_91_S290;DB_91_S291;DB_91_S292;DB_91_S293;DB_91_S295;DB_91_S297;DB_91_S298;DB_91_S299;DB_91_S301;DB_91_S303;DB_91_S306;DB_91_S307;DB_91_S311;DB_91_S313;DB_91_S314;DB_91_S324;DB_91_S332;DB_91_S346;DB_91_S349;DB_91_S353;DB_91_S354;DB_91_S355;DB_91_S356;DB_91_S358;DB_91_S360;DB_91_S363;DB_91_S373;DB_91_S375;DB_91_S388;DB_91_S389;DB_91_S390;DB_91_S392;DB_91_S395;DB_91_S397;DB_91_S403;DB_91_S404;DB_91_S405;DB_91_S407;DB_91_S410;DB_91_S412;DB_91_S413;DB_91_S418;DB_91_S419;DB_91_S420;DB_91_S422;DB_91_S427;DB_91_S428;DB_91_S429;DB_91_S430;DB_91_S441;DB_91_S442;DB_91_S443;DB_91_S448;DB_91_S449;DB_91_S453;DB_91_S454;DB_91_S457;DB_91_S458;DB_91_S463;DB_91_S468;DB_91_S469;DB_91_S470;DB_91_S471;DB_91_S478;DB_91_S480;DB_91_S489;DB_91_S491;DB_91_S501;DB_91_S503;DB_91_S505;DB_91_S511;DB_91_S517;DB_91_S519;DB_91_S527;DB_91_S529;DB_91_S539;DB_91_S547;DB_91_S549;DB_91_S551;DB_91_S568;DB_91_S570;DB_91_S572;DB_91_S575;DB_91_S583;DB_91_S584;DB_91_S587;DB_91_S588;DB_91_S589;DB_91_S593;DB_91_S594;DB_91_S601;DB_91_S602;DB_91_S606;DB_91_S607;DB_91_S612;DB_91_S619,C3PA_Dataset/Annotations/DB/91.csv
DB_91,38,ra2,ough the ,Methods to exercise rights,DB_91_S196;DB_91_S209;DB_91_S294;DB_91_S306;DB_91_S307;DB_91_S372,C3PA_Dataset/Annotations/DB/91.csv
DB_91,44,ra2,User ,Categories of Personal Information Collected,DB_91_S52;DB_91_S56;DB_91_S57;DB_91_S60;DB_91_S62;DB_91_S63;DB_91_S101;DB_91_S104;DB_91_S149;DB_91_S173;DB_91_S199;DB_91_S201;DB_91_S227;DB_91_S232;DB_91_S271;DB_91_S301;DB_91_S641,C3PA_Dataset/Annotations/DB/91.csv
DB_91,45,ra2,I,Categories of Personal Information Collected,DB_91_S1;DB_91_S2;DB_91_S3;DB_91_S4;DB_91_S5;DB_91_S6;DB_91_S7;DB_91_S8;DB_91_S9;DB_91_S10;DB_91_S11;DB_91_S12;DB_91_S13;DB_91_S14;DB_91_S15;DB_91_S16;DB_91_S18;DB_91_S19;DB_91_S20;DB_91_S21;DB_91_S22;DB_91_S23;DB_91_S24;DB_91_S25;DB_91_S26;DB_91_S27;DB_91_S28;DB_91_S29;DB_91_S30;DB_91_S31;DB_91_S32;DB_91_S33;DB_91_S34;DB_91_S35;DB_91_S36;DB_91_S37;DB_91_S38;DB_91_S39;DB_91_S40;DB_91_S41;DB_91_S42;DB_91_S43;DB_91_S44;DB_91_S45;DB_91_S46;DB_91_S47;DB_91_S48;DB_91_S49;DB_91_S50;DB_91_S51;DB_91_S52;DB_91_S53;DB_91_S54;DB_91_S55;DB_91_S56;DB_91_S57;DB_91_S58;DB_91_S59;DB_91_S60;DB_91_S61;DB_91_S62;DB_91_S63;DB_91_S64;DB_91_S65;DB_91_S66;DB_91_S67;DB_91_S68;DB_91_S69;DB_91_S70;DB_91_S71;DB_91_S72;DB_91_S73;DB_91_S74;DB_91_S75;DB_91_S76;DB_91_S77;DB_91_S78;DB_91_S79;DB_91_S80;DB_91_S81;DB_91_S82;DB_91_S83;DB_91_S84;DB_91_S85;DB_91_S86;DB_91_S87;DB_91_S88;DB_91_S89;DB_91_S90;DB_91_S91;DB_91_S92;DB_91_S93;DB_91_S94;DB_91_S95;DB_91_S96;DB_91_S97;DB_91_S98;DB_91_S99;DB_91_S100;DB_91_S101;DB_91_S102;DB_91_S103;DB_91_S104;DB_91_S105;DB_91_S106;DB_91_S107;DB_91_S108;DB_91_S109;DB_91_S110;DB_91_S111;DB_91_S112;DB_91_S113;DB_91_S114;DB_91_S115;DB_91_S116;DB_91_S117;DB_91_S118;DB_91_S119;DB_91_S120;DB_91_S121;DB_91_S122;DB_91_S123;DB_91_S124;DB_91_S128;DB_91_S129;DB_91_S131;DB_91_S132;DB_91_S133;DB_91_S134;DB_91_S135;DB_91_S136;DB_91_S137;DB_91_S138;DB_91_S139;DB_91_S141;DB_91_S142;DB_91_S143;DB_91_S144;DB_91_S145;DB_91_S146;DB_91_S147;DB_91_S148;DB_91_S149;DB_91_S150;DB_91_S151;DB_91_S152;DB_91_S153;DB_91_S154;DB_91_S155;DB_91_S156;DB_91_S157;DB_91_S158;DB_91_S159;DB_91_S160;DB_91_S161;DB_91_S162;DB_91_S163;DB_91_S164;DB_91_S165;DB_91_S166;DB_91_S167;DB_91_S168;DB_91_S169;DB_91_S170;DB_91_S171;DB_91_S172;DB_91_S173;DB_91_S174;DB_91_S175;DB_91_S176;DB_91_S177;DB_91_S178;DB_91_S179;DB_91_S180;DB_91_S181;DB_91_S182;DB_91_S183;DB_91_S184;DB_91_S186;DB_91_S187;DB_91_S188;DB_91_S189;DB_91_S190;DB_91_S191;DB_91_S193;DB_91_S194;DB_91_S195;DB_91_S196;DB_91_S197;DB_91_S198;DB_91_S199;DB_91_S200;DB_91_S201;DB_91_S202;DB_91_S203;DB_91_S204;DB_91_S205;DB_91_S206;DB_91_S207;DB_91_S208;DB_91_S209;DB_91_S210;DB_91_S211;DB_91_S212;DB_91_S213;DB_91_S214;DB_91_S215;DB_91_S216;DB_91_S217;DB_91_S218;DB_91_S219;DB_91_S220;DB_91_S221;DB_91_S222;DB_91_S223;DB_91_S224;DB_91_S225;DB_91_S226;DB_91_S227;DB_91_S228;DB_91_S229;DB_91_S230;DB_91_S231;DB_91_S232;DB_91_S233;DB_91_S235;DB_91_S236;DB_91_S237;DB_91_S238;DB_91_S239;DB_91_S240;DB_91_S241;DB_91_S242;DB_91_S243;DB_91_S244;DB_91_S245;DB_91_S246;DB_91_S247;DB_91_S248;DB_91_S249;DB_91_S251;DB_91_S252;DB_91_S253;DB_91_S254;DB_91_S255;DB_91_S257;DB_91_S258;DB_91_S259;DB_91_S260;DB_91_S261;DB_91_S262;DB_91_S263;DB_91_S264;DB_91_S265;DB_91_S266;DB_91_S267;DB_91_S268;DB_91_S270;DB_91_S271;DB_91_S272;DB_91_S273;DB_91_S274;DB_91_S275;DB_91_S276;DB_91_S277;DB_91_S278;DB_91_S279;DB_91_S280;DB_91_S281;DB_91_S282;DB_91_S283;DB_91_S284;DB_91_S285;DB_91_S286;DB_91_S287;DB_91_S288;DB_91_S289;DB_91_S290;DB_91_S291;DB_91_S292;DB_91_S293;DB_91_S294;DB_91_S295;DB_91_S296;DB_91_S297;DB_91_S298;DB_91_S299;DB_91_S300;DB_91_S301;DB_91_S302;DB_91_S303;DB_91_S304;DB_91_S305;DB_91_S306;DB_91_S307;DB_91_S308;DB_91_S309;DB_91_S310;DB_91_S311;DB_91_S312;DB_91_S313;DB_91_S314;DB_91_S315;DB_91_S316;DB_91_S317;DB_91_S318;DB_91_S319;DB_91_S320;DB_91_S321;DB_91_S322;DB_91_S323;DB_91_S324;DB_91_S325;DB_91_S326;DB_91_S328;DB_91_S329;DB_91_S330;DB_91_S331;DB_91_S332;DB_91_S333;DB_91_S334;DB_91_S335;DB_91_S336;DB_91_S337;DB_91_S338;DB_91_S339;DB_91_S340;DB_91_S341;DB_91_S342;DB_91_S343;DB_91_S344;DB_91_S345;DB_91_S346;DB_91_S347;DB_91_S348;DB_91_S349;DB_91_S350;DB_91_S351;DB_91_S352;DB_91_S353;DB_91_S354;DB_91_S355;DB_91_S356;DB_91_S357;DB_91_S358;DB_91_S359;DB_91_S360;DB_91_S361;DB_91_S362;DB_91_S363;DB_91_S364;DB_91_S365;DB_91_S366;DB_91_S367;DB_91_S368;DB_91_S369;DB_91_S370;DB_91_S371;DB_91_S372;DB_91_S373;DB_91_S374;DB_91_S375;DB_91_S376;DB_91_S377;DB_91_S378;DB_91_S379;DB_91_S381;DB_91_S382;DB_91_S383;DB_91_S386;DB_91_S387;DB_91_S388;DB_91_S389;DB_91_S390;DB_91_S391;DB_91_S392;DB_91_S393;DB_91_S394;DB_91_S396;DB_91_S397;DB_91_S398;DB_91_S401;DB_91_S402;DB_91_S403;DB_91_S404;DB_91_S405;DB_91_S406;DB_91_S407;DB_91_S408;DB_91_S409;DB_91_S411;DB_91_S412;DB_91_S413;DB_91_S416;DB_91_S417;DB_91_S418;DB_91_S419;DB_91_S420;DB_91_S421;DB_91_S422;DB_91_S425;DB_91_S426;DB_91_S427;DB_91_S428;DB_91_S429;DB_91_S430;DB_91_S431;DB_91_S432;DB_91_S436;DB_91_S439;DB_91_S440;DB_91_S441;DB_91_S442;DB_91_S443;DB_91_S444;DB_91_S445;DB_91_S447;DB_91_S448;DB_91_S449;DB_91_S450;DB_91_S453;DB_91_S454;DB_91_S456;DB_91_S457;DB_91_S458;DB_91_S459;DB_91_S463;DB_91_S466;DB_91_S467;DB_91_S468;DB_91_S469;DB_91_S470;DB_91_S471;DB_91_S472;DB_91_S476;DB_91_S477;DB_91_S478;DB_91_S479;DB_91_S480;DB_91_S481;DB_91_S482;DB_91_S484;DB_91_S485;DB_91_S487;DB_91_S488;DB_91_S489;DB_91_S490;DB_91_S491;DB_91_S492;DB_91_S494;DB_91_S497;DB_91_S501;DB_91_S502;DB_91_S503;DB_91_S504;DB_91_S505;DB_91_S506;DB_91_S508;DB_91_S511;DB_91_S515;DB_91_S516;DB_91_S517;DB_91_S518;DB_91_S519;DB_91_S520;DB_91_S522;DB_91_S525;DB_91_S526;DB_91_S527;DB_91_S528;DB_91_S529;DB_91_S530;DB_91_S532;DB_91_S535;DB_91_S539;DB_91_S543;DB_91_S547;DB_91_S548;DB_91_S549;DB_91_S550;DB_91_S551;DB_91_S552;DB_91_S554;DB_91_S557;DB_91_S560;DB_91_S561;DB_91_S562;DB_91_S563;DB_91_S564;DB_91_S565;DB_91_S566;DB_91_S567;DB_91_S568;DB_91_S569;DB_91_S570;DB_91_S571;DB_91_S572;DB_91_S573;DB_91_S574;DB_91_S575;DB_91_S576;DB_91_S577;DB_91_S578;DB_91_S579;DB_91_S580;DB_91_S582;DB_91_S583;DB_91_S584;DB_91_S585;DB_91_S587;DB_91_S588;DB_91_S589;DB_91_S590;DB_91_S591;DB_91_S592;DB_91_S593;DB_91_S594;DB_91_S595;DB_91_S596;DB_91_S597;DB_91_S599;DB_91_S600;DB_91_S601;DB_91_S602;DB_91_S604;DB_91_S605;DB_91_S606;DB_91_S607;DB_91_S609;DB_91_S610;DB_91_S611;DB_91_S612;DB_91_S614;DB_91_S615;DB_91_S616;DB_91_S617;DB_91_S618;DB_91_S619;DB_91_S621;DB_91_S622;DB_91_S625;DB_91_S626;DB_91_S627;DB_91_S629;DB_91_S630;DB_91_S634;DB_91_S635;DB_91_S636;DB_91_S638;DB_91_S639;DB_91_S640;DB_91_S641;DB_91_S642;DB_91_S643;DB_91_S644;DB_91_S645;DB_91_S646;DB_91_S647;DB_91_S648;DB_91_S650;DB_91_S651;DB_91_S652;DB_91_S653;DB_91_S654;DB_91_S659,C3PA_Dataset/Annotations/DB/91.csv
DB_91,56,ra2,hori,Categories of Personal Information Collected,DB_91_S143;DB_91_S317;DB_91_S321;DB_91_S322;DB_91_S324;DB_91_S349;DB_91_S563;DB_91_S570;DB_91_S601;DB_91_S644,C3PA_Dataset/Annotations/DB/91.csv
DB_91,62,ra2,Consumer whose personal information is the su,Categories of Personal Information Shared / Disclosed,DB_91_S644;DB_91_S653,C3PA_Dataset/Annotations/DB/91.csv
DB_91,65,ra2,f the re,Categories of Personal Information Shared / Disclosed,DB_91_S572;DB_91_S595;DB_91_S596;DB_91_S644;DB_91_S653,C3PA_Dataset/Annotations/DB/91.csv
DB_93,36,ra2,r,Categories of Personal Information Collected,DB_93_S1;DB_93_S2;DB_93_S3;DB_93_S4;DB_93_S5;DB_93_S6;DB_93_S7;DB_93_S8;DB_93_S9;DB_93_S10;DB_93_S11;DB_93_S12;DB_93_S13;DB_93_S14;DB_93_S15;DB_93_S16;DB_93_S17;DB_93_S18;DB_93_S19;DB_93_S20;DB_93_S21;DB_93_S22;DB_93_S23;DB_93_S24;DB_93_S25;DB_93_S26;DB_93_S27;DB_93_S28;DB_93_S29;DB_93_S31;DB_93_S32;DB_93_S33;DB_93_S34;DB_93_S35;DB_93_S36;DB_93_S37;DB_93_S38;DB_93_S40;DB_93_S41;DB_93_S42;DB_93_S43;DB_93_S44;DB_93_S45;DB_93_S46;DB_93_S47;DB_93_S48;DB_93_S49;DB_93_S50;DB_93_S51;DB_93_S52;DB_93_S53;DB_93_S54;DB_93_S55;DB_93_S56;DB_93_S57;DB_93_S58;DB_93_S59;DB_93_S60;DB_93_S61;DB_93_S62;DB_93_S63;DB_93_S64;DB_93_S65;DB_93_S66;DB_93_S67;DB_93_S68;DB_93_S69;DB_93_S70;DB_93_S71;DB_93_S72;DB_93_S73;DB_93_S74;DB_93_S75;DB_93_S76;DB_93_S77;DB_93_S78;DB_93_S79;DB_93_S80;DB_93_S81;DB_93_S82;DB_93_S83;DB_93_S84;DB_93_S85;DB_93_S86;DB_93_S87;DB_93_S88;DB_93_S89;DB_93_S90;DB_93_S91;DB_93_S92;DB_93_S93;DB_93_S94;DB_93_S95;DB_93_S96;DB_93_S97;DB_93_S98;DB_93_S99;DB_93_S100;DB_93_S101;DB_93_S102;DB_93_S103;DB_93_S104;DB_93_S105;DB_93_S106;DB_93_S107;DB_93_S108;DB_93_S109;DB_93_S110;DB_93_S111;DB_93_S112;DB_93_S113;DB_93_S114;DB_93_S115;DB_93_S116;DB_93_S117;DB_93_S118;DB_93_S119;DB_93_S120;DB_93_S121;DB_93_S122;DB_93_S123;DB_93_S124;DB_93_S125;DB_93_S126;DB_93_S127;DB_93_S128;DB_93_S129;DB_93_S130;DB_93_S131;DB_93_S132;DB_93_S133;DB_93_S134;DB_93_S135;DB_93_S136;DB_93_S137;DB_93_S138;DB_93_S139;DB_93_S140;DB_93_S141;DB_93_S142;DB_93_S143;DB_93_S144;DB_93_S145;DB_93_S146;DB_93_S147;DB_93_S148;DB_93_S149;DB_93_S150;DB_93_S151;DB_93_S152;DB_93_S153;DB_93_S154;DB_93_S155;DB_93_S156;DB_93_S157;DB_93_S158;DB_93_S159;DB_93_S160;DB_93_S161;DB_93_S162;DB_93_S163;DB_93_S164;DB_93_S165;DB_93_S166;DB_93_S167;DB_93_S168;DB_93_S169;DB_93_S170;DB_93_S171;DB_93_S172;DB_93_S173;DB_93_S174;DB_93_S175;DB_93_S176;DB_93_S177;DB_93_S178;DB_93_S179;DB_93_S180;DB_93_S181;DB_93_S182;DB_93_S183;DB_93_S184;DB_93_S185;DB_93_S186;DB_93_S187;DB_93_S188;DB_93_S189;DB_93_S190;DB_93_S191;DB_93_S192;DB_93_S193;DB_93_S194;DB_93_S195;DB_93_S196;DB_93_S197;DB_93_S198;DB_93_S199;DB_93_S200;DB_93_S201;DB_93_S202;DB_93_S204;DB_93_S205;DB_93_S206;DB_93_S207;DB_93_S208;DB_93_S209;DB_93_S210;DB_93_S211;DB_93_S212;DB_93_S213;DB_93_S214;DB_93_S215;DB_93_S216;DB_93_S217;DB_93_S218;DB_93_S219;DB_93_S222;DB_93_S223;DB_93_S226;DB_93_S227;DB_93_S228;DB_93_S229;DB_93_S230;DB_93_S231;DB_93_S232;DB_93_S233;DB_93_S234;DB_93_S236;DB_93_S237;DB_93_S238;DB_93_S239;DB_93_S241;DB_93_S242;DB_93_S243;DB_93_S244;DB_93_S245;DB_93_S246;DB_93_S248;DB_93_S249;DB_93_S250;DB_93_S251;DB_93_S252;DB_93_S253;DB_93_S255;DB_93_S256;DB_93_S259;DB_93_S266,C3PA_Dataset/Annotations/DB/93.csv
DB_93,37,ra2,Tar,Categories of Personal Information Collected,DB_93_S115;DB_93_S159;DB_93_S205;DB_93_S206;DB_93_S248;DB_93_S249;DB_93_S253,C3PA_Dataset/Annotations/DB/93.csv
DB_93,38,ra2,Tar,Categories of Personal Information Shared / Disclosed,DB_93_S115;DB_93_S159;DB_93_S205;DB_93_S206;DB_93_S248;DB_93_S249;DB_93_S253,C3PA_Dataset/Annotations/DB/93.csv
DB_93,39,ra2,Tar,Categories of Personal Information Sold,DB_93_S115;DB_93_S159;DB_93_S205;DB_93_S206;DB_93_S248;DB_93_S249;DB_93_S253,C3PA_Dataset/Annotations/DB/93.csv
DB_94,32,ra2,Cookie,Categories of Personal Information Collected,DB_94_S21;DB_94_S53;DB_94_S54;DB_94_S57;DB_94_S58;DB_94_S59;DB_94_S60;DB_94_S61;DB_94_S62;DB_94_S63;DB_94_S64;DB_94_S65;DB_94_S69;DB_94_S70;DB_94_S71;DB_94_S72;DB_94_S73;DB_94_S75;DB_94_S76;DB_94_S77;DB_94_S78;DB_94_S79;DB_94_S80;DB_94_S82;DB_94_S83;DB_94_S142;DB_94_S147;DB_94_S253;DB_94_S372;DB_94_S373;DB_94_S414;DB_94_S415;DB_94_S416;DB_94_S420;DB_94_S421;DB_94_S425;DB_94_S426;DB_94_S427;DB_94_S428;DB_94_S430;DB_94_S431;DB_94_S432;DB_94_S434;DB_94_S435;DB_94_S437;DB_94_S438;DB_94_S439;DB_94_S441;DB_94_S442;DB_94_S443;DB_94_S445;DB_94_S446;DB_94_S447;DB_94_S449;DB_94_S453;DB_94_S456;DB_94_S459;DB_94_S460;DB_94_S463;DB_94_S464;DB_94_S467,C3PA_Dataset/Annotations/DB/94.csv
DB_94,34,ra2,his cookie is s,Categories of Personal Information Collected,DB_94_S430;DB_94_S437;DB_94_S441;DB_94_S445,C3PA_Dataset/Annotations/DB/94.csv
DB_94,71,ra4,Use of Your Personal Data,Categories of Personal Information Collected,DB_94_S84;DB_94_S195;DB_94_S267,C3PA_Dataset/Annotations/DB/94.csv
DB_94,72,ra4,Use of Your Personal Data,Categories of Personal Information Sold,DB_94_S84;DB_94_S195;DB_94_S267,C3PA_Dataset/Annotations/DB/94.csv
DB_94,73,ra4,Use of Your Personal Data,Categories of Personal Information Shared / Disclosed,DB_94_S84;DB_94_S195;DB_94_S267,C3PA_Dataset/Annotations/DB/94.csv
DB_94,92,ra4,Basis,Categories of Personal Information Shared / Disclosed,DB_94_S162;DB_94_S164;DB_94_S172;DB_94_S182;DB_94_S389,C3PA_Dataset/Annotations/DB/94.csv
DB_94,101,ra4,Sale of Personal Information,Categories of Personal Information Sold,DB_94_S279;DB_94_S296;DB_94_S300,C3PA_Dataset/Annotations/DB/94.csv
DB_95,20,ra2,l ,Categories of Personal Information Collected,DB_95_S1;DB_95_S2;DB_95_S3;DB_95_S4;DB_95_S5;DB_95_S6;DB_95_S7;DB_95_S8;DB_95_S9;DB_95_S10;DB_95_S11;DB_95_S12;DB_95_S14;DB_95_S16;DB_95_S17;DB_95_S18;DB_95_S19;DB_95_S20;DB_95_S21;DB_95_S22;DB_95_S23;DB_95_S24;DB_95_S25;DB_95_S26;DB_95_S27;DB_95_S28;DB_95_S29;DB_95_S31;DB_95_S32;DB_95_S34;DB_95_S35;DB_95_S36;DB_95_S37;DB_95_S38;DB_95_S40;DB_95_S41;DB_95_S42;DB_95_S43;DB_95_S45;DB_95_S46;DB_95_S47;DB_95_S48;DB_95_S49;DB_95_S51;DB_95_S52;DB_95_S53;DB_95_S54;DB_95_S55;DB_95_S56;DB_95_S57;DB_95_S58;DB_95_S59;DB_95_S60;DB_95_S62;DB_95_S63;DB_95_S64;DB_95_S65;DB_95_S66;DB_95_S67;DB_95_S68;DB_95_S69;DB_95_S70;DB_95_S71;DB_95_S73;DB_95_S74;DB_95_S75;DB_95_S76;DB_95_S77;DB_95_S78;DB_95_S79;DB_95_S80;DB_95_S81;DB_95_S83;DB_95_S84;DB_95_S85;DB_95_S86;DB_95_S87;DB_95_S88;DB_95_S89;DB_95_S90;DB_95_S91;DB_95_S92;DB_95_S93;DB_95_S95;DB_95_S97;DB_95_S98;DB_95_S99;DB_95_S100;DB_95_S101;DB_95_S102;DB_95_S103;DB_95_S104;DB_95_S105;DB_95_S106;DB_95_S107;DB_95_S108;DB_95_S109;DB_95_S110;DB_95_S111;DB_95_S112;DB_95_S113;DB_95_S114;DB_95_S115;DB_95_S120;DB_95_S121;DB_95_S122;DB_95_S123;DB_95_S124;DB_95_S125;DB_95_S126;DB_95_S127;DB_95_S129;DB_95_S130;DB_95_S131;DB_95_S132;DB_95_S133;DB_95_S134;DB_95_S135;DB_95_S137;DB_95_S138;DB_95_S139;DB_95_S141;DB_95_S142;DB_95_S143;DB_95_S144;DB_95_S145;DB_95_S146;DB_95_S147;DB_95_S148;DB_95_S150;DB_95_S151;DB_95_S152;DB_95_S153;DB_95_S154;DB_95_S155;DB_95_S156;DB_95_S157;DB_95_S158;DB_95_S159;DB_95_S161;DB_95_S162;DB_95_S163;DB_95_S166;DB_95_S169;DB_95_S170;DB_95_S173;DB_95_S174;DB_95_S175;DB_95_S176,C3PA_Dataset/Annotations/DB/95.csv
DB_96,50,ra4,Information We Collect,Categories of Personal Information Collected,DB_96_S7;DB_96_S63;DB_96_S73;DB_96_S126;DB_96_S127;DB_96_S133,C3PA_Dataset/Annotations/DB/96.csv
DB_96,69,ra4,"Cloud hosting, storage, and data services, email services providers, internal and third-party messaging/chat systems, business support services, and developer tools providers",Categories of Personal Information Shared / Disclosed,DB_96_S88;DB_96_S91;DB_96_S94;DB_96_S97;DB_96_S100;DB_96_S103;DB_96_S106;DB_96_S112;DB_96_S118,C3PA_Dataset/Annotations/DB/96.csv
DB_96,71,ra4,Professional or employment-related information.,Categories of Personal Information Shared / Disclosed,DB_96_S46;DB_96_S111,C3PA_Dataset/Annotations/DB/96.csv
DB_96,72,ra4,K. Inferences drawn from other personal information.,Categories of Personal Information Shared / Disclosed,DB_96_S52;DB_96_S117,C3PA_Dataset/Annotations/DB/96.csv
DB_96,75,ra4,Professional or employment-related information,Categories of Personal Information Sold,DB_96_S46;DB_96_S111,C3PA_Dataset/Annotations/DB/96.csv
DB_96,76,ra4, Inferences drawn from other personal information.,Categories of Personal Information Sold,DB_96_S52;DB_96_S117,C3PA_Dataset/Annotations/DB/96.csv
DB_96,77,ra4,"Law enforcement; other data and/or service customers for the purposes of detecting or hindering human trafficking activity, including businesses, nonprofit organizations, and government entities; academic researchers",Categories of Personal Information Sold,DB_96_S89;DB_96_S92;DB_96_S95;DB_96_S101;DB_96_S104;DB_96_S107;DB_96_S113;DB_96_S119,C3PA_Dataset/Annotations/DB/96.csv
DB_97,49,ra3,"Last Updated: July 30, 2021",Updated Privacy Policy,DB_97_S730;DB_97_S738,C3PA_Dataset/Annotations/DB/97.csv
DB_97,50,ra3,"Last Updated: July 30, 2021",Updated Privacy Policy,DB_97_S730;DB_97_S738,C3PA_Dataset/Annotations/DB/97.csv
DB_97,138,ra4,Who Else Do We Share Information We Collect With?,Categories of Personal Information Shared / Disclosed,DB_97_S385;DB_97_S507,C3PA_Dataset/Annotations/DB/97.csv
DB_97,145,ra4,"Categories of Personal Information We Collect, Use, and Share with Third Parties",Categories of Personal Information Collected,DB_97_S616;DB_97_S620,C3PA_Dataset/Annotations/DB/97.csv
DB_97,146,ra4,"Categories of Personal Information We Collect, Use, and Share with Third Parties",Categories of Personal Information Shared / Disclosed,DB_97_S616;DB_97_S620,C3PA_Dataset/Annotations/DB/97.csv
DB_97,147,ra4,"Categories of Personal Information We Collect, Use, and Share with Third Parties",Categories of Personal Information Sold,DB_97_S616;DB_97_S620,C3PA_Dataset/Annotations/DB/97.csv
DB_97,157,ra4,Our Business Purposes for Collecting and Sharing Personal Information,Categories of Personal Information Collected,DB_97_S617;DB_97_S647,C3PA_Dataset/Annotations/DB/97.csv
DB_97,158,ra4,Our Business Purposes for Collecting and Sharing Personal Information,Categories of Personal Information Shared / Disclosed,DB_97_S617;DB_97_S647,C3PA_Dataset/Annotations/DB/97.csv
DB_97,159,ra4,Our Business Purposes for Collecting and Sharing Personal Information,Categories of Personal Information Sold,DB_97_S617;DB_97_S647,C3PA_Dataset/Annotations/DB/97.csv
DB_97,175,ra4,"Last Updated: July 30, 2021",Updated Privacy Policy,DB_97_S730;DB_97_S738,C3PA_Dataset/Annotations/DB/97.csv
DB_98,59,ra5,"Monitor and analyze trends, usage, and activities in connection with the Site and services it provides and for marketing or advertising purposes;",Categories of Personal Information Shared / Disclosed,DB_98_S28;DB_98_S191,C3PA_Dataset/Annotations/DB/98.csv
DB_98,63,ra5,"Monitor and analyze trends, usage, and activities in connection with the Site and services it provides and for marketing or advertising purposes;",Categories of Personal Information Sold,DB_98_S28;DB_98_S191,C3PA_Dataset/Annotations/DB/98.csv
DB_98,67,ra5,"We may share Financial Data with business partners who assist us by performing core services (such as hosting, billing, fulfillment, or data storage and security) related to our operation of the Site.",Categories of Personal Information Sold,DB_98_S61;DB_98_S210,C3PA_Dataset/Annotations/DB/98.csv
DB_98,80,ra4,Cookies and Web Beacons,Categories of Personal Information Collected,DB_98_S42;DB_98_S43;DB_98_S44;DB_98_S45,C3PA_Dataset/Annotations/DB/98.csv
DB_98,85,ra4,"We may share Financial Data with business partners who assist us by performing core services (such as hosting, billing, fulfillment, or data storage and security) related to our operation of the Site.",Categories of Personal Information Shared / Disclosed,DB_98_S61;DB_98_S210,C3PA_Dataset/Annotations/DB/98.csv
DB_98,103,ra4,We do not share or sell mobile numbers or Financial Data with these third parties.,Categories of Personal Information Sold,DB_98_S60;DB_98_S209,C3PA_Dataset/Annotations/DB/98.csv
DB_98,104,ra4,We do not share or sell mobile numbers or Financial Data with these third parties.,Categories of Personal Information Shared / Disclosed,DB_98_S60;DB_98_S209,C3PA_Dataset/Annotations/DB/98.csv
DB_98,105,ra4,"We may share Financial Data with business partners who assist us by performing core services (such as hosting, billing, fulfillment, or data storage and security) related to our operation of the Site.",Categories of Personal Information Shared / Disclosed,DB_98_S61;DB_98_S210,C3PA_Dataset/Annotations/DB/98.csv
DB_99,95,ra4,Data Collection,Categories of Personal Information Collected,DB_99_S14;DB_99_S43;DB_99_S162,C3PA_Dataset/Annotations/DB/99.csv
WS_101,110,ra1,Individuals merely seeking to update their information (for example to provide a new mailing address) may do so by following the processes described in the “Choices You Have About Our Processing of Your Personal Information” section above,Methods to exercise rights,WS_101_S315;WS_101_S356;WS_101_S396;WS_101_S429,C3PA_Dataset/Annotations/WS/101.csv
WS_102,40,ra5,We do not share your information with Maxmind,Categories of Personal Information Shared / Disclosed,WS_102_S85;WS_102_S90;WS_102_S95,C3PA_Dataset/Annotations/WS/102.csv
WS_102,41,ra5,We do not share your information with Maxmind.,Categories of Personal Information Shared / Disclosed,WS_102_S85;WS_102_S90;WS_102_S95,C3PA_Dataset/Annotations/WS/102.csv
WS_102,42,ra5,We do not share your information with Maxmind.,Categories of Personal Information Shared / Disclosed,WS_102_S85;WS_102_S90;WS_102_S95,C3PA_Dataset/Annotations/WS/102.csv
WS_102,52,ra5,What we collect,Categories of Personal Information Shared / Disclosed,WS_102_S64;WS_102_S142,C3PA_Dataset/Annotations/WS/102.csv
WS_102,53,ra5,Your name.,Categories of Personal Information Shared / Disclosed,WS_102_S66;WS_102_S144,C3PA_Dataset/Annotations/WS/102.csv
WS_102,54,ra5,Your email address.,Categories of Personal Information Shared / Disclosed,WS_102_S68;WS_102_S146,C3PA_Dataset/Annotations/WS/102.csv
WS_102,55,ra5,"Your office, title, and/or organization",Categories of Personal Information Shared / Disclosed,WS_102_S148;WS_102_S149,C3PA_Dataset/Annotations/WS/102.csv
WS_102,56,ra5,Your profile picture.,Categories of Personal Information Shared / Disclosed,WS_102_S97;WS_102_S150,C3PA_Dataset/Annotations/WS/102.csv
WS_102,57,ra5,Any other information you voluntarily submit.,Categories of Personal Information Shared / Disclosed,WS_102_S103;WS_102_S152,C3PA_Dataset/Annotations/WS/102.csv
WS_102,58,ra5,Your country.,Categories of Personal Information Shared / Disclosed,WS_102_S92;WS_102_S94;WS_102_S132,C3PA_Dataset/Annotations/WS/102.csv
WS_102,59,ra5,What we collect,Categories of Personal Information Shared / Disclosed,WS_102_S64;WS_102_S142,C3PA_Dataset/Annotations/WS/102.csv
WS_102,60,ra5,Your name.,Categories of Personal Information Shared / Disclosed,WS_102_S66;WS_102_S144,C3PA_Dataset/Annotations/WS/102.csv
WS_102,61,ra5,Your email address.,Categories of Personal Information Shared / Disclosed,WS_102_S68;WS_102_S146,C3PA_Dataset/Annotations/WS/102.csv
WS_103,77,ra5,our consent,Categories of Personal Information Collected,WS_103_S92;WS_103_S107;WS_103_S155;WS_103_S173;WS_103_S288,C3PA_Dataset/Annotations/WS/103.csv
WS_106,78,ra6,Maintain and improve the quality of services.,Categories of Personal Information Collected,WS_106_S130;WS_106_S138,C3PA_Dataset/Annotations/WS/106.csv
WS_106,80,ra6,Marketing.,Categories of Personal Information Collected,WS_106_S102;WS_106_S107;WS_106_S112;WS_106_S134;WS_106_S142;WS_106_S146,C3PA_Dataset/Annotations/WS/106.csv
WS_106,115,ra1,Direct Marketing,Categories of Personal Information Collected,WS_106_S11;WS_106_S153;WS_106_S252,C3PA_Dataset/Annotations/WS/106.csv
WS_106,116,ra1,Direct Marketing,Categories of Personal Information Shared / Disclosed,WS_106_S11;WS_106_S153;WS_106_S252,C3PA_Dataset/Annotations/WS/106.csv
WS_106,117,ra1,Direct Marketing,Categories of Personal Information Sold,WS_106_S11;WS_106_S153;WS_106_S252,C3PA_Dataset/Annotations/WS/106.csv
WS_107,37,ra2,"To do so, please submit a request via dsar.everydayhealth.com or email privacy@everydayhealth.com. ",Methods to exercise rights,WS_107_S423;WS_107_S430,C3PA_Dataset/Annotations/WS/107.csv
WS_107,39,ra2,"To do so, please submit a request via dsar.everydayhealth.com or email privacy@everydayhealth.com. ",Methods to exercise rights,WS_107_S423;WS_107_S430,C3PA_Dataset/Annotations/WS/107.csv
WS_107,88,ra6,"To do so, please submit a request via dsar.everydayhealth.com or email privacy@everydayhealth.com.",Methods to exercise rights,WS_107_S423;WS_107_S430,C3PA_Dataset/Annotations/WS/107.csv
WS_107,90,ra6,"To do so, please submit a request via dsar.everydayhealth.com or email privacy@everydayhealth.com. ",Methods to exercise rights,WS_107_S423;WS_107_S430,C3PA_Dataset/Annotations/WS/107.csv
WS_107,131,ra1,"To do so, please submit a request via dsar.everydayhealth.com or email privacy@everydayhealth.com.",Methods to exercise rights,WS_107_S423;WS_107_S430,C3PA_Dataset/Annotations/WS/107.csv
WS_107,133,ra1,"To do so, please submit a request via dsar.everydayhealth.com or email privacy@everydayhealth.com. ",Methods to exercise rights,WS_107_S423;WS_107_S430,C3PA_Dataset/Annotations/WS/107.csv
WS_108,16,ra2,"To make such requests, contact us at privacy@gettyimages.com.",Methods to exercise rights,WS_108_S192;WS_108_S205,C3PA_Dataset/Annotations/WS/108.csv
WS_108,39,ra6,"To make such requests, contact us at privacy@gettyimages.com.",Methods to exercise rights,WS_108_S192;WS_108_S205,C3PA_Dataset/Annotations/WS/108.csv
WS_108,65,ra1,"To make such requests, contact us at privacy@gettyimages.com.",Methods to exercise rights,WS_108_S192;WS_108_S205,C3PA_Dataset/Annotations/WS/108.csv
WS_110,136,ra1,Changes to This Policy,Updated Privacy Policy,WS_110_S54;WS_110_S424,C3PA_Dataset/Annotations/WS/110.csv
WS_110,138,ra1,Information We Collect and Use,Categories of Personal Information Collected,WS_110_S17;WS_110_S60;WS_110_S301;WS_110_S352;WS_110_S362,C3PA_Dataset/Annotations/WS/110.csv
WS_110,139,ra1,How We Use Your Information,Categories of Personal Information Collected,WS_110_S22;WS_110_S118;WS_110_S363,C3PA_Dataset/Annotations/WS/110.csv
WS_110,140,ra1,How We Use Your Information,Categories of Personal Information Shared / Disclosed,WS_110_S22;WS_110_S118;WS_110_S363,C3PA_Dataset/Annotations/WS/110.csv
WS_110,141,ra1,How We Use Your Information,Categories of Personal Information Sold,WS_110_S22;WS_110_S118;WS_110_S363,C3PA_Dataset/Annotations/WS/110.csv
WS_110,142,ra1,How We Share Your Information,Categories of Personal Information Shared / Disclosed,WS_110_S12;WS_110_S25;WS_110_S85;WS_110_S180;WS_110_S236;WS_110_S243;WS_110_S306;WS_110_S364;WS_110_S366,C3PA_Dataset/Annotations/WS/110.csv
WS_110,149,ra1,How We Use Your Information,Categories of Personal Information Collected,WS_110_S22;WS_110_S118;WS_110_S363,C3PA_Dataset/Annotations/WS/110.csv
WS_110,150,ra1,How We Use Your Information,Categories of Personal Information Sold,WS_110_S22;WS_110_S118;WS_110_S363,C3PA_Dataset/Annotations/WS/110.csv
WS_110,151,ra1,Information We Collect and Use,Categories of Personal Information Collected,WS_110_S17;WS_110_S60;WS_110_S301;WS_110_S352;WS_110_S362,C3PA_Dataset/Annotations/WS/110.csv
WS_113,25,ra2,Processors provide the technology platforms which we use to administer our email lists and to manage the adverts in our emails. ,Categories of Personal Information Shared / Disclosed,WS_113_S327;WS_113_S385,C3PA_Dataset/Annotations/WS/113.csv
WS_113,44,ra2,To exercise this right please use our other rights request form.,Methods to exercise rights,WS_113_S537;WS_113_S562;WS_113_S566,C3PA_Dataset/Annotations/WS/113.csv
WS_113,123,ra6,To exercise this right please use our other rights request form.,Methods to exercise rights,WS_113_S537;WS_113_S562;WS_113_S566,C3PA_Dataset/Annotations/WS/113.csv
WS_114,103,ra5,"In case of requests for deletion, please note there may be circumstances where we are legally entitled to retain certain data (see Section 13 Data retention and account deletion).",Description of Right to Delete,WS_114_S418;WS_114_S438,C3PA_Dataset/Annotations/WS/114.csv
WS_114,155,ra4,Tailored advertising,Categories of Personal Information Collected,WS_114_S224;WS_114_S229,C3PA_Dataset/Annotations/WS/114.csv
WS_114,158,ra4,Tailored advertising,Categories of Personal Information Shared / Disclosed,WS_114_S224;WS_114_S229,C3PA_Dataset/Annotations/WS/114.csv
WS_114,169,ra4,Tailored advertising,Categories of Personal Information Sold,WS_114_S224;WS_114_S229,C3PA_Dataset/Annotations/WS/114.csv
WS_114,216,ra4,"In case of requests for deletion, please note there may be circumstances where we are legally entitled to retain certain data",Description of Right to Delete,WS_114_S418;WS_114_S438,C3PA_Dataset/Annotations/WS/114.csv
WS_114,344,ra1,"In case of requests for deletion, please note there may be circumstances where we are legally entitled to retain certain data (see Section 13 Data retention and account deletion).",Description of Right to Delete,WS_114_S418;WS_114_S438,C3PA_Dataset/Annotations/WS/114.csv
WS_115,91,ra4,"The identification code may be shared with sponsorship vendors to enable ""interest-based"" and targeted sponsorship and marketing messages.",Categories of Personal Information Shared / Disclosed,WS_115_S96;WS_115_S173,C3PA_Dataset/Annotations/WS/115.csv
WS_115,92,ra4,"The identification code may be shared with sponsorship vendors to enable ""interest-based"" and targeted sponsorship and marketing messages.",Categories of Personal Information Sold,WS_115_S96;WS_115_S173,C3PA_Dataset/Annotations/WS/115.csv
WS_115,102,ra4,How We Disclose Personal Information,Categories of Personal Information Shared / Disclosed,WS_115_S24;WS_115_S147,C3PA_Dataset/Annotations/WS/115.csv
WS_115,107,ra4,Sponsorship and marketing vendors,Categories of Personal Information Shared / Disclosed,WS_115_S111;WS_115_S163;WS_115_S164;WS_115_S250,C3PA_Dataset/Annotations/WS/115.csv
WS_116,16,ra5,Control the use of your data for personalized advertising from Microsoft by visiting our opt-out page.,Description of Right to Opt-out of sale of PI,WS_116_S363;WS_116_S374;WS_116_S2682;WS_116_S2694,C3PA_Dataset/Annotations/WS/116.csv
WS_116,17,ra5,Control the use of your data for personalized advertising from Microsoft by visiting our opt-out page.,Methods to exercise rights,WS_116_S363;WS_116_S374;WS_116_S2682;WS_116_S2694,C3PA_Dataset/Annotations/WS/116.csv
WS_116,18,ra5,"You can request access to, erasure of, and updates to your personal data.",Description of Right to Know PI Collected,WS_116_S383;WS_116_S2703,C3PA_Dataset/Annotations/WS/116.csv
WS_116,19,ra5,"You can request access to, erasure of, and updates to your personal data.",Description of Right to Delete,WS_116_S383;WS_116_S2703,C3PA_Dataset/Annotations/WS/116.csv
WS_116,20,ra5,"You can request access to, erasure of, and updates to your personal data.",Description of Right to Correct Information,WS_116_S383;WS_116_S2703,C3PA_Dataset/Annotations/WS/116.csv
WS_116,27,ra5,"If you have a Microsoft Developer Network (MSDN) public profile, you can access and edit your data by signing in at MSDN forum.",Description of Right to Correct Information,WS_116_S402;WS_116_S2722,C3PA_Dataset/Annotations/WS/116.csv
WS_116,34,ra5," We use cookies and similar technologies for storing and honoring your preferences and settings, enabling you to sign in, providing interest-based advertising, combating fraud, analyzing how our products perform, and fulfilling other legitimate purposes.",Categories of Personal Information Collected,WS_116_S461;WS_116_S2778,C3PA_Dataset/Annotations/WS/116.csv
WS_116,37,ra5,"Third party cookies may include: Social Media cookies designed to show you ads and content based on your social media profiles and activities on our websites; Analytics cookies to better understand how you and others use our websites so that we can make them better, and so the third parties can improve their own products and services; Advertising cookies to show you ads that are relevant to you; and Required cookies used to perform essential website functions.",Categories of Personal Information Shared / Disclosed,WS_116_S465;WS_116_S2782,C3PA_Dataset/Annotations/WS/116.csv
WS_116,52,ra5,"To learn how to manage or block Flash cookies, go to the Flash Player help page.",Description of Right to Opt-out of sale of PI,WS_116_S617;WS_116_S2935,C3PA_Dataset/Annotations/WS/116.csv
WS_116,53,ra5,"To learn how to manage or block such storage, see the Silverlight section of this privacy statement.",Description of Right to Opt-out of sale of PI,WS_116_S620;WS_116_S2938,C3PA_Dataset/Annotations/WS/116.csv
WS_116,54,ra5,"To learn how to manage or block Flash cookies, go to the Flash Player help page.",Methods to exercise rights,WS_116_S617;WS_116_S2935,C3PA_Dataset/Annotations/WS/116.csv
WS_116,55,ra5,"To learn how to manage or block such storage, see the Silverlight section of this privacy statement.",Methods to exercise rights,WS_116_S620;WS_116_S2938,C3PA_Dataset/Annotations/WS/116.csv
WS_116,58,ra5,"For Microsoft products provided by your K-12 school, including Microsoft 365 Education, Microsoft will:",Categories of Personal Information Sold,WS_116_S641;WS_116_S2956,C3PA_Dataset/Annotations/WS/116.csv
WS_116,59,ra5,not sell or rent student personal data;,Categories of Personal Information Sold,WS_116_S643;WS_116_S2958,C3PA_Dataset/Annotations/WS/116.csv
WS_116,60,ra5,"not use or share student personal data for advertising or similar commercial purposes, such as behavioral targeting of advertisements to students;",Categories of Personal Information Shared / Disclosed,WS_116_S644;WS_116_S2959,C3PA_Dataset/Annotations/WS/116.csv
WS_116,62,ra5,"Personal data associated with your Microsoft account includes credentials, name and contact data, payment data, device and usage data, your contacts, information about your activities, and your interests and favorites. ",Categories of Personal Information Collected,WS_116_S651;WS_116_S659;WS_116_S2964;WS_116_S2973,C3PA_Dataset/Annotations/WS/116.csv
WS_116,63,ra5," If you chose to make payments to third-party merchants using your Microsoft account, Microsoft will pass information stored in your Microsoft account to the third party or its vendors (e.g., payment processors) as necessary to process your payment and fulfill your order (such as name, credit card number, billing and shipping addresses, and relevant contact information).",Categories of Personal Information Shared / Disclosed,WS_116_S687;WS_116_S3001,C3PA_Dataset/Annotations/WS/116.csv
WS_116,66,ra5,"We collect limited information about children, including name, birthdate, email address, and region",Categories of Personal Information Collected,WS_116_S764;WS_116_S3076,C3PA_Dataset/Annotations/WS/116.csv
WS_116,69,ra5,"To stop sharing game or app data with a publisher, remove its games or app from all devices where they have been installed. ",Description of Right to Opt-out of sale of PI,WS_116_S810;WS_116_S3122,C3PA_Dataset/Annotations/WS/116.csv
WS_116,81,ra5,You may indicate your choice to opt-out of the sharing of your personal data with third parties for personalized advertising on third party sites by visiting our sharing opt-out page,Description of Right to Opt-out of sale of PI,WS_116_S931;WS_116_S3231,C3PA_Dataset/Annotations/WS/116.csv
WS_116,95,ra5,"While the bulleted list above contains the primary sources and purposes of processing for each category of personal data, we also collect personal data from the sources listed in the Personal data we collect section, such as developers who create experiences through or for Microsoft products.",Categories of Personal Information Collected,WS_116_S978;WS_116_S3278,C3PA_Dataset/Annotations/WS/116.csv
WS_116,109,ra5,"Advertisers may choose to place our web beacons on their sites, or use similar technologies, in order to allow Microsoft to collect information on their sites such as activities, purchases, and visits; we use this data on behalf of our advertising customers to provide ads.",Categories of Personal Information Collected,WS_116_S1048;WS_116_S3344,C3PA_Dataset/Annotations/WS/116.csv
WS_116,112,ra5,"To provide personalized advertising, we combine cookies placed on your device using information that we collect (such as IP address) when your browser interacts with our websites. ",Categories of Personal Information Collected,WS_116_S1054;WS_116_S3350,C3PA_Dataset/Annotations/WS/116.csv
WS_116,118,ra5,"To opt out of receiving personalized advertising from Microsoft, visit our opt-out page",Description of Right to Opt-out of sale of PI,WS_116_S432;WS_116_S1086;WS_116_S2752;WS_116_S3382,C3PA_Dataset/Annotations/WS/116.csv
WS_116,119,ra5,"To opt out of receiving personalized advertising from Microsoft, visit our opt-out pag",Methods to exercise rights,WS_116_S432;WS_116_S1086;WS_116_S2752;WS_116_S3382,C3PA_Dataset/Annotations/WS/116.csv
WS_116,123,ra5,"If you would like to exercise your rights under applicable U.S. state data privacy law, you may contact Microsoft at the address above, use our web form, or call our U.S. toll free number +1 (844) 931 2038.",Methods to exercise rights,WS_116_S1129;WS_116_S3417,C3PA_Dataset/Annotations/WS/116.csv
WS_116,128,ra5,"We may also contact you regarding information and offers about other products and services, or share your contact information with Microsoft's partners.",Categories of Personal Information Collected,WS_116_S1178;WS_116_S3461,C3PA_Dataset/Annotations/WS/116.csv
WS_116,136,ra5,Microsoft Teams,Categories of Personal Information Collected,WS_116_S44;WS_116_S408;WS_116_S671;WS_116_S1312;WS_116_S1313;WS_116_S2728;WS_116_S2985;WS_116_S3585,C3PA_Dataset/Annotations/WS/116.csv
WS_116,138,ra5,"When you use OneDrive, we collect data about your usage of the service, as well as the content you store, to provide, improve, and protect the services",Categories of Personal Information Collected,WS_116_S1364;WS_116_S3634,C3PA_Dataset/Annotations/WS/116.csv
WS_116,139,ra5, Examples include indexing the contents of your OneDrive documents so that you can search for th,Categories of Personal Information Collected,WS_116_S1365;WS_116_S3635,C3PA_Dataset/Annotations/WS/116.csv
WS_116,142,ra5,"To delete the content, you need to delete it from the social network (if it was uploaded there, rather than a link to it) and from OneDrive.",Description of Right to Delete,WS_116_S1372;WS_116_S3642,C3PA_Dataset/Annotations/WS/116.csv
WS_116,143,ra5,"To delete the content, you need to delete it from the social network (if it was uploaded there, rather than a link to it) and from OneDrive.",Methods to exercise rights,WS_116_S1372;WS_116_S3642,C3PA_Dataset/Annotations/WS/116.csv
WS_116,147,ra5, Your location information is only shared if you enable location sharing for emergency calling and you initiate a 911 call.,Categories of Personal Information Shared / Disclosed,WS_116_S1413;WS_116_S3679,C3PA_Dataset/Annotations/WS/116.csv
WS_116,150,ra5,"If you do not want to use the notification services for incoming Skype calls and messages, turn it off in the settings found in the Skype application or your device.",Description of Right to Opt-out of sale of PI,WS_116_S1444;WS_116_S3710,C3PA_Dataset/Annotations/WS/116.csv
WS_116,151,ra5,"If you do not want to use the notification services for incoming Skype calls and messages, turn it off in the settings found in the Skype application or your device.",Methods to exercise rights,WS_116_S1444;WS_116_S3710,C3PA_Dataset/Annotations/WS/116.csv
WS_116,154,ra5," Bing services collect and process data in many forms, including text that has been inked or typed, voice data, and images",Categories of Personal Information Collected,WS_116_S1513;WS_116_S3770,C3PA_Dataset/Annotations/WS/116.csv
WS_116,161,ra5,"When you ask Cortana a question, whether you are speaking or typing, Cortana collects that question as a text string",Categories of Personal Information Collected,WS_116_S1574;WS_116_S3829,C3PA_Dataset/Annotations/WS/116.csv
WS_116,162,ra5,"By default, if you speak your question, Cortana also collects speech transcription data and does not collect voice clips.",Categories of Personal Information Collected,WS_116_S1577;WS_116_S3832,C3PA_Dataset/Annotations/WS/116.csv
WS_116,164,ra5,This anonymous data is used to improve the product,Categories of Personal Information Collected,WS_116_S1580;WS_116_S3835,C3PA_Dataset/Annotations/WS/116.csv
WS_116,167,ra5,"Data about how you use your browser, such as your browsing history, web form data, temporary internet files, and cookies, is stored on your device",Categories of Personal Information Collected,WS_116_S1598;WS_116_S2070;WS_116_S3851;WS_116_S4292,C3PA_Dataset/Annotations/WS/116.csv
WS_116,171,ra5,Microsoft does not use this collected data to personalize or provide ads to you,Categories of Personal Information Collected,WS_116_S1626;WS_116_S3879,C3PA_Dataset/Annotations/WS/116.csv
WS_116,174,ra5,"Separate from your search activity data mentioned above, you can choose to send optional diagnostic data about how you use Microsoft Edge and information about your browser activity, including browsing history and search terms to Microsoft to help us improve Microsoft Edge and other Microsoft products and services",Categories of Personal Information Collected,WS_116_S1639;WS_116_S3892,C3PA_Dataset/Annotations/WS/116.csv
WS_116,175,ra5,The diagnostic data collected by Microsoft Edge is transmitted to Microsoft and is stored with one or more unique identifiers that help us recognize an individual browser installation on a device and understand the browser's service issues and use patterns.,Categories of Personal Information Collected,WS_116_S1643;WS_116_S3896,C3PA_Dataset/Annotations/WS/116.csv
WS_116,177,ra5,The diagnostic data collected by Microsoft Edge is transmitted to Microsoft and is stored with one or more unique identifiers that help us recognize an individual user on a device and understand the browser's service issues and use patterns.,Categories of Personal Information Collected,WS_116_S1652;WS_116_S3905,C3PA_Dataset/Annotations/WS/116.csv
WS_116,192,ra5,This data is transmitted to Microsoft and stored with one or more unique identifiers that can help us recognize an individual user on an individual device and understand the device's service issues and use patterns.,Categories of Personal Information Collected,WS_116_S1753;WS_116_S3991,C3PA_Dataset/Annotations/WS/116.csv
WS_116,194,ra5,ome of the data described above may not be collected from your device even if you choose to send Optional diagnostic data,Categories of Personal Information Collected,WS_116_S1780;WS_116_S4018,C3PA_Dataset/Annotations/WS/116.csv
WS_116,195,ra5,Microsoft minimizes the volume of Optional diagnostic data it collects from all devices by collecting some of the data from only a subset of devices (sample). ,Categories of Personal Information Collected,WS_116_S1781;WS_116_S4019,C3PA_Dataset/Annotations/WS/116.csv
WS_116,197,ra5,We provide limited portions of error report information to partners (such as the device manufacturer) to help them troubleshoot products and services which work with Windows and other Microsoft product and services.,Categories of Personal Information Shared / Disclosed,WS_116_S1787;WS_116_S4025,C3PA_Dataset/Annotations/WS/116.csv
WS_116,198,ra5,"We may also share some aggregated, de-identified diagnostic data, such as general usage trends for Windows apps and features, with selected third parties",Categories of Personal Information Shared / Disclosed,WS_116_S1789;WS_116_S4027,C3PA_Dataset/Annotations/WS/116.csv
WS_116,202,ra5,Any feedback you provide whether using your work or school account or personal Microsoft account may be publicly viewable depending on the settings configured by your organization’s administrators. ,Categories of Personal Information Shared / Disclosed,WS_116_S1814;WS_116_S4050,C3PA_Dataset/Annotations/WS/116.csv
WS_116,203,ra5,"When you submit feedback to Microsoft about a problem or add more details to a problem, diagnostic data will be sent to Microsoft to improve Microsoft products and services",Categories of Personal Information Collected,WS_116_S1816;WS_116_S4052,C3PA_Dataset/Annotations/WS/116.csv
WS_116,204,ra5," Based on the category chosen when submitting feedback, there may be additional personal data collected that helps to further troubleshoot issues; for example, location related information when submitting feedback about location services or gaze related information when submitting feedback on Mixed Reality",Categories of Personal Information Collected,WS_116_S1818;WS_116_S4054,C3PA_Dataset/Annotations/WS/116.csv
WS_116,205,ra5,"Microsoft may also share your feedback along with the data collected when you submit your feedback with Microsoft partners (such as a device manufacturer, or firmware developer) to help them troubleshoot products and services that work with Windows and other Microsoft products and services",Categories of Personal Information Shared / Disclosed,WS_116_S1819;WS_116_S4055,C3PA_Dataset/Annotations/WS/116.csv
WS_116,210,ra5,"As part of providing Phone Link’s features to you, Microsoft collects performance, usage, and device data that includes, for example, the hardware capabilities of your mobile phone and Windows device, the number and duration of your sessions on Phone Link, and the amount of time you spent during setup.",Categories of Personal Information Collected,WS_116_S1877;WS_116_S4109,C3PA_Dataset/Annotations/WS/116.csv
WS_116,212,ra5,Microsoft collects a list of your installed Android apps and recent activity to provide the service and show you your most recently used apps. ,Categories of Personal Information Collected,WS_116_S1913;WS_116_S4145,C3PA_Dataset/Annotations/WS/116.csv
WS_116,213,ra5,"When either Microsoft Defender SmartScreen or Smart App Control checks a file, data about that file is sent to Microsoft, including the file name, a hash of the file’s contents, the download location, and the file’s digital certificates.",Categories of Personal Information Collected,WS_116_S1979;WS_116_S4209,C3PA_Dataset/Annotations/WS/116.csv
WS_116,214,ra5,"When Microsoft Defender Antivirus is turned on, or is running because Limited Periodic Scanning is enabled, it will automatically send reports to Microsoft that contain data about suspected malware and other unwanted software, potentially unwanted apps, and other malicious content, and it may also send files that could contain malicious content, such as malware or unknown files for further inspection.",Categories of Personal Information Collected,WS_116_S1985;WS_116_S4215,C3PA_Dataset/Annotations/WS/116.csv
WS_116,221,ra5," In order to provide search results, Microsoft Edge and Internet Explorer send your search queries, standard device information, and location (if you have location enabled) to your default search provider. ",Categories of Personal Information Collected,WS_116_S2093;WS_116_S4315,C3PA_Dataset/Annotations/WS/116.csv
WS_116,222,ra5," When the Maps app has access to your location, and you have enabled location-based services in Windows, when you use the “@” key to initiate a search in supported text boxes in Windows apps, Bing services collects the text you type after the “@” key to provide location-based suggestions.",Categories of Personal Information Collected,WS_116_S2105;WS_116_S4325,C3PA_Dataset/Annotations/WS/116.csv
WS_116,223,ra5," When the Maps app has access to your location, even when the app is not in use, Microsoft may collect de-identified location data from your device to improve Microsoft services. ",Categories of Personal Information Collected,WS_116_S2107;WS_116_S4327,C3PA_Dataset/Annotations/WS/116.csv
WS_116,225,ra5,Location information will be collected by Microsoft as described in the Windows Location services section of this privacy statement.,Categories of Personal Information Collected,WS_116_S2172;WS_116_S4392,C3PA_Dataset/Annotations/WS/116.csv
WS_116,226,ra5,"To augment your media information, Windows Media player will send a request to Microsoft which contains standard computer information, an identifier for the media content, and the media information already contained in your Windows Media Player library (including information you may have edited or entered yourself) so that Microsoft can recognize the track and then return additional information that is available.",Categories of Personal Information Collected,WS_116_S2195;WS_116_S4413,C3PA_Dataset/Annotations/WS/116.csv
WS_116,228,ra5," When you sign in on Xbox devices, apps, and services, the data we collect about your use is stored using these unique identifier(s).",Categories of Personal Information Collected,WS_116_S2231;WS_116_S4440,C3PA_Dataset/Annotations/WS/116.csv
WS_116,229,ra5,"When you sign up for an Xbox profile, we assign you a gamertag (a public nickname) and a unique identifier",Categories of Personal Information Collected,WS_116_S2230;WS_116_S4439,C3PA_Dataset/Annotations/WS/116.csv
WS_116,230,ra5,"When your Xbox console is connected to the internet, for instance, and you sign in to the console, we identify which console and which version of the console’s operating system you’re using.",Categories of Personal Information Collected,WS_116_S2234;WS_116_S4443,C3PA_Dataset/Annotations/WS/116.csv
WS_116,236,ra5,"To stop sharing game or app data with a publisher, remove its games or app from all devices where you have installed them",Description of Right to Opt-out of sale of PI,WS_116_S2281;WS_116_S4490,C3PA_Dataset/Annotations/WS/116.csv
WS_116,242,ra4,Personal data we collect,Categories of Personal Information Collected,WS_116_S18;WS_116_S90;WS_116_S91;WS_116_S906;WS_116_S922;WS_116_S938;WS_116_S939;WS_116_S978;WS_116_S983;WS_116_S1122;WS_116_S1709;WS_116_S2415;WS_116_S3206;WS_116_S3222;WS_116_S3238;WS_116_S3239;WS_116_S3278;WS_116_S3283;WS_116_S3410;WS_116_S3956,C3PA_Dataset/Annotations/WS/116.csv
WS_116,244,ra4,We also obtain data about you from third parties.,Categories of Personal Information Collected,WS_116_S95;WS_116_S2420,C3PA_Dataset/Annotations/WS/116.csv
WS_116,245,ra4,"Microsoft collects data from you, through our interactions with you and through our products for a variety of purposes described below, including to operate effectively and provide you with the best experiences with our products.",Categories of Personal Information Collected,WS_116_S105;WS_116_S2431,C3PA_Dataset/Annotations/WS/116.csv
WS_116,247,ra4,We also obtain data from third parties. ,Categories of Personal Information Collected,WS_116_S109;WS_116_S2435,C3PA_Dataset/Annotations/WS/116.csv
WS_116,252,ra4,"It also includes sharing data, when it is required to provide the service or carry out the transactions you request.",Categories of Personal Information Shared / Disclosed,WS_116_S219;WS_116_S233;WS_116_S2542;WS_116_S2557,C3PA_Dataset/Annotations/WS/116.csv
WS_116,254,ra4,"Advertise and market to you, which includes sending promotional communications, targeting advertising, and presenting you with relevant offers.",Categories of Personal Information Shared / Disclosed,WS_116_S222;WS_116_S2545,C3PA_Dataset/Annotations/WS/116.csv
WS_116,255,ra4,"We also use the data to operate our business, which includes analyzing our performance, meeting our legal obligations, developing our workforce, and doing research.",Categories of Personal Information Collected,WS_116_S223;WS_116_S237;WS_116_S2546;WS_116_S2561,C3PA_Dataset/Annotations/WS/116.csv
WS_116,260,ra4,Reasons we share personal data,Categories of Personal Information Shared / Disclosed,WS_116_S20;WS_116_S247;WS_116_S327;WS_116_S328;WS_116_S1023;WS_116_S1025;WS_116_S2571;WS_116_S2649;WS_116_S3323;WS_116_S3325,C3PA_Dataset/Annotations/WS/116.csv
WS_116,265,ra4,"You can request access to, erasure of, and updates to your personal data.",Description of Right to Know PI Collected,WS_116_S383;WS_116_S2703,C3PA_Dataset/Annotations/WS/116.csv
WS_116,266,ra4,"You can request access to, erasure of, and updates to your personal data.",Description of Right to Delete,WS_116_S383;WS_116_S2703,C3PA_Dataset/Annotations/WS/116.csv
WS_116,267,ra4,"You can request access to, erasure of, and updates to your personal data.",Description of Right to Correct Information,WS_116_S383;WS_116_S2703,C3PA_Dataset/Annotations/WS/116.csv
WS_116,270,ra4,Cookies and similar technologies,Categories of Personal Information Collected,WS_116_S22;WS_116_S83;WS_116_S458;WS_116_S459;WS_116_S461;WS_116_S476;WS_116_S478;WS_116_S479;WS_116_S2776;WS_116_S2778;WS_116_S2794;WS_116_S2796;WS_116_S2797;WS_116_S4623,C3PA_Dataset/Annotations/WS/116.csv
WS_116,274,ra4,"We use cookies and similar technologies for storing and honoring your preferences and settings, enabling you to sign in, providing interest-based advertising, combating fraud, analyzing how our products perform, and fulfilling other legitimate purposes. ",Categories of Personal Information Shared / Disclosed,WS_116_S461;WS_116_S2778,C3PA_Dataset/Annotations/WS/116.csv
WS_116,275,ra4,"Third party cookies may include: Social Media cookies designed to show you ads and content based on your social media profiles and activities on our websites; Analytics cookies to better understand how you and others use our websites so that we can make them better, and so the third parties can improve their own products and services; Advertising cookies to show you ads that are relevant to you; and Required cookies used to perform essential website functions. ",Categories of Personal Information Shared / Disclosed,WS_116_S465;WS_116_S2782,C3PA_Dataset/Annotations/WS/116.csv
WS_116,278,ra4,Sign-in and authentication.,Categories of Personal Information Collected,WS_116_S486;WS_116_S2804,C3PA_Dataset/Annotations/WS/116.csv
WS_116,283,ra4,"We may also use the cookies of other Microsoft affiliates, companies, and partners, such as LinkedIn and Xandr.",Categories of Personal Information Collected,WS_116_S546;WS_116_S2864,C3PA_Dataset/Annotations/WS/116.csv
WS_116,285,ra4,Some third parties can also set cookies when you visit Microsoft sites.,Categories of Personal Information Shared / Disclosed,WS_116_S549;WS_116_S2867,C3PA_Dataset/Annotations/WS/116.csv
WS_116,295,ra4,"Finally, Microsoft products often contain web beacons or similar technologies from third-party analytics providers, which help us compile aggregated statistics about the effectiveness of our promotional campaigns or other operations.",Categories of Personal Information Collected,WS_116_S595;WS_116_S2913,C3PA_Dataset/Annotations/WS/116.csv
WS_116,299,ra4,"Access and process your data, including the interaction data, diagnostic data, and the contents of your communications and files associated with your Microsoft product and product accounts.",Categories of Personal Information Shared / Disclosed,WS_116_S627;WS_116_S2942,C3PA_Dataset/Annotations/WS/116.csv
WS_116,300,ra4,"If you sign into a service offered by a third party with your Microsoft account, you will share with that third party the account data required by that service.",Categories of Personal Information Shared / Disclosed,WS_116_S657;WS_116_S2970,C3PA_Dataset/Annotations/WS/116.csv
WS_116,301,ra4,"Personal data associated with your Microsoft account includes credentials, name and contact data, payment data, device and usage data, your contacts, information about your activities, and your interests and favorites.",Categories of Personal Information Shared / Disclosed,WS_116_S651;WS_116_S659;WS_116_S2964;WS_116_S2973,C3PA_Dataset/Annotations/WS/116.csv
WS_116,310,ra4,"(ii) delete your personal data, ",Description of Right to Delete,WS_116_S922;WS_116_S3222,C3PA_Dataset/Annotations/WS/116.csv
WS_116,311,ra4,"(iii) correct your personal data,",Description of Right to Correct Information,WS_116_S922;WS_116_S3222,C3PA_Dataset/Annotations/WS/116.csv
WS_116,312,ra4,(iv) restrict the use and disclosure of your sensitive data,Description of Right to Limit use of PI,WS_116_S922;WS_116_S3222,C3PA_Dataset/Annotations/WS/116.csv
WS_116,313,ra4,v) opt-out of “sharing” your personal data with third parties for personalized advertising purposes on third party sites,Description of Right to Opt-out of sale of PI,WS_116_S922;WS_116_S3222,C3PA_Dataset/Annotations/WS/116.csv
WS_116,314,ra4,Please see our U.S. State Data Privacy Laws Notice for additional information on how to exercise these rights.,Methods to exercise rights,WS_116_S925;WS_116_S3225,C3PA_Dataset/Annotations/WS/116.csv
WS_116,323,ra4,Credentials,Categories of Personal Information Shared / Disclosed,WS_116_S133;WS_116_S322;WS_116_S651;WS_116_S659;WS_116_S741;WS_116_S946;WS_116_S985;WS_116_S1613;WS_116_S2162;WS_116_S2356;WS_116_S2459;WS_116_S2646;WS_116_S2964;WS_116_S2973;WS_116_S3053;WS_116_S3246;WS_116_S3285;WS_116_S3866;WS_116_S4382;WS_116_S4561,C3PA_Dataset/Annotations/WS/116.csv
WS_116,324,ra4,Name and contact data,Categories of Personal Information Shared / Disclosed,WS_116_S131;WS_116_S651;WS_116_S659;WS_116_S908;WS_116_S942;WS_116_S1153;WS_116_S1157;WS_116_S2457;WS_116_S2964;WS_116_S2973;WS_116_S3208;WS_116_S3242;WS_116_S3439;WS_116_S3443,C3PA_Dataset/Annotations/WS/116.csv
WS_116,326,ra4,Demographic data,Categories of Personal Information Shared / Disclosed,WS_116_S112;WS_116_S135;WS_116_S911;WS_116_S950;WS_116_S1051;WS_116_S1688;WS_116_S2438;WS_116_S2461;WS_116_S3211;WS_116_S3250;WS_116_S3347;WS_116_S3937,C3PA_Dataset/Annotations/WS/116.csv
WS_116,330,ra4,Payment data,Categories of Personal Information Shared / Disclosed,WS_116_S137;WS_116_S336;WS_116_S651;WS_116_S659;WS_116_S954;WS_116_S1155;WS_116_S1163;WS_116_S1182;WS_116_S1183;WS_116_S1682;WS_116_S2463;WS_116_S2658;WS_116_S2964;WS_116_S2973;WS_116_S3254;WS_116_S3441;WS_116_S3446;WS_116_S3465;WS_116_S3466;WS_116_S3931,C3PA_Dataset/Annotations/WS/116.csv
WS_116,333,ra4,Subscription and licensing data,Categories of Personal Information Shared / Disclosed,WS_116_S139;WS_116_S418;WS_116_S914;WS_116_S958;WS_116_S2465;WS_116_S2738;WS_116_S3214;WS_116_S3258,C3PA_Dataset/Annotations/WS/116.csv
WS_116,336,ra4,Interactions,Categories of Personal Information Shared / Disclosed,WS_116_S13;WS_116_S92;WS_116_S93;WS_116_S94;WS_116_S105;WS_116_S107;WS_116_S129;WS_116_S141;WS_116_S145;WS_116_S165;WS_116_S172;WS_116_S184;WS_116_S302;WS_116_S393;WS_116_S681;WS_116_S734;WS_116_S774;WS_116_S874;WS_116_S917;WS_116_S943;WS_116_S947;WS_116_S951;WS_116_S955;WS_116_S959;WS_116_S962;WS_116_S963;WS_116_S967;WS_116_S971;WS_116_S975;WS_116_S986;WS_116_S990;WS_116_S1002;WS_116_S1006;WS_116_S1029;WS_116_S1216;WS_116_S1995;WS_116_S2155;WS_116_S2242;WS_116_S2409;WS_116_S2417;WS_116_S2418;WS_116_S2419;WS_116_S2431;WS_116_S2433;WS_116_S2455;WS_116_S2467;WS_116_S2471;WS_116_S2491;WS_116_S2498;WS_116_S2510;WS_116_S2626;WS_116_S2713;WS_116_S2995;WS_116_S3046;WS_116_S3086;WS_116_S3176;WS_116_S3217;WS_116_S3243;WS_116_S3247;WS_116_S3251;WS_116_S3255;WS_116_S3259;WS_116_S3262;WS_116_S3263;WS_116_S3267;WS_116_S3271;WS_116_S3275;WS_116_S3286;WS_116_S3290;WS_116_S3302;WS_116_S3306;WS_116_S3329;WS_116_S3497;WS_116_S4223;WS_116_S4375;WS_116_S4451;WS_116_S4608,C3PA_Dataset/Annotations/WS/116.csv
WS_116,339,ra4,Content,Categories of Personal Information Shared / Disclosed,WS_116_S1;WS_116_S113;WS_116_S159;WS_116_S162;WS_116_S169;WS_116_S170;WS_116_S195;WS_116_S196;WS_116_S197;WS_116_S198;WS_116_S199;WS_116_S206;WS_116_S281;WS_116_S283;WS_116_S334;WS_116_S346;WS_116_S350;WS_116_S450;WS_116_S465;WS_116_S497;WS_116_S552;WS_116_S556;WS_116_S557;WS_116_S627;WS_116_S628;WS_116_S634;WS_116_S696;WS_116_S699;WS_116_S734;WS_116_S736;WS_116_S751;WS_116_S770;WS_116_S773;WS_116_S790;WS_116_S795;WS_116_S804;WS_116_S890;WS_116_S966;WS_116_S1001;WS_116_S1049;WS_116_S1050;WS_116_S1053;WS_116_S1156;WS_116_S1235;WS_116_S1251;WS_116_S1263;WS_116_S1265;WS_116_S1266;WS_116_S1268;WS_116_S1269;WS_116_S1273;WS_116_S1289;WS_116_S1298;WS_116_S1364;WS_116_S1365;WS_116_S1366;WS_116_S1367;WS_116_S1368;WS_116_S1369;WS_116_S1370;WS_116_S1371;WS_116_S1372;WS_116_S1373;WS_116_S1374;WS_116_S1375;WS_116_S1376;WS_116_S1378;WS_116_S1432;WS_116_S1459;WS_116_S1481;WS_116_S1519;WS_116_S1521;WS_116_S1594;WS_116_S1600;WS_116_S1604;WS_116_S1605;WS_116_S1628;WS_116_S1630;WS_116_S1635;WS_116_S1706;WS_116_S1711;WS_116_S1778;WS_116_S1793;WS_116_S1794;WS_116_S1800;WS_116_S1887;WS_116_S1915;WS_116_S1916;WS_116_S1918;WS_116_S1931;WS_116_S1962;WS_116_S1964;WS_116_S1965;WS_116_S1966;WS_116_S1968;WS_116_S1971;WS_116_S1979;WS_116_S1982;WS_116_S1985;WS_116_S2072;WS_116_S2084;WS_116_S2185;WS_116_S2193;WS_116_S2194;WS_116_S2195;WS_116_S2196;WS_116_S2198;WS_116_S2222;WS_116_S2228;WS_116_S2238;WS_116_S2241;WS_116_S2264;WS_116_S2266;WS_116_S2275;WS_116_S2290;WS_116_S2313;WS_116_S2315;WS_116_S2344;WS_116_S2349;WS_116_S2364;WS_116_S2365;WS_116_S2366;WS_116_S2367;WS_116_S2372;WS_116_S2374;WS_116_S2377;WS_116_S2381;WS_116_S2389;WS_116_S2390;WS_116_S2392;WS_116_S2394;WS_116_S2395;WS_116_S2439;WS_116_S2485;WS_116_S2488;WS_116_S2495;WS_116_S2496;WS_116_S2521;WS_116_S2522;WS_116_S2523;WS_116_S2524;WS_116_S2525;WS_116_S2532;WS_116_S2605;WS_116_S2607;WS_116_S2656;WS_116_S2668;WS_116_S2672;WS_116_S2770;WS_116_S2782;WS_116_S2815;WS_116_S2870;WS_116_S2874;WS_116_S2875;WS_116_S2942;WS_116_S2943;WS_116_S2949;WS_116_S3010;WS_116_S3013;WS_116_S3046;WS_116_S3048;WS_116_S3063;WS_116_S3082;WS_116_S3085;WS_116_S3102;WS_116_S3107;WS_116_S3116;WS_116_S3192;WS_116_S3266;WS_116_S3301;WS_116_S3345;WS_116_S3346;WS_116_S3349;WS_116_S3442;WS_116_S3511;WS_116_S3527;WS_116_S3539;WS_116_S3541;WS_116_S3542;WS_116_S3544;WS_116_S3545;WS_116_S3549;WS_116_S3565;WS_116_S3572;WS_116_S3634;WS_116_S3635;WS_116_S3636;WS_116_S3637;WS_116_S3638;WS_116_S3639;WS_116_S3640;WS_116_S3641;WS_116_S3642;WS_116_S3643;WS_116_S3644;WS_116_S3645;WS_116_S3646;WS_116_S3648;WS_116_S3698;WS_116_S3725;WS_116_S3745;WS_116_S3776;WS_116_S3778;WS_116_S3847;WS_116_S3853;WS_116_S3857;WS_116_S3858;WS_116_S3881;WS_116_S3883;WS_116_S3888;WS_116_S3953;WS_116_S3958;WS_116_S4016;WS_116_S4031;WS_116_S4032;WS_116_S4038;WS_116_S4119;WS_116_S4147;WS_116_S4148;WS_116_S4150;WS_116_S4163;WS_116_S4192;WS_116_S4194;WS_116_S4195;WS_116_S4196;WS_116_S4198;WS_116_S4201;WS_116_S4209;WS_116_S4212;WS_116_S4215;WS_116_S4294;WS_116_S4306;WS_116_S4405;WS_116_S4411;WS_116_S4412;WS_116_S4413;WS_116_S4414;WS_116_S4416;WS_116_S4434;WS_116_S4437;WS_116_S4447;WS_116_S4450;WS_116_S4473;WS_116_S4475;WS_116_S4484;WS_116_S4499;WS_116_S4520;WS_116_S4522;WS_116_S4549;WS_116_S4554;WS_116_S4567;WS_116_S4568;WS_116_S4569;WS_116_S4570;WS_116_S4573;WS_116_S4575;WS_116_S4578;WS_116_S4582;WS_116_S4590;WS_116_S4591;WS_116_S4593;WS_116_S4595;WS_116_S4596,C3PA_Dataset/Annotations/WS/116.csv
WS_116,343,ra4,Video or recordings,Categories of Personal Information Shared / Disclosed,WS_116_S202;WS_116_S970;WS_116_S2528;WS_116_S3270,C3PA_Dataset/Annotations/WS/116.csv
WS_116,345,ra4,Feedback and ratings,Categories of Personal Information Shared / Disclosed,WS_116_S205;WS_116_S734;WS_116_S974;WS_116_S2531;WS_116_S3046;WS_116_S3274,C3PA_Dataset/Annotations/WS/116.csv
WS_116,347,ra4,"In the list below, we outline the categories of sensitive data we collect, the sources of the sensitive data, our purposes of processing, and the categories of third party recipients with whom we share the sensitive data.",Categories of Personal Information Collected,WS_116_S982;WS_116_S3282,C3PA_Dataset/Annotations/WS/116.csv
WS_116,350,ra4,Categories of Sensitive Data,Categories of Personal Information Shared / Disclosed,WS_116_S982;WS_116_S984;WS_116_S3282;WS_116_S3284,C3PA_Dataset/Annotations/WS/116.csv
WS_116,353,ra4,Precise geo-location information,Categories of Personal Information Shared / Disclosed,WS_116_S989;WS_116_S3289,C3PA_Dataset/Annotations/WS/116.csv
WS_116,356,ra4,"Racial or ethnic origin, religious or philosophical beliefs, or union membership",Categories of Personal Information Shared / Disclosed,WS_116_S993;WS_116_S3293,C3PA_Dataset/Annotations/WS/116.csv
WS_116,359,ra4,"Medical or mental health, sex life, or sexual orientation",Categories of Personal Information Shared / Disclosed,WS_116_S997;WS_116_S3297,C3PA_Dataset/Annotations/WS/116.csv
WS_116,362,ra4,"Contents of your mail, email, or text messages (where Microsoft is not the intended recipient of the communication)",Categories of Personal Information Shared / Disclosed,WS_116_S1001;WS_116_S3301,C3PA_Dataset/Annotations/WS/116.csv
WS_116,365,ra4,Personal data collected from a known child under 13 years of age,Categories of Personal Information Shared / Disclosed,WS_116_S1005;WS_116_S3305,C3PA_Dataset/Annotations/WS/116.csv
WS_116,367,ra4,Advertising,Categories of Personal Information Collected,WS_116_S32;WS_116_S59;WS_116_S222;WS_116_S236;WS_116_S300;WS_116_S302;WS_116_S303;WS_116_S304;WS_116_S331;WS_116_S363;WS_116_S374;WS_116_S431;WS_116_S432;WS_116_S439;WS_116_S440;WS_116_S442;WS_116_S455;WS_116_S461;WS_116_S462;WS_116_S465;WS_116_S476;WS_116_S477;WS_116_S484;WS_116_S500;WS_116_S501;WS_116_S502;WS_116_S503;WS_116_S520;WS_116_S522;WS_116_S523;WS_116_S544;WS_116_S545;WS_116_S561;WS_116_S562;WS_116_S563;WS_116_S582;WS_116_S587;WS_116_S644;WS_116_S903;WS_116_S904;WS_116_S905;WS_116_S909;WS_116_S910;WS_116_S912;WS_116_S913;WS_116_S915;WS_116_S916;WS_116_S918;WS_116_S919;WS_116_S920;WS_116_S922;WS_116_S931;WS_116_S932;WS_116_S1013;WS_116_S1029;WS_116_S1039;WS_116_S1040;WS_116_S1041;WS_116_S1043;WS_116_S1046;WS_116_S1048;WS_116_S1052;WS_116_S1054;WS_116_S1055;WS_116_S1056;WS_116_S1057;WS_116_S1060;WS_116_S1061;WS_116_S1062;WS_116_S1064;WS_116_S1065;WS_116_S1066;WS_116_S1068;WS_116_S1070;WS_116_S1071;WS_116_S1073;WS_116_S1075;WS_116_S1078;WS_116_S1079;WS_116_S1080;WS_116_S1086;WS_116_S1533;WS_116_S1631;WS_116_S1733;WS_116_S1734;WS_116_S1735;WS_116_S1736;WS_116_S1737;WS_116_S1738;WS_116_S1739;WS_116_S1740;WS_116_S1741;WS_116_S1742;WS_116_S1743;WS_116_S1744;WS_116_S1745;WS_116_S1747;WS_116_S2353;WS_116_S2545;WS_116_S2560;WS_116_S2624;WS_116_S2626;WS_116_S2627;WS_116_S2628;WS_116_S2652;WS_116_S2682;WS_116_S2694;WS_116_S2751;WS_116_S2752;WS_116_S2759;WS_116_S2760;WS_116_S2762;WS_116_S2775;WS_116_S2778;WS_116_S2779;WS_116_S2782;WS_116_S2794;WS_116_S2795;WS_116_S2802;WS_116_S2818;WS_116_S2819;WS_116_S2820;WS_116_S2821;WS_116_S2838;WS_116_S2840;WS_116_S2841;WS_116_S2862;WS_116_S2863;WS_116_S2879;WS_116_S2880;WS_116_S2881;WS_116_S2900;WS_116_S2905;WS_116_S2959;WS_116_S3203;WS_116_S3204;WS_116_S3205;WS_116_S3209;WS_116_S3210;WS_116_S3212;WS_116_S3213;WS_116_S3215;WS_116_S3216;WS_116_S3218;WS_116_S3219;WS_116_S3220;WS_116_S3222;WS_116_S3231;WS_116_S3232;WS_116_S3313;WS_116_S3329;WS_116_S3336;WS_116_S3337;WS_116_S3339;WS_116_S3342;WS_116_S3344;WS_116_S3348;WS_116_S3350;WS_116_S3351;WS_116_S3352;WS_116_S3353;WS_116_S3356;WS_116_S3357;WS_116_S3358;WS_116_S3360;WS_116_S3361;WS_116_S3362;WS_116_S3364;WS_116_S3366;WS_116_S3367;WS_116_S3369;WS_116_S3371;WS_116_S3374;WS_116_S3375;WS_116_S3376;WS_116_S3382;WS_116_S3790;WS_116_S3884;WS_116_S3974;WS_116_S3975;WS_116_S3976;WS_116_S3977;WS_116_S3978;WS_116_S3979;WS_116_S3980;WS_116_S3981;WS_116_S3982;WS_116_S3983;WS_116_S3984;WS_116_S3985;WS_116_S3987;WS_116_S4558;WS_116_S4613;WS_116_S4617,C3PA_Dataset/Annotations/WS/116.csv
WS_116,370,ra4,"The ads that you see may be selected based on data we process about you, such as your interests and favorites, your location, your transactions, how you use our products, your search queries, or the content you view.",Categories of Personal Information Collected,WS_116_S1049;WS_116_S3345,C3PA_Dataset/Annotations/WS/116.csv
WS_116,371,ra4,"The ads that you see may also be selected based on other information learned about you over time using demographic data, location data, search queries, interests and favorites, usage data from our products and sites, and the information we collect about you from the sites and apps of our advertisers and partners. ",Categories of Personal Information Collected,WS_116_S1051;WS_116_S3347,C3PA_Dataset/Annotations/WS/116.csv
WS_116,372,ra4,We may use information about you to serve you with personalized advertising when you use Microsoft services. ,Categories of Personal Information Collected,WS_116_S1056;WS_116_S3352,C3PA_Dataset/Annotations/WS/116.csv
WS_116,375,ra4,"As a result, previews can automatically collect additional data, provide fewer controls, and otherwise employ different privacy and security measures than those typically present in our products",Categories of Personal Information Collected,WS_116_S1104;WS_116_S3396,C3PA_Dataset/Annotations/WS/116.csv
WS_116,378,ra4,"If you would like to exercise your rights under applicable U.S. state data privacy law, you may contact Microsoft at the address above, use our web form, or call our U.S. toll free number +1 (844) 931 2038",Methods to exercise rights,WS_116_S1129;WS_116_S3417,C3PA_Dataset/Annotations/WS/116.csv
WS_116,380,ra4,"The Enterprise and Developer Products enable you to purchase, subscribe to, or use other products and online services from Microsoft or third parties with different privacy practices, and those other products and online services are governed by their respective privacy statements and policies.",Categories of Personal Information Collected,WS_116_S1158;WS_116_S3444,C3PA_Dataset/Annotations/WS/116.csv
WS_116,381,ra4,"To provide the Enterprise Online Services, Microsoft uses data you provide (including Customer Data, Personal Data, Administrator Data, Payment Data, and Support Data) and data Microsoft collects or generates associated with your use of the Enterprise Online Services",Categories of Personal Information Collected,WS_116_S1163;WS_116_S3446,C3PA_Dataset/Annotations/WS/116.csv
WS_116,384,ra4,"We may also contact you regarding information and offers about other products and services, or share your contact information with Microsoft's partners. ",Categories of Personal Information Collected,WS_116_S1178;WS_116_S3461,C3PA_Dataset/Annotations/WS/116.csv
WS_116,394,ra4,"Required service data about these services is collected and sent to Microsoft, regardless of any other settings that you have configured",Categories of Personal Information Collected,WS_116_S1282;WS_116_S3558,C3PA_Dataset/Annotations/WS/116.csv
WS_116,396,ra4,"Required service data can include information related to the operation of the connected experience that is needed to keep the underlying service secure, up to date, and performing as expected.",Categories of Personal Information Collected,WS_116_S1288;WS_116_S3564,C3PA_Dataset/Annotations/WS/116.csv
WS_116,397,ra4,"When you have enabled family activity reporting for a child, Microsoft will collect details about how the child uses their devices, such as search, web, app, and game activity, and provide parents with reports of that child's online activities.",Categories of Personal Information Collected,WS_116_S1301;WS_116_S3575,C3PA_Dataset/Annotations/WS/116.csv
WS_116,399,ra4,Microsoft Family,Categories of Personal Information Collected,WS_116_S43;WS_116_S715;WS_116_S719;WS_116_S727;WS_116_S738;WS_116_S761;WS_116_S813;WS_116_S816;WS_116_S1008;WS_116_S1294;WS_116_S1295;WS_116_S1296;WS_116_S1297;WS_116_S1298;WS_116_S1300;WS_116_S1350;WS_116_S1954;WS_116_S1955;WS_116_S1956;WS_116_S2285;WS_116_S2286;WS_116_S3026;WS_116_S3030;WS_116_S3039;WS_116_S3050;WS_116_S3073;WS_116_S3125;WS_116_S3128;WS_116_S3308;WS_116_S3569;WS_116_S3570;WS_116_S3571;WS_116_S3572;WS_116_S3574;WS_116_S3622;WS_116_S4184;WS_116_S4185;WS_116_S4186;WS_116_S4494;WS_116_S4495,C3PA_Dataset/Annotations/WS/116.csv
WS_116,400,ra4,Microsoft Teams,Categories of Personal Information Collected,WS_116_S44;WS_116_S408;WS_116_S671;WS_116_S1312;WS_116_S1313;WS_116_S2728;WS_116_S2985;WS_116_S3585,C3PA_Dataset/Annotations/WS/116.csv
WS_116,401,ra4,"As part of providing these features, Microsoft collects data about the usage of the features as well as information about your communications, including the time and date of the communication and users that are part of the communication.",Categories of Personal Information Collected,WS_116_S1321;WS_116_S3593,C3PA_Dataset/Annotations/WS/116.csv
WS_116,402,ra4,"To enable other people to find you on Teams (or products that interact with Teams for personal use, including Teams for enterprise) your display name and picture are visible to other users on Teams that have your contact information.",Categories of Personal Information Shared / Disclosed,WS_116_S1324;WS_116_S3596,C3PA_Dataset/Annotations/WS/116.csv
WS_116,405,ra4,"When you use OneDrive, we collect data about your usage of the service, as well as the content you store, to provide, improve, and protect the services.",Categories of Personal Information Collected,WS_116_S1364;WS_116_S3634,C3PA_Dataset/Annotations/WS/116.csv
WS_116,406,ra4,OneDrive,Categories of Personal Information Collected,WS_116_S45;WS_116_S106;WS_116_S252;WS_116_S281;WS_116_S334;WS_116_S346;WS_116_S410;WS_116_S411;WS_116_S877;WS_116_S1263;WS_116_S1359;WS_116_S1360;WS_116_S1361;WS_116_S1363;WS_116_S1364;WS_116_S1365;WS_116_S1367;WS_116_S1370;WS_116_S1372;WS_116_S1373;WS_116_S1376;WS_116_S1379;WS_116_S1380;WS_116_S1806;WS_116_S1946;WS_116_S2128;WS_116_S2129;WS_116_S2133;WS_116_S2216;WS_116_S2432;WS_116_S2576;WS_116_S2605;WS_116_S2656;WS_116_S2668;WS_116_S2730;WS_116_S2731;WS_116_S3179;WS_116_S3539;WS_116_S3630;WS_116_S3631;WS_116_S3633;WS_116_S3634;WS_116_S3635;WS_116_S3637;WS_116_S3640;WS_116_S3642;WS_116_S3643;WS_116_S3646;WS_116_S3649;WS_116_S3650;WS_116_S4044;WS_116_S4176;WS_116_S4348;WS_116_S4349;WS_116_S4353;WS_116_S4430;WS_116_S4615,C3PA_Dataset/Annotations/WS/116.csv
WS_116,407,ra4,"We also collect device information so we can deliver personalized experiences, such as enabling you to sync content across devices and roam customized settings.",Categories of Personal Information Collected,WS_116_S1366;WS_116_S3636,C3PA_Dataset/Annotations/WS/116.csv
WS_116,408,ra4,"OneDrive for Business collects and transmits personal data for authentication, such as your email address and password, which will be transmitted to Microsoft and/or to the provider of your Microsoft 365 or Office 365 service.",Categories of Personal Information Collected,WS_116_S1380;WS_116_S3650,C3PA_Dataset/Annotations/WS/116.csv
WS_116,409,ra4,Outlook,Categories of Personal Information Collected,WS_116_S46;WS_116_S198;WS_116_S281;WS_116_S346;WS_116_S412;WS_116_S413;WS_116_S716;WS_116_S724;WS_116_S877;WS_116_S878;WS_116_S1231;WS_116_S1234;WS_116_S1275;WS_116_S1326;WS_116_S1328;WS_116_S1329;WS_116_S1332;WS_116_S1335;WS_116_S1382;WS_116_S1383;WS_116_S1384;WS_116_S1385;WS_116_S1386;WS_116_S1387;WS_116_S1388;WS_116_S1389;WS_116_S1391;WS_116_S1392;WS_116_S1393;WS_116_S1394;WS_116_S1395;WS_116_S1396;WS_116_S1397;WS_116_S1399;WS_116_S1400;WS_116_S1415;WS_116_S1416;WS_116_S1420;WS_116_S1423;WS_116_S1426;WS_116_S2524;WS_116_S2605;WS_116_S2668;WS_116_S2732;WS_116_S2733;WS_116_S3027;WS_116_S3036;WS_116_S3179;WS_116_S3180;WS_116_S3507;WS_116_S3510;WS_116_S3551;WS_116_S3598;WS_116_S3600;WS_116_S3601;WS_116_S3604;WS_116_S3607;WS_116_S3651;WS_116_S3652;WS_116_S3653;WS_116_S3654;WS_116_S3655;WS_116_S3656;WS_116_S3657;WS_116_S3659;WS_116_S3660;WS_116_S3661;WS_116_S3662;WS_116_S3663;WS_116_S3664;WS_116_S3665;WS_116_S3667;WS_116_S3668;WS_116_S3681;WS_116_S3682;WS_116_S3686;WS_116_S3689;WS_116_S3692;WS_116_S4615,C3PA_Dataset/Annotations/WS/116.csv
WS_116,410,ra4,"When the Deleted Items folder is emptied, those emptied items remain in our system for up to 30 days before final deletion, unless we are legally required to retain the data for longer.",Categories of Personal Information Collected,WS_116_S1390;WS_116_S3658,C3PA_Dataset/Annotations/WS/116.csv
WS_116,412,ra4,Skype,Categories of Personal Information Collected,WS_116_S47;WS_116_S197;WS_116_S414;WS_116_S415;WS_116_S416;WS_116_S671;WS_116_S716;WS_116_S724;WS_116_S829;WS_116_S1326;WS_116_S1328;WS_116_S1329;WS_116_S1332;WS_116_S1335;WS_116_S1402;WS_116_S1403;WS_116_S1404;WS_116_S1405;WS_116_S1407;WS_116_S1408;WS_116_S1409;WS_116_S1414;WS_116_S1415;WS_116_S1416;WS_116_S1419;WS_116_S1423;WS_116_S1424;WS_116_S1425;WS_116_S1426;WS_116_S1427;WS_116_S1429;WS_116_S1430;WS_116_S1433;WS_116_S1434;WS_116_S1435;WS_116_S1437;WS_116_S1439;WS_116_S1441;WS_116_S1444;WS_116_S1446;WS_116_S1452;WS_116_S1457;WS_116_S1459;WS_116_S1464;WS_116_S1465;WS_116_S1672;WS_116_S2308;WS_116_S2413;WS_116_S2523;WS_116_S2734;WS_116_S2735;WS_116_S2736;WS_116_S2985;WS_116_S3027;WS_116_S3036;WS_116_S3141;WS_116_S3598;WS_116_S3600;WS_116_S3601;WS_116_S3604;WS_116_S3607;WS_116_S3669;WS_116_S3670;WS_116_S3671;WS_116_S3673;WS_116_S3674;WS_116_S3675;WS_116_S3680;WS_116_S3681;WS_116_S3682;WS_116_S3685;WS_116_S3689;WS_116_S3690;WS_116_S3691;WS_116_S3692;WS_116_S3693;WS_116_S3695;WS_116_S3696;WS_116_S3699;WS_116_S3700;WS_116_S3701;WS_116_S3703;WS_116_S3705;WS_116_S3707;WS_116_S3710;WS_116_S3712;WS_116_S3718;WS_116_S3723;WS_116_S3725;WS_116_S3730;WS_116_S3731;WS_116_S3923;WS_116_S4517;WS_116_S4612;WS_116_S4615,C3PA_Dataset/Annotations/WS/116.csv
WS_116,413,ra4,"As part of providing these features, Microsoft collects usage data about your communications that includes the time and date of the communication and the numbers or user names that are part of the communication.",Categories of Personal Information Collected,WS_116_S1406;WS_116_S3672,C3PA_Dataset/Annotations/WS/116.csv
WS_116,421,ra4,"When you set up a group, you will be the Skype Manager Administrator and can see the patterns of usage, including detailed information, like traffic data and details of purchases, of other members of the group who have consented to such access. ",Categories of Personal Information Collected,WS_116_S1435;WS_116_S3701,C3PA_Dataset/Annotations/WS/116.csv
WS_116,422,ra4,"When you set up a group, you will be the Skype Manager Administrator and can see the patterns of usage, including detailed information, like traffic data and details of purchases, of other members of the group who have consented to such access. ",Categories of Personal Information Shared / Disclosed,WS_116_S1435;WS_116_S3701,C3PA_Dataset/Annotations/WS/116.csv
WS_116,423,ra4,"That data could include, for example, your private content, such as the content of your instant messages, stored video messages, voicemails, or file transfers.",Categories of Personal Information Collected,WS_116_S1432;WS_116_S3698,C3PA_Dataset/Annotations/WS/116.csv
WS_116,430,ra4,Surface Duo,Categories of Personal Information Collected,WS_116_S48;WS_116_S1469;WS_116_S1470;WS_116_S1471;WS_116_S1472;WS_116_S1473;WS_116_S1474;WS_116_S1479;WS_116_S1480;WS_116_S1484;WS_116_S1487;WS_116_S1488;WS_116_S1489;WS_116_S1490;WS_116_S1492;WS_116_S1494;WS_116_S1495;WS_116_S1496;WS_116_S1497;WS_116_S1498;WS_116_S3734;WS_116_S3735;WS_116_S3736;WS_116_S3737;WS_116_S3738;WS_116_S3743;WS_116_S3744;WS_116_S3748;WS_116_S3751;WS_116_S3752;WS_116_S3753;WS_116_S3754;WS_116_S3756;WS_116_S3758;WS_116_S3759;WS_116_S3760;WS_116_S3761;WS_116_S3762,C3PA_Dataset/Annotations/WS/116.csv
WS_116,433,ra4,Bing,Categories of Personal Information Collected,WS_116_S51;WS_116_S106;WS_116_S180;WS_116_S253;WS_116_S259;WS_116_S395;WS_116_S396;WS_116_S397;WS_116_S885;WS_116_S1045;WS_116_S1050;WS_116_S1191;WS_116_S1192;WS_116_S1235;WS_116_S1510;WS_116_S1511;WS_116_S1512;WS_116_S1513;WS_116_S1514;WS_116_S1515;WS_116_S1516;WS_116_S1518;WS_116_S1519;WS_116_S1520;WS_116_S1521;WS_116_S1522;WS_116_S1523;WS_116_S1525;WS_116_S1527;WS_116_S1528;WS_116_S1531;WS_116_S1532;WS_116_S1533;WS_116_S1534;WS_116_S1535;WS_116_S1539;WS_116_S1541;WS_116_S1544;WS_116_S1546;WS_116_S1550;WS_116_S1551;WS_116_S1552;WS_116_S1553;WS_116_S1554;WS_116_S1555;WS_116_S1560;WS_116_S1561;WS_116_S1562;WS_116_S1575;WS_116_S1576;WS_116_S1584;WS_116_S1585;WS_116_S1622;WS_116_S1623;WS_116_S1635;WS_116_S1636;WS_116_S1653;WS_116_S1664;WS_116_S2090;WS_116_S2091;WS_116_S2094;WS_116_S2104;WS_116_S2105;WS_116_S2106;WS_116_S2178;WS_116_S2179;WS_116_S2187;WS_116_S2217;WS_116_S2351;WS_116_S2432;WS_116_S2506;WS_116_S2577;WS_116_S2583;WS_116_S2715;WS_116_S2716;WS_116_S2717;WS_116_S3187;WS_116_S3341;WS_116_S3346;WS_116_S3474;WS_116_S3475;WS_116_S3511;WS_116_S3768;WS_116_S3769;WS_116_S3770;WS_116_S3771;WS_116_S3772;WS_116_S3773;WS_116_S3775;WS_116_S3776;WS_116_S3777;WS_116_S3778;WS_116_S3779;WS_116_S3780;WS_116_S3782;WS_116_S3784;WS_116_S3785;WS_116_S3788;WS_116_S3789;WS_116_S3790;WS_116_S3791;WS_116_S3792;WS_116_S3796;WS_116_S3798;WS_116_S3801;WS_116_S3803;WS_116_S3807;WS_116_S3808;WS_116_S3809;WS_116_S3810;WS_116_S3811;WS_116_S3812;WS_116_S3817;WS_116_S3818;WS_116_S3819;WS_116_S3830;WS_116_S3831;WS_116_S3839;WS_116_S3840;WS_116_S3875;WS_116_S3876;WS_116_S3888;WS_116_S3889;WS_116_S3906;WS_116_S3915;WS_116_S4312;WS_116_S4313;WS_116_S4316;WS_116_S4324;WS_116_S4325;WS_116_S4326;WS_116_S4398;WS_116_S4399;WS_116_S4407;WS_116_S4431;WS_116_S4556;WS_116_S4616,C3PA_Dataset/Annotations/WS/116.csv
WS_116,434,ra4,"When you conduct a search, or use a feature of a Bing-powered experience that involves conducting a search or entering a command on your behalf, Microsoft will collect the searches or commands you provide (which may be in the form of text, voice data, or an image), along with your IP address, location, the unique identifiers contained in our cookies or similar technologies, the time and date of your search, and your browser configuration. ",Categories of Personal Information Collected,WS_116_S1515;WS_116_S3772,C3PA_Dataset/Annotations/WS/116.csv
WS_116,440,ra4,"Clearing your history prevents that history from being displayed in your Search History or chat history, but does not delete information from our search logs, which are retained and de-identified as described above or as you have instructed through the privacy dashboard",Categories of Personal Information Collected,WS_116_S1549;WS_116_S3806,C3PA_Dataset/Annotations/WS/116.csv
WS_116,441,ra4,"However, if you are using Bing Chat for Enterprise while signed-in to a work or school Microsoft account, your Bing Chat for Enterprise conversations will not be saved or stored",Categories of Personal Information Collected,WS_116_S1552;WS_116_S3809,C3PA_Dataset/Annotations/WS/116.csv
WS_116,444,ra4,"When you ask Cortana a question, whether you are speaking or typing, Cortana collects that question as a text string.",Categories of Personal Information Collected,WS_116_S1574;WS_116_S3829,C3PA_Dataset/Annotations/WS/116.csv
WS_116,447,ra4,"Data about how you use your browser, such as your browsing history, web form data, temporary internet files, and cookies, is stored on your device.",Categories of Personal Information Collected,WS_116_S1598;WS_116_S2070;WS_116_S3851;WS_116_S4292,C3PA_Dataset/Annotations/WS/116.csv
WS_116,450,ra4,Microsoft Edge sends the information you type into the browser address bar to the default search provider configured in the address bar to offer search recommendations as you type each character.,Categories of Personal Information Collected,WS_116_S1619;WS_116_S3872,C3PA_Dataset/Annotations/WS/116.csv
WS_116,451,ra4,Microsoft Edge sends the information you type into the browser address bar to the default search provider configured in the address bar to offer search recommendations as you type each character.,Categories of Personal Information Shared / Disclosed,WS_116_S1619;WS_116_S3872,C3PA_Dataset/Annotations/WS/116.csv
WS_116,453,ra4,Microsoft does not use this collected data to personalize or provide ads to you,Categories of Personal Information Collected,WS_116_S1626;WS_116_S3879,C3PA_Dataset/Annotations/WS/116.csv
WS_116,454,ra4,Microsoft Edge downloads content from Microsoft services to enhance your browsing experiences,Categories of Personal Information Collected,WS_116_S1628;WS_116_S3881,C3PA_Dataset/Annotations/WS/116.csv
WS_116,455,ra4,"Microsoft Edge browsing activity includes your history, favorites, usage data, web content, and other browsing data.",Categories of Personal Information Collected,WS_116_S1630;WS_116_S3883,C3PA_Dataset/Annotations/WS/116.csv
WS_116,458,ra4,"Separate from your search activity data mentioned above, you can choose to send optional diagnostic data about how you use Microsoft Edge and information about your browser activity, including browsing history and search terms to Microsoft to help us improve Microsoft Edge and other Microsoft products and services",Categories of Personal Information Collected,WS_116_S1639;WS_116_S3892,C3PA_Dataset/Annotations/WS/116.csv
WS_116,460,ra4,Microsoft Translator,Categories of Personal Information Collected,WS_116_S54;WS_116_S1660;WS_116_S1661;WS_116_S1662;WS_116_S1663;WS_116_S1665;WS_116_S1666;WS_116_S1667;WS_116_S1668;WS_116_S1670;WS_116_S3912;WS_116_S3913;WS_116_S3914;WS_116_S3916;WS_116_S3917;WS_116_S3918;WS_116_S3919;WS_116_S3921,C3PA_Dataset/Annotations/WS/116.csv
WS_116,462,ra4,SwiftKey,Categories of Personal Information Collected,WS_116_S55;WS_116_S1674;WS_116_S1675;WS_116_S1676;WS_116_S1678;WS_116_S1680;WS_116_S1682;WS_116_S1683;WS_116_S1684;WS_116_S1686;WS_116_S1687;WS_116_S1688;WS_116_S1691;WS_116_S1693;WS_116_S1695;WS_116_S1698;WS_116_S1699;WS_116_S1700;WS_116_S1702;WS_116_S3924;WS_116_S3925;WS_116_S3927;WS_116_S3929;WS_116_S3931;WS_116_S3932;WS_116_S3933;WS_116_S3935;WS_116_S3936;WS_116_S3937;WS_116_S3940;WS_116_S3942;WS_116_S3944;WS_116_S3947;WS_116_S3948;WS_116_S3949;WS_116_S3951;WS_116_S4616,C3PA_Dataset/Annotations/WS/116.csv
WS_116,466,ra4,"You may also opt in to share your language, typing data, and/or voice clips for the purposes of improving Microsoft products and services.",Categories of Personal Information Collected,WS_116_S1690;WS_116_S3939,C3PA_Dataset/Annotations/WS/116.csv
WS_116,469,ra4,"In order to provide this computing experience, we collect data about you, your device, and the way you use Windows. ",Categories of Personal Information Collected,WS_116_S1708;WS_116_S3955,C3PA_Dataset/Annotations/WS/116.csv
WS_116,472,ra4,"On phones running Windows, device and network identifiers, as well as device location at the time of the first power-up of the device, are also sent to Microsoft for the purpose of warranty registration, stock replenishment, and fraud prevention.",Categories of Personal Information Collected,WS_116_S1722;WS_116_S3966,C3PA_Dataset/Annotations/WS/116.csv
WS_116,473,ra4,Activation,Categories of Personal Information Collected,WS_116_S57;WS_116_S65;WS_116_S266;WS_116_S267;WS_116_S1717;WS_116_S1718;WS_116_S1989;WS_116_S1990;WS_116_S2009;WS_116_S2015;WS_116_S2018;WS_116_S2019;WS_116_S2020;WS_116_S2590;WS_116_S2591;WS_116_S3962;WS_116_S4218;WS_116_S4237;WS_116_S4243;WS_116_S4246;WS_116_S4247;WS_116_S4248;WS_116_S4617,C3PA_Dataset/Annotations/WS/116.csv
WS_116,475,ra4,"Once your activity history is in the cloud, Microsoft uses that data to enable cross-device experiences, to provide you with the ability to continue those activities on other devices, to provide personalized experiences (such as ordering your activities based on duration of use) and relevant suggestions (such as anticipating what your needs might be based on your activity history), and to help improve Microsoft products",Categories of Personal Information Collected,WS_116_S1729;WS_116_S3971,C3PA_Dataset/Annotations/WS/116.csv
WS_116,476,ra4,Advertising ID,Categories of Personal Information Collected,WS_116_S59;WS_116_S439;WS_116_S462;WS_116_S477;WS_116_S1046;WS_116_S1733;WS_116_S1734;WS_116_S1735;WS_116_S1736;WS_116_S1737;WS_116_S1738;WS_116_S1739;WS_116_S1740;WS_116_S1741;WS_116_S1742;WS_116_S1743;WS_116_S1744;WS_116_S2759;WS_116_S2779;WS_116_S2795;WS_116_S3342;WS_116_S3974;WS_116_S3975;WS_116_S3976;WS_116_S3977;WS_116_S3978;WS_116_S3979;WS_116_S3980;WS_116_S3981;WS_116_S3982;WS_116_S3983;WS_116_S3984,C3PA_Dataset/Annotations/WS/116.csv
WS_116,478,ra4,Diagnostics,Categories of Personal Information Collected,WS_116_S60;WS_116_S1641;WS_116_S1749;WS_116_S1750;WS_116_S1763;WS_116_S1768;WS_116_S1775;WS_116_S1783;WS_116_S1784;WS_116_S1817;WS_116_S3894;WS_116_S3988;WS_116_S4001;WS_116_S4006;WS_116_S4013;WS_116_S4021;WS_116_S4022;WS_116_S4053;WS_116_S4617,C3PA_Dataset/Annotations/WS/116.csv
WS_116,484,ra4,"If you choose to turn on Tailored experiences, we will use your Windows diagnostic data (Required or Optional as you have selected) to offer you personalized tips, ads, and recommendations to enhance Microsoft experiences",Categories of Personal Information Collected,WS_116_S1797;WS_116_S4035,C3PA_Dataset/Annotations/WS/116.csv
WS_116,486,ra4,Feedback Hub,Categories of Personal Information Collected,WS_116_S61;WS_116_S1809;WS_116_S1810;WS_116_S1811;WS_116_S1812;WS_116_S1815;WS_116_S1817;WS_116_S2182;WS_116_S2183;WS_116_S4046;WS_116_S4047;WS_116_S4048;WS_116_S4051;WS_116_S4053;WS_116_S4402;WS_116_S4403,C3PA_Dataset/Annotations/WS/116.csv
WS_116,487,ra4,Feedback Hub is a preinstalled app that provides a way to gather feedback on Microsoft products and installed first party and third-party apps.,Categories of Personal Information Collected,WS_116_S1811;WS_116_S4047,C3PA_Dataset/Annotations/WS/116.csv
WS_116,489,ra4,Signing in with your work or school account allows you to submit feedback to Microsoft in association with your organization.,Categories of Personal Information Collected,WS_116_S1813;WS_116_S4049,C3PA_Dataset/Annotations/WS/116.csv
WS_116,490,ra4,"When you submit feedback to Microsoft about a problem or add more details to a problem, diagnostic data will be sent to Microsoft to improve Microsoft products and services.",Categories of Personal Information Collected,WS_116_S1816;WS_116_S4052,C3PA_Dataset/Annotations/WS/116.csv
WS_116,491,ra4,"Based on the category chosen when submitting feedback, there may be additional personal data collected that helps to further troubleshoot issues; for example, location related information when submitting feedback about location services or gaze related information when submitting feedback on Mixed Reality. ",Categories of Personal Information Collected,WS_116_S1818;WS_116_S4054,C3PA_Dataset/Annotations/WS/116.csv
WS_116,492,ra4,"Microsoft may also share your feedback along with the data collected when you submit your feedback with Microsoft partners (such as a device manufacturer, or firmware developer) to help them troubleshoot products and services that work with Windows and other Microsoft products and services",Categories of Personal Information Shared / Disclosed,WS_116_S1819;WS_116_S4055,C3PA_Dataset/Annotations/WS/116.csv
WS_116,493,ra4,Location services and recording,Categories of Personal Information Collected,WS_116_S62;WS_116_S992;WS_116_S1822;WS_116_S1823;WS_116_S3292;WS_116_S4057,C3PA_Dataset/Annotations/WS/116.csv
WS_116,494,ra4,Windows location service. ,Categories of Personal Information Collected,WS_116_S1824;WS_116_S4058,C3PA_Dataset/Annotations/WS/116.csv
WS_116,497,ra4,"When an app or feature accesses the device’s location and you are signed in with a Microsoft account, your Windows device will also upload its location to the cloud where it is available across your devices to other apps or services that use your Microsoft account and for which you’ve granted permission. ",Categories of Personal Information Shared / Disclosed,WS_116_S1832;WS_116_S4066,C3PA_Dataset/Annotations/WS/116.csv
WS_116,498,ra4,"Data about a Windows device's recent location history is also stored on the device even if not using a Microsoft account, and certain apps and Windows features can access this location history. ",Categories of Personal Information Shared / Disclosed,WS_116_S1834;WS_116_S4068,C3PA_Dataset/Annotations/WS/116.csv
WS_116,499,ra4,"In addition, to facilitate getting help in an emergency, whenever you make an emergency call, Windows will attempt to determine and share your precise location, regardless of your location settings.",Categories of Personal Information Collected,WS_116_S1845;WS_116_S4079,C3PA_Dataset/Annotations/WS/116.csv
WS_116,500,ra4,"In addition, to facilitate getting help in an emergency, whenever you make an emergency call, Windows will attempt to determine and share your precise location, regardless of your location settings.",Categories of Personal Information Shared / Disclosed,WS_116_S1845;WS_116_S4079,C3PA_Dataset/Annotations/WS/116.csv
WS_116,501,ra4,Phone Link - Link to Windows,Categories of Personal Information Collected,WS_116_S63;WS_116_S1864;WS_116_S1865;WS_116_S1866;WS_116_S4097;WS_116_S4098,C3PA_Dataset/Annotations/WS/116.csv
WS_116,503,ra4,"As part of providing Phone Link’s features to you, Microsoft collects performance, usage, and device data that includes, for example, the hardware capabilities of your mobile phone and Windows device, the number and duration of your sessions on Phone Link, and the amount of time you spent during setup.",Categories of Personal Information Collected,WS_116_S1877;WS_116_S4109,C3PA_Dataset/Annotations/WS/116.csv
WS_116,504,ra4,We never store your text messages on our servers or change or delete any text messages on your Android phone.,Categories of Personal Information Collected,WS_116_S1885;WS_116_S4117,C3PA_Dataset/Annotations/WS/116.csv
WS_116,506,ra4,We never store your photos on our servers or change or delete any photos on your Android phone.,Categories of Personal Information Collected,WS_116_S1900;WS_116_S4132,C3PA_Dataset/Annotations/WS/116.csv
WS_116,507,ra4,Microsoft collects a list of your installed Android apps and recent activity to provide the service and show you your most recently used apps.,Categories of Personal Information Collected,WS_116_S1913;WS_116_S4145,C3PA_Dataset/Annotations/WS/116.csv
WS_116,508,ra4,Microsoft does not store what apps you have installed or any of the information displayed by the app in your experience with it.,Categories of Personal Information Collected,WS_116_S1914;WS_116_S4146,C3PA_Dataset/Annotations/WS/116.csv
WS_116,509,ra4,Your contacts information is stored online and associated with your Microsoft account.,Categories of Personal Information Collected,WS_116_S1926;WS_116_S4158,C3PA_Dataset/Annotations/WS/116.csv
WS_116,511,ra4,"During a malware check, a report will be sent to Microsoft with specific data about malware detected, errors, and other data about your device. ",Categories of Personal Information Collected,WS_116_S1952;WS_116_S4182,C3PA_Dataset/Annotations/WS/116.csv
WS_116,512,ra4,"When Family activity reporting is turned on for a child, Microsoft will collect details about how the child uses their device and provide parents with reports of that child's activities.",Categories of Personal Information Collected,WS_116_S1959;WS_116_S4189,C3PA_Dataset/Annotations/WS/116.csv
WS_116,515,ra4,"When either Microsoft Defender SmartScreen or Smart App Control checks a file, data about that file is sent to Microsoft, including the file name, a hash of the file’s contents, the download location, and the file’s digital certificates.",Categories of Personal Information Collected,WS_116_S1979;WS_116_S4209,C3PA_Dataset/Annotations/WS/116.csv
WS_116,516,ra4,"When Microsoft Defender Antivirus is turned on, or is running because Limited Periodic Scanning is enabled, it will automatically send reports to Microsoft that contain data about suspected malware and other unwanted software, potentially unwanted apps, and other malicious content, and it may also send files that could contain malicious content, such as malware or unknown files for further inspection.",Categories of Personal Information Collected,WS_116_S1985;WS_116_S4215,C3PA_Dataset/Annotations/WS/116.csv
WS_116,517,ra4,"Speech, Voice Activation, Inking, and Typing",Categories of Personal Information Collected,WS_116_S65;WS_116_S1989;WS_116_S1990;WS_116_S4218,C3PA_Dataset/Annotations/WS/116.csv
WS_116,518,ra4,"When you use cloud-based speech recognition technologies from Microsoft, whether enabled by the Online speech recognition setting or when you interact with HoloLens or voice typing, Microsoft collects and uses your voice recordings to provide the speech recognition service by creating a text transcription of the spoken words in the voice data.",Categories of Personal Information Collected,WS_116_S1998;WS_116_S4226,C3PA_Dataset/Annotations/WS/116.csv
WS_116,519,ra4,"Even when you’ve turned off voice activation, some third-party desktop apps and services could still be listening to the microphone and collect your voice input.",Categories of Personal Information Collected,WS_116_S2020;WS_116_S4248,C3PA_Dataset/Annotations/WS/116.csv
WS_116,523,ra4,Web browsers—Microsoft Edge Legacy and Internet Explorer,Categories of Personal Information Collected,WS_116_S68;WS_116_S1658;WS_116_S2059;WS_116_S2060;WS_116_S3911;WS_116_S4282,C3PA_Dataset/Annotations/WS/116.csv
WS_116,525,ra4,"Additionally, Microsoft Edge sends a unique browser ID to certain websites to enable us to develop aggregate data used to improve browser features and services.",Categories of Personal Information Shared / Disclosed,WS_116_S1595;WS_116_S2069;WS_116_S3848;WS_116_S4291,C3PA_Dataset/Annotations/WS/116.csv
WS_116,526,ra4,"Additionally, data about how you use your browser, such as your browsing history, web form data, temporary internet files, and cookies, is stored on your device. ",Categories of Personal Information Collected,WS_116_S2070;WS_116_S4292,C3PA_Dataset/Annotations/WS/116.csv
WS_116,530,ra4,Windows apps,Categories of Personal Information Collected,WS_116_S69;WS_116_S1739;WS_116_S1789;WS_116_S1831;WS_116_S2099;WS_116_S2100;WS_116_S2105;WS_116_S3979;WS_116_S4027;WS_116_S4065;WS_116_S4320;WS_116_S4325,C3PA_Dataset/Annotations/WS/116.csv
WS_116,531,ra4,"When the Maps app has access to your location, even when the app is not in use, Microsoft may collect de-identified location data from your device to improve Microsoft services.",Categories of Personal Information Collected,WS_116_S2107;WS_116_S4327,C3PA_Dataset/Annotations/WS/116.csv
WS_116,541,ra4,This allows you to retrieve the messages if you lose or change phones.,Categories of Personal Information Collected,WS_116_S2167;WS_116_S4387,C3PA_Dataset/Annotations/WS/116.csv
WS_116,543,ra4,"If you enable the setting “Help Make Narrator Better” in the Windows settings app and submit verbal feedback through Feedback Hub, recent device and usage data, including event trace log (ETL) data, will be submitted along with your verbal feedback to improve Microsoft products and services, such as Windows.",Categories of Personal Information Collected,WS_116_S2183;WS_116_S4403,C3PA_Dataset/Annotations/WS/116.csv
WS_116,544,ra4,Windows Media Player,Categories of Personal Information Collected,WS_116_S70;WS_116_S2191;WS_116_S2192;WS_116_S2193;WS_116_S2194;WS_116_S2195;WS_116_S2196;WS_116_S2197;WS_116_S2199;WS_116_S2200;WS_116_S2201;WS_116_S4410;WS_116_S4411;WS_116_S4412;WS_116_S4413;WS_116_S4414;WS_116_S4415;WS_116_S4417;WS_116_S4418;WS_116_S4419,C3PA_Dataset/Annotations/WS/116.csv
WS_116,545,ra4,"To augment your media information, Windows Media player will send a request to Microsoft which contains standard computer information, an identifier for the media content, and the media information already contained in your Windows Media Player library (including information you may have edited or entered yourself) so that Microsoft can recognize the track and then return additional information that is available.",Categories of Personal Information Collected,WS_116_S2195;WS_116_S4413,C3PA_Dataset/Annotations/WS/116.csv
WS_116,552,ra4,"We collect data about how you access and use Microsoft Store; the products you've viewed, purchased, or installed; the preferences you set for viewing apps in Microsoft Store; and any ratings, reviews, or problem reports you submit.",Categories of Personal Information Collected,WS_116_S2318;WS_116_S4525,C3PA_Dataset/Annotations/WS/116.csv
WS_116,555,ra4,"We also collect data about how you interact with Microsoft Start content, such as usage frequency and articles viewed, to provide you with relevant content. ",Categories of Personal Information Collected,WS_116_S2349;WS_116_S4554,C3PA_Dataset/Annotations/WS/116.csv
WS_116,556,ra4,"To help you discover content that may interest you, Microsoft will collect data about what content you play, the length of play, and the rating you give it.",Categories of Personal Information Collected,WS_116_S2364;WS_116_S4567,C3PA_Dataset/Annotations/WS/116.csv
WS_116,557,ra4,Groove Music and Movies & TV,Categories of Personal Information Collected,WS_116_S77;WS_116_S2359;WS_116_S2360;WS_116_S2365;WS_116_S2366;WS_116_S4563;WS_116_S4568;WS_116_S4569,C3PA_Dataset/Annotations/WS/116.csv
WS_116,558,ra4,Microsoft Start,Categories of Personal Information Collected,WS_116_S76;WS_116_S1045;WS_116_S1050;WS_116_S1053;WS_116_S1594;WS_116_S2342;WS_116_S2343;WS_116_S2344;WS_116_S2345;WS_116_S2346;WS_116_S2347;WS_116_S2348;WS_116_S2349;WS_116_S2350;WS_116_S2351;WS_116_S2353;WS_116_S3341;WS_116_S3346;WS_116_S3349;WS_116_S3847;WS_116_S4548;WS_116_S4549;WS_116_S4550;WS_116_S4551;WS_116_S4552;WS_116_S4553;WS_116_S4554;WS_116_S4555;WS_116_S4556;WS_116_S4558,C3PA_Dataset/Annotations/WS/116.csv
WS_116,559,ra4,Microsoft Store,Categories of Personal Information Collected,WS_116_S75;WS_116_S204;WS_116_S239;WS_116_S263;WS_116_S306;WS_116_S311;WS_116_S406;WS_116_S407;WS_116_S1727;WS_116_S1805;WS_116_S1840;WS_116_S2057;WS_116_S2101;WS_116_S2279;WS_116_S2311;WS_116_S2312;WS_116_S2313;WS_116_S2318;WS_116_S2320;WS_116_S2321;WS_116_S2324;WS_116_S2325;WS_116_S2330;WS_116_S2333;WS_116_S2335;WS_116_S2339;WS_116_S2530;WS_116_S2563;WS_116_S2587;WS_116_S2630;WS_116_S2635;WS_116_S2726;WS_116_S2727;WS_116_S3969;WS_116_S4043;WS_116_S4074;WS_116_S4281;WS_116_S4321;WS_116_S4488;WS_116_S4519;WS_116_S4520;WS_116_S4525;WS_116_S4527;WS_116_S4528;WS_116_S4531;WS_116_S4532;WS_116_S4537;WS_116_S4540;WS_116_S4542;WS_116_S4546,C3PA_Dataset/Annotations/WS/116.csv
WS_116,560,ra4,Microsoft Store,Categories of Personal Information Shared / Disclosed,WS_116_S75;WS_116_S204;WS_116_S239;WS_116_S263;WS_116_S306;WS_116_S311;WS_116_S406;WS_116_S407;WS_116_S1727;WS_116_S1805;WS_116_S1840;WS_116_S2057;WS_116_S2101;WS_116_S2279;WS_116_S2311;WS_116_S2312;WS_116_S2313;WS_116_S2318;WS_116_S2320;WS_116_S2321;WS_116_S2324;WS_116_S2325;WS_116_S2330;WS_116_S2333;WS_116_S2335;WS_116_S2339;WS_116_S2530;WS_116_S2563;WS_116_S2587;WS_116_S2630;WS_116_S2635;WS_116_S2726;WS_116_S2727;WS_116_S3969;WS_116_S4043;WS_116_S4074;WS_116_S4281;WS_116_S4321;WS_116_S4488;WS_116_S4519;WS_116_S4520;WS_116_S4525;WS_116_S4527;WS_116_S4528;WS_116_S4531;WS_116_S4532;WS_116_S4537;WS_116_S4540;WS_116_S4542;WS_116_S4546,C3PA_Dataset/Annotations/WS/116.csv
WS_116,561,ra4,Xbox,Categories of Personal Information Collected,WS_116_S74;WS_116_S192;WS_116_S419;WS_116_S420;WS_116_S673;WS_116_S720;WS_116_S729;WS_116_S748;WS_116_S749;WS_116_S750;WS_116_S751;WS_116_S752;WS_116_S753;WS_116_S754;WS_116_S755;WS_116_S756;WS_116_S757;WS_116_S758;WS_116_S760;WS_116_S761;WS_116_S765;WS_116_S766;WS_116_S769;WS_116_S770;WS_116_S772;WS_116_S773;WS_116_S774;WS_116_S775;WS_116_S776;WS_116_S777;WS_116_S778;WS_116_S782;WS_116_S784;WS_116_S786;WS_116_S791;WS_116_S792;WS_116_S793;WS_116_S795;WS_116_S798;WS_116_S800;WS_116_S802;WS_116_S803;WS_116_S804;WS_116_S813;WS_116_S814;WS_116_S815;WS_116_S818;WS_116_S819;WS_116_S824;WS_116_S830;WS_116_S1053;WS_116_S1296;WS_116_S1298;WS_116_S2225;WS_116_S2226;WS_116_S2227;WS_116_S2228;WS_116_S2229;WS_116_S2230;WS_116_S2231;WS_116_S2232;WS_116_S2233;WS_116_S2234;WS_116_S2235;WS_116_S2236;WS_116_S2237;WS_116_S2238;WS_116_S2240;WS_116_S2241;WS_116_S2242;WS_116_S2243;WS_116_S2244;WS_116_S2246;WS_116_S2249;WS_116_S2258;WS_116_S2265;WS_116_S2266;WS_116_S2267;WS_116_S2269;WS_116_S2271;WS_116_S2272;WS_116_S2273;WS_116_S2274;WS_116_S2275;WS_116_S2284;WS_116_S2285;WS_116_S2287;WS_116_S2288;WS_116_S2290;WS_116_S2293;WS_116_S2295;WS_116_S2298;WS_116_S2299;WS_116_S2303;WS_116_S2309;WS_116_S2313;WS_116_S2316;WS_116_S2363;WS_116_S2518;WS_116_S2739;WS_116_S2740;WS_116_S2987;WS_116_S3031;WS_116_S3041;WS_116_S3060;WS_116_S3061;WS_116_S3062;WS_116_S3063;WS_116_S3064;WS_116_S3065;WS_116_S3066;WS_116_S3067;WS_116_S3068;WS_116_S3069;WS_116_S3070;WS_116_S3072;WS_116_S3073;WS_116_S3077;WS_116_S3078;WS_116_S3081;WS_116_S3082;WS_116_S3084;WS_116_S3085;WS_116_S3086;WS_116_S3087;WS_116_S3088;WS_116_S3089;WS_116_S3090;WS_116_S3094;WS_116_S3096;WS_116_S3098;WS_116_S3103;WS_116_S3104;WS_116_S3105;WS_116_S3107;WS_116_S3110;WS_116_S3112;WS_116_S3114;WS_116_S3115;WS_116_S3116;WS_116_S3125;WS_116_S3126;WS_116_S3127;WS_116_S3130;WS_116_S3131;WS_116_S3136;WS_116_S3142;WS_116_S3349;WS_116_S3570;WS_116_S3572;WS_116_S4435;WS_116_S4436;WS_116_S4437;WS_116_S4438;WS_116_S4439;WS_116_S4440;WS_116_S4441;WS_116_S4442;WS_116_S4443;WS_116_S4444;WS_116_S4445;WS_116_S4446;WS_116_S4447;WS_116_S4449;WS_116_S4450;WS_116_S4451;WS_116_S4452;WS_116_S4453;WS_116_S4455;WS_116_S4458;WS_116_S4467;WS_116_S4474;WS_116_S4475;WS_116_S4476;WS_116_S4478;WS_116_S4480;WS_116_S4481;WS_116_S4482;WS_116_S4483;WS_116_S4484;WS_116_S4493;WS_116_S4494;WS_116_S4496;WS_116_S4497;WS_116_S4499;WS_116_S4502;WS_116_S4504;WS_116_S4507;WS_116_S4508;WS_116_S4512;WS_116_S4518;WS_116_S4520;WS_116_S4523;WS_116_S4566;WS_116_S4618,C3PA_Dataset/Annotations/WS/116.csv
WS_116,562,ra4,Xbox,Categories of Personal Information Shared / Disclosed,WS_116_S74;WS_116_S192;WS_116_S419;WS_116_S420;WS_116_S673;WS_116_S720;WS_116_S729;WS_116_S748;WS_116_S749;WS_116_S750;WS_116_S751;WS_116_S752;WS_116_S753;WS_116_S754;WS_116_S755;WS_116_S756;WS_116_S757;WS_116_S758;WS_116_S760;WS_116_S761;WS_116_S765;WS_116_S766;WS_116_S769;WS_116_S770;WS_116_S772;WS_116_S773;WS_116_S774;WS_116_S775;WS_116_S776;WS_116_S777;WS_116_S778;WS_116_S782;WS_116_S784;WS_116_S786;WS_116_S791;WS_116_S792;WS_116_S793;WS_116_S795;WS_116_S798;WS_116_S800;WS_116_S802;WS_116_S803;WS_116_S804;WS_116_S813;WS_116_S814;WS_116_S815;WS_116_S818;WS_116_S819;WS_116_S824;WS_116_S830;WS_116_S1053;WS_116_S1296;WS_116_S1298;WS_116_S2225;WS_116_S2226;WS_116_S2227;WS_116_S2228;WS_116_S2229;WS_116_S2230;WS_116_S2231;WS_116_S2232;WS_116_S2233;WS_116_S2234;WS_116_S2235;WS_116_S2236;WS_116_S2237;WS_116_S2238;WS_116_S2240;WS_116_S2241;WS_116_S2242;WS_116_S2243;WS_116_S2244;WS_116_S2246;WS_116_S2249;WS_116_S2258;WS_116_S2265;WS_116_S2266;WS_116_S2267;WS_116_S2269;WS_116_S2271;WS_116_S2272;WS_116_S2273;WS_116_S2274;WS_116_S2275;WS_116_S2284;WS_116_S2285;WS_116_S2287;WS_116_S2288;WS_116_S2290;WS_116_S2293;WS_116_S2295;WS_116_S2298;WS_116_S2299;WS_116_S2303;WS_116_S2309;WS_116_S2313;WS_116_S2316;WS_116_S2363;WS_116_S2518;WS_116_S2739;WS_116_S2740;WS_116_S2987;WS_116_S3031;WS_116_S3041;WS_116_S3060;WS_116_S3061;WS_116_S3062;WS_116_S3063;WS_116_S3064;WS_116_S3065;WS_116_S3066;WS_116_S3067;WS_116_S3068;WS_116_S3069;WS_116_S3070;WS_116_S3072;WS_116_S3073;WS_116_S3077;WS_116_S3078;WS_116_S3081;WS_116_S3082;WS_116_S3084;WS_116_S3085;WS_116_S3086;WS_116_S3087;WS_116_S3088;WS_116_S3089;WS_116_S3090;WS_116_S3094;WS_116_S3096;WS_116_S3098;WS_116_S3103;WS_116_S3104;WS_116_S3105;WS_116_S3107;WS_116_S3110;WS_116_S3112;WS_116_S3114;WS_116_S3115;WS_116_S3116;WS_116_S3125;WS_116_S3126;WS_116_S3127;WS_116_S3130;WS_116_S3131;WS_116_S3136;WS_116_S3142;WS_116_S3349;WS_116_S3570;WS_116_S3572;WS_116_S4435;WS_116_S4436;WS_116_S4437;WS_116_S4438;WS_116_S4439;WS_116_S4440;WS_116_S4441;WS_116_S4442;WS_116_S4443;WS_116_S4444;WS_116_S4445;WS_116_S4446;WS_116_S4447;WS_116_S4449;WS_116_S4450;WS_116_S4451;WS_116_S4452;WS_116_S4453;WS_116_S4455;WS_116_S4458;WS_116_S4467;WS_116_S4474;WS_116_S4475;WS_116_S4476;WS_116_S4478;WS_116_S4480;WS_116_S4481;WS_116_S4482;WS_116_S4483;WS_116_S4484;WS_116_S4493;WS_116_S4494;WS_116_S4496;WS_116_S4497;WS_116_S4499;WS_116_S4502;WS_116_S4504;WS_116_S4507;WS_116_S4508;WS_116_S4512;WS_116_S4518;WS_116_S4520;WS_116_S4523;WS_116_S4566;WS_116_S4618,C3PA_Dataset/Annotations/WS/116.csv
WS_116,564,ra4,Groove Music and Movies & TV,Categories of Personal Information Shared / Disclosed,WS_116_S77;WS_116_S2359;WS_116_S2360;WS_116_S2365;WS_116_S2366;WS_116_S4563;WS_116_S4568;WS_116_S4569,C3PA_Dataset/Annotations/WS/116.csv
WS_116,566,ra4,Windows Mixed Reality,Categories of Personal Information Collected,WS_116_S79;WS_116_S1995;WS_116_S2006;WS_116_S2399;WS_116_S2400;WS_116_S2401;WS_116_S2413;WS_116_S4223;WS_116_S4234;WS_116_S4599;WS_116_S4600;WS_116_S4612,C3PA_Dataset/Annotations/WS/116.csv
WS_117,43,ra5,ces.,Updated Privacy Policy,WS_117_S28;WS_117_S41;WS_117_S49;WS_117_S50;WS_117_S57;WS_117_S58;WS_117_S69;WS_117_S73;WS_117_S75;WS_117_S91;WS_117_S92;WS_117_S96;WS_117_S105;WS_117_S140;WS_117_S146;WS_117_S149;WS_117_S155;WS_117_S156;WS_117_S160;WS_117_S240;WS_117_S268;WS_117_S269;WS_117_S322;WS_117_S323;WS_117_S500;WS_117_S501,C3PA_Dataset/Annotations/WS/117.csv
WS_117,61,ra5,"To make a request for deletion, please go to https://fcprivacy.exterro.net/portal/dsar.htm?target=Fox_News_Network or call us at 888-596-3929. ",Methods to exercise rights,WS_117_S293;WS_117_S471,C3PA_Dataset/Annotations/WS/117.csv
WS_117,82,ra4,To provide co-branded services and features,Categories of Personal Information Shared / Disclosed,WS_117_S79;WS_117_S350;WS_117_S366;WS_117_S430,C3PA_Dataset/Annotations/WS/117.csv
WS_117,176,ra1,"To make a request for deletion, please go to https://fcprivacy.exterro.net/portal/dsar.htm?target=Fox_News_Network or call us at 888-596-3929.",Methods to exercise rights,WS_117_S293;WS_117_S471,C3PA_Dataset/Annotations/WS/117.csv
WS_118,101,ra4,Services,Categories of Personal Information Collected,WS_118_S8;WS_118_S22;WS_118_S25;WS_118_S27;WS_118_S28;WS_118_S29;WS_118_S32;WS_118_S33;WS_118_S34;WS_118_S36;WS_118_S37;WS_118_S39;WS_118_S47;WS_118_S50;WS_118_S55;WS_118_S57;WS_118_S58;WS_118_S62;WS_118_S63;WS_118_S64;WS_118_S66;WS_118_S67;WS_118_S70;WS_118_S71;WS_118_S72;WS_118_S73;WS_118_S75;WS_118_S76;WS_118_S80;WS_118_S82;WS_118_S88;WS_118_S90;WS_118_S93;WS_118_S94;WS_118_S97;WS_118_S100;WS_118_S101;WS_118_S102;WS_118_S103;WS_118_S104;WS_118_S106;WS_118_S107;WS_118_S114;WS_118_S115;WS_118_S116;WS_118_S117;WS_118_S118;WS_118_S119;WS_118_S121;WS_118_S126;WS_118_S132;WS_118_S133;WS_118_S134;WS_118_S140;WS_118_S145;WS_118_S146;WS_118_S148;WS_118_S149;WS_118_S152;WS_118_S153;WS_118_S154;WS_118_S156;WS_118_S157;WS_118_S159;WS_118_S163;WS_118_S164;WS_118_S165;WS_118_S168;WS_118_S170;WS_118_S172;WS_118_S173;WS_118_S175;WS_118_S181;WS_118_S189;WS_118_S190;WS_118_S194;WS_118_S195;WS_118_S196;WS_118_S197;WS_118_S199;WS_118_S206;WS_118_S226;WS_118_S227;WS_118_S229;WS_118_S230;WS_118_S231;WS_118_S233;WS_118_S238;WS_118_S243;WS_118_S246;WS_118_S247;WS_118_S248;WS_118_S250;WS_118_S251;WS_118_S254;WS_118_S255;WS_118_S256;WS_118_S257;WS_118_S258;WS_118_S259;WS_118_S260;WS_118_S261;WS_118_S263;WS_118_S264;WS_118_S266;WS_118_S267;WS_118_S268;WS_118_S269;WS_118_S270;WS_118_S271;WS_118_S274;WS_118_S275;WS_118_S279;WS_118_S291;WS_118_S292;WS_118_S293;WS_118_S294;WS_118_S301;WS_118_S311;WS_118_S315;WS_118_S317;WS_118_S323;WS_118_S328;WS_118_S340,C3PA_Dataset/Annotations/WS/118.csv
WS_118,106,ra4,Stay Informed,Categories of Personal Information Collected,WS_118_S118;WS_118_S131;WS_118_S132,C3PA_Dataset/Annotations/WS/118.csv
WS_118,108,ra4,Career,Categories of Personal Information Collected,WS_118_S24;WS_118_S139;WS_118_S140,C3PA_Dataset/Annotations/WS/118.csv
WS_118,113,ra4,Premium Services,Categories of Personal Information Collected,WS_118_S101;WS_118_S152;WS_118_S153;WS_118_S154;WS_118_S156;WS_118_S157,C3PA_Dataset/Annotations/WS/118.csv
WS_118,117,ra4,Advertising,Categories of Personal Information Collected,WS_118_S169;WS_118_S173;WS_118_S177;WS_118_S179;WS_118_S184;WS_118_S185;WS_118_S191;WS_118_S192;WS_118_S195;WS_118_S246;WS_118_S298,C3PA_Dataset/Annotations/WS/118.csv
WS_118,121,ra4,Marketing,Categories of Personal Information Collected,WS_118_S154;WS_118_S193;WS_118_S275;WS_118_S346;WS_118_S347;WS_118_S348,C3PA_Dataset/Annotations/WS/118.csv
WS_118,124,ra4,Communications,Categories of Personal Information Collected,WS_118_S29;WS_118_S160;WS_118_S161;WS_118_S168;WS_118_S195;WS_118_S211;WS_118_S218;WS_118_S253;WS_118_S254;WS_118_S256,C3PA_Dataset/Annotations/WS/118.csv
WS_118,131,ra4,Insights That Do Not Identify You,Categories of Personal Information Collected,WS_118_S212;WS_118_S213;WS_118_S214,C3PA_Dataset/Annotations/WS/118.csv
WS_118,135,ra4,How We Share Information,Categories of Personal Information Shared / Disclosed,WS_118_S17;WS_118_S225,C3PA_Dataset/Annotations/WS/118.csv
WS_12,30,ra1,You Can Opt Out of Our Sharing Your Personal Information.,Description of Right to Opt-out of sale of PI,WS_12_S9;WS_12_S15,C3PA_Dataset/Annotations/WS/12.csv
WS_12,31,ra1,We Do Not Sell Your Personal Information.,Categories of Personal Information Sold,WS_12_S10;WS_12_S16;WS_12_S23,C3PA_Dataset/Annotations/WS/12.csv
WS_12,32,ra1,The CCPA Categories of Personal Information We Collect and the Sources,Categories of Personal Information Collected,WS_12_S12;WS_12_S58,C3PA_Dataset/Annotations/WS/12.csv
WS_12,35,ra1,You Can Opt Out of Our Sharing Your Personal Information.,Description of Right to Opt-out of sale of PI,WS_12_S9;WS_12_S15,C3PA_Dataset/Annotations/WS/12.csv
WS_12,36,ra1,We Do Not Sell Your Personal Information.,Categories of Personal Information Sold,WS_12_S10;WS_12_S16;WS_12_S23,C3PA_Dataset/Annotations/WS/12.csv
WS_12,39,ra1,We do not sell your personal information.,Categories of Personal Information Sold,WS_12_S10;WS_12_S16;WS_12_S23,C3PA_Dataset/Annotations/WS/12.csv
WS_120,27,ra5,Opt out of targeted advertising,Description of Right to Opt-out of sale of PI,WS_120_S135;WS_120_S176,C3PA_Dataset/Annotations/WS/120.csv
WS_120,67,ra4,Use.,Categories of Personal Information Collected,WS_120_S83;WS_120_S195,C3PA_Dataset/Annotations/WS/120.csv
WS_120,93,ra1,Opt out of targeted advertising,Description of Right to Opt-out of sale of PI,WS_120_S135;WS_120_S176,C3PA_Dataset/Annotations/WS/120.csv
WS_121,60,ra5,"If you would like to opt out, you may do so as outlined on the following page: Do Not Sell or Share My Personal Information.",Methods to exercise rights,WS_121_S417;WS_121_S435,C3PA_Dataset/Annotations/WS/121.csv
WS_121,77,ra4,COOKIES AND SIMILAR TECHNOLOGIES,Categories of Personal Information Collected,WS_121_S144;WS_121_S198,C3PA_Dataset/Annotations/WS/121.csv
WS_121,110,ra4,CHANGES TO OUR PRIVACY NOTICE,Updated Privacy Policy,WS_121_S151;WS_121_S335,C3PA_Dataset/Annotations/WS/121.csv
WS_121,123,ra4,Sensitive Personal Information.,Categories of Personal Information Collected,WS_121_S389;WS_121_S391,C3PA_Dataset/Annotations/WS/121.csv
WS_121,137,ra4," If you would like to opt out, you may do so as outlined on the following page: Do Not Sell or Share My Personal Information.",Methods to exercise rights,WS_121_S417;WS_121_S435,C3PA_Dataset/Annotations/WS/121.csv
WS_121,189,ra1,"If you would like to opt out, you may do so as outlined on the following page: Do Not Sell or Share My Personal Information.",Methods to exercise rights,WS_121_S417;WS_121_S435,C3PA_Dataset/Annotations/WS/121.csv
WS_122,2,ra5,Deliver personalized advertising and measure the effectiveness of advertisements;,Categories of Personal Information Shared / Disclosed,WS_122_S41;WS_122_S63;WS_122_S313;WS_122_S329;WS_122_S675;WS_122_S719;WS_122_S1228;WS_122_S1249,C3PA_Dataset/Annotations/WS/122.csv
WS_122,60,ra5,Deliver personalized advertising and measure the effectiveness of advertisements;,Categories of Personal Information Sold,WS_122_S41;WS_122_S63;WS_122_S313;WS_122_S329;WS_122_S675;WS_122_S719;WS_122_S1228;WS_122_S1249,C3PA_Dataset/Annotations/WS/122.csv
WS_122,66,ra5,Deliver personalized advertising and measure the effectiveness of advertisements;,Categories of Personal Information Sold,WS_122_S41;WS_122_S63;WS_122_S313;WS_122_S329;WS_122_S675;WS_122_S719;WS_122_S1228;WS_122_S1249,C3PA_Dataset/Annotations/WS/122.csv
WS_122,69,ra5,"Submit a comment, leave feedback, or sen",Categories of Personal Information Shared / Disclosed,WS_122_S57;WS_122_S701,C3PA_Dataset/Annotations/WS/122.csv
WS_122,93,ra4,Deliver personalized advertising and measure the effectiveness of advertisements;,Categories of Personal Information Shared / Disclosed,WS_122_S41;WS_122_S63;WS_122_S313;WS_122_S329;WS_122_S675;WS_122_S719;WS_122_S1228;WS_122_S1249,C3PA_Dataset/Annotations/WS/122.csv
WS_122,94,ra4,Deliver personalized advertising and measure the effectiveness of advertisements;,Categories of Personal Information Sold,WS_122_S41;WS_122_S63;WS_122_S313;WS_122_S329;WS_122_S675;WS_122_S719;WS_122_S1228;WS_122_S1249,C3PA_Dataset/Annotations/WS/122.csv
WS_122,97,ra4,"Submit a comment, leave feedback, or send us a photo or video",Categories of Personal Information Collected,WS_122_S57;WS_122_S701,C3PA_Dataset/Annotations/WS/122.csv
WS_122,119,ra4,Data Collection Technologies and Consumer Choice,Categories of Personal Information Collected,WS_122_S21;WS_122_S112;WS_122_S820,C3PA_Dataset/Annotations/WS/122.csv
WS_122,130,ra4,"Use of Cookies, Web Beacons, and Information Saved by Other Technologies",Categories of Personal Information Collected,WS_122_S123;WS_122_S851,C3PA_Dataset/Annotations/WS/122.csv
WS_122,149,ra4,How We Share or Disclose Your Information with Vendors,Categories of Personal Information Shared / Disclosed,WS_122_S22;WS_122_S198;WS_122_S319;WS_122_S998;WS_122_S1236,C3PA_Dataset/Annotations/WS/122.csv
WS_122,152,ra4,"Companies Offering Promotions, Products, or Services.",Categories of Personal Information Shared / Disclosed,WS_122_S206;WS_122_S1017,C3PA_Dataset/Annotations/WS/122.csv
WS_122,156,ra4,Bundling Companions.,Categories of Personal Information Shared / Disclosed,WS_122_S230;WS_122_S1076,C3PA_Dataset/Annotations/WS/122.csv
WS_122,163,ra4,Disclosures about the use of your Personal Information,Categories of Personal Information Collected,WS_122_S297;WS_122_S1205,C3PA_Dataset/Annotations/WS/122.csv
WS_122,185,ra4, You may email californiaprivacy@weather.com for further instructions.,Methods to exercise rights,WS_122_S372;WS_122_S383;WS_122_S391,C3PA_Dataset/Annotations/WS/122.csv
WS_122,187,ra4,Opt out of sale or sharing of your Personal Information.,Description of Right to Opt-out of sale of PI,WS_122_S393;WS_122_S1375,C3PA_Dataset/Annotations/WS/122.csv
WS_122,197,ra4,"To submit an access or portability request, please contact us at twc-auto-support@weather.com.",Methods to exercise rights,WS_122_S591;WS_122_S1751,C3PA_Dataset/Annotations/WS/122.csv
WS_123,7,ra5,	How We Collect Your Information,Categories of Personal Information Collected,WS_123_S60;WS_123_S965;WS_123_S1158,C3PA_Dataset/Annotations/WS/123.csv
WS_123,14,ra5,Business Information,Categories of Personal Information Collected,WS_123_S1036;WS_123_S1137;WS_123_S1174;WS_123_S1325;WS_123_S1329;WS_123_S1332,C3PA_Dataset/Annotations/WS/123.csv
WS_123,24,ra5,Geolocation Data,Categories of Personal Information Collected,WS_123_S1083;WS_123_S1084;WS_123_S1146;WS_123_S1408,C3PA_Dataset/Annotations/WS/123.csv
WS_123,25,ra5,"Audio, Electronic or Visual Information",Categories of Personal Information Collected,WS_123_S1100;WS_123_S1147,C3PA_Dataset/Annotations/WS/123.csv
WS_123,115,ra4,Information We Collect,Categories of Personal Information Collected,WS_123_S59;WS_123_S942;WS_123_S961;WS_123_S963;WS_123_S1128;WS_123_S1197;WS_123_S1469,C3PA_Dataset/Annotations/WS/123.csv
WS_123,143,ra4,How We Use Your Information,Categories of Personal Information Collected,WS_123_S62;WS_123_S1244,C3PA_Dataset/Annotations/WS/123.csv
WS_123,144,ra4,How We Use Your Information,Categories of Personal Information Shared / Disclosed,WS_123_S62;WS_123_S1244,C3PA_Dataset/Annotations/WS/123.csv
WS_123,145,ra4,How We Use Your Information,Categories of Personal Information Sold,WS_123_S62;WS_123_S1244,C3PA_Dataset/Annotations/WS/123.csv
WS_123,159,ra4,Disclosing Your Information,Categories of Personal Information Shared / Disclosed,WS_123_S63;WS_123_S1287,C3PA_Dataset/Annotations/WS/123.csv
WS_124,35,ra5,Complete,Categories of Personal Information Shared / Disclosed,WS_124_S142;WS_124_S348;WS_124_S353;WS_124_S377;WS_124_S379,C3PA_Dataset/Annotations/WS/124.csv
WS_124,43,ra5,Personal Data Sales Opt-Out and Opt-In: You have the right to opt-out of the sale of your Personal Data.,Description of Right to Opt-out of sale of PI,WS_124_S279;WS_124_S361,C3PA_Dataset/Annotations/WS/124.csv
WS_124,44,ra5,"To do so, click the following links: Do Not Sell My Personal Information and https://liveramp.com/opt_out/.",Methods to exercise rights,WS_124_S280;WS_124_S362,C3PA_Dataset/Annotations/WS/124.csv
WS_124,49,ra5,Personal Data Sales Opt-Out and Opt-In: You have the right to opt-out of the sale of your Personal Data. ,Description of Right to Opt-out of sale of PI,WS_124_S279;WS_124_S361,C3PA_Dataset/Annotations/WS/124.csv
WS_124,50,ra5,"To do so, click the following links: Do Not Sell My Personal Information and https://liveramp.com/opt_out/.",Methods to exercise rights,WS_124_S280;WS_124_S362,C3PA_Dataset/Annotations/WS/124.csv
WS_124,100,ra4,Personal Data Sales Opt-Out and Opt-In: You have the right to opt-out of the sale of your Personal Data.,Description of Right to Opt-out of sale of PI,WS_124_S279;WS_124_S361,C3PA_Dataset/Annotations/WS/124.csv
WS_124,106,ra4,Exercising Your Rights,Methods to exercise rights,WS_124_S330;WS_124_S350;WS_124_S367,C3PA_Dataset/Annotations/WS/124.csv
WS_124,109,ra4,Personal Data Sales Opt-Out and Opt-In: You have the right to opt-out of the sale of your Personal Data.,Description of Right to Opt-out of sale of PI,WS_124_S279;WS_124_S361,C3PA_Dataset/Annotations/WS/124.csv
WS_124,137,ra1,Personal Data Sales Opt-Out and Opt-In: You have the right to opt-out of the sale of your Personal Data.,Description of Right to Opt-out of sale of PI,WS_124_S279;WS_124_S361,C3PA_Dataset/Annotations/WS/124.csv
WS_124,138,ra1," To do so, click the following links: Do Not Sell My Personal Information and https://liveramp.com/opt_out/.",Methods to exercise rights,WS_124_S280;WS_124_S362,C3PA_Dataset/Annotations/WS/124.csv
WS_124,148,ra1,Personal Data Sales Opt-Out and Opt-In: You have the right to opt-out of the sale of your Personal Data.,Description of Right to Opt-out of sale of PI,WS_124_S279;WS_124_S361,C3PA_Dataset/Annotations/WS/124.csv
WS_124,149,ra1,"To do so, click the following links: Do Not Sell My Personal Information and https://liveramp.com/opt_out/.",Methods to exercise rights,WS_124_S280;WS_124_S362,C3PA_Dataset/Annotations/WS/124.csv
WS_126,64,ra6,Research and development; quality assurance; security; and debugging,Categories of Personal Information Collected,WS_126_S246;WS_126_S250;WS_126_S252,C3PA_Dataset/Annotations/WS/126.csv
WS_126,67,ra6,Performing Services on our behalf; research and development; quality assurance; security; and debugging,Categories of Personal Information Shared / Disclosed,WS_126_S246;WS_126_S252,C3PA_Dataset/Annotations/WS/126.csv
WS_126,68,ra6,Performing Services on our behalf; Research and development; quality assurance; security; and debugging,Categories of Personal Information Shared / Disclosed,WS_126_S246;WS_126_S252,C3PA_Dataset/Annotations/WS/126.csv
WS_127,69,ra4,Information We Collect,Categories of Personal Information Collected,WS_127_S14;WS_127_S22;WS_127_S41;WS_127_S83;WS_127_S84;WS_127_S187;WS_127_S351;WS_127_S356;WS_127_S402;WS_127_S403;WS_127_S406;WS_127_S498;WS_127_S499;WS_127_S502;WS_127_S513;WS_127_S515,C3PA_Dataset/Annotations/WS/127.csv
WS_127,93,ra4,"Applications, Widgets and Social Media",Categories of Personal Information Collected,WS_127_S23;WS_127_S100,C3PA_Dataset/Annotations/WS/127.csv
WS_127,95,ra4,Advertising Networks,Categories of Personal Information Collected,WS_127_S24;WS_127_S106;WS_127_S108;WS_127_S112;WS_127_S174,C3PA_Dataset/Annotations/WS/127.csv
WS_127,107,ra4,Information We Share,Categories of Personal Information Shared / Disclosed,WS_127_S25;WS_127_S120,C3PA_Dataset/Annotations/WS/127.csv
WS_127,115,ra4,Information We Collect,Categories of Personal Information Collected,WS_127_S14;WS_127_S22;WS_127_S41;WS_127_S83;WS_127_S84;WS_127_S187;WS_127_S351;WS_127_S356;WS_127_S402;WS_127_S403;WS_127_S406;WS_127_S498;WS_127_S499;WS_127_S502;WS_127_S513;WS_127_S515,C3PA_Dataset/Annotations/WS/127.csv
WS_127,137,ra4,Advertising Networks,Categories of Personal Information Shared / Disclosed,WS_127_S24;WS_127_S106;WS_127_S108;WS_127_S112;WS_127_S174,C3PA_Dataset/Annotations/WS/127.csv
WS_127,138,ra4,Advertising Networks,Categories of Personal Information Sold,WS_127_S24;WS_127_S106;WS_127_S108;WS_127_S112;WS_127_S174,C3PA_Dataset/Annotations/WS/127.csv
WS_128,1,ra5,"Last Modified: August 17, 2023",Updated Privacy Policy,WS_128_S73;WS_128_S565;WS_128_S784,C3PA_Dataset/Annotations/WS/128.csv
WS_128,32,ra4,"Last Modified: August 17, 2023",Updated Privacy Policy,WS_128_S73;WS_128_S565;WS_128_S784,C3PA_Dataset/Annotations/WS/128.csv
WS_128,38,ra4,Purposes for Which We Process Your Personal Information,Categories of Personal Information Collected,WS_128_S619;WS_128_S631,C3PA_Dataset/Annotations/WS/128.csv
WS_128,39,ra4,Purposes for Which We Process Your Personal Information,Categories of Personal Information Shared / Disclosed,WS_128_S619;WS_128_S631,C3PA_Dataset/Annotations/WS/128.csv
WS_128,40,ra4,Purposes for Which We Process Your Personal Information,Categories of Personal Information Sold,WS_128_S619;WS_128_S631,C3PA_Dataset/Annotations/WS/128.csv
WS_128,51,ra4,Cookies and Automatic Data Collection Technologies,Categories of Personal Information Collected,WS_128_S618;WS_128_S647,C3PA_Dataset/Annotations/WS/128.csv
WS_128,70,ra1,"Last Modified: August 17, 2023",Updated Privacy Policy,WS_128_S73;WS_128_S565;WS_128_S784,C3PA_Dataset/Annotations/WS/128.csv
WS_128,71,ra1,"Last Modified: August 17, 2023",Updated Privacy Policy,WS_128_S73;WS_128_S565;WS_128_S784,C3PA_Dataset/Annotations/WS/128.csv
WS_130,33,ra5,"Identifiers: such as name, address, telephone number, email address, age, date of birth, username and password for our websites, online identifiers, IP address;",Categories of Personal Information Shared / Disclosed,WS_130_S236;WS_130_S269;WS_130_S418;WS_130_S481;WS_130_S581,C3PA_Dataset/Annotations/WS/130.csv
WS_130,41,ra5,"Identifiers: such as name, address, telephone number, email address, age, date of birth, username and password for our websites, online identifiers, IP address;",Categories of Personal Information Sold,WS_130_S236;WS_130_S269;WS_130_S418;WS_130_S481;WS_130_S581,C3PA_Dataset/Annotations/WS/130.csv
WS_130,45,ra5,You can do so by submitting an opt-out request through this link here or by contacting us at 800-925-4733.,Methods to exercise rights,WS_130_S299;WS_130_S441;WS_130_S500;WS_130_S511;WS_130_S604,C3PA_Dataset/Annotations/WS/130.csv
WS_130,58,ra5,o,Description of Right to Opt-out of sale of PI,WS_130_S1;WS_130_S2;WS_130_S3;WS_130_S4;WS_130_S5;WS_130_S6;WS_130_S7;WS_130_S8;WS_130_S9;WS_130_S11;WS_130_S12;WS_130_S13;WS_130_S15;WS_130_S16;WS_130_S17;WS_130_S19;WS_130_S20;WS_130_S21;WS_130_S22;WS_130_S23;WS_130_S24;WS_130_S25;WS_130_S26;WS_130_S27;WS_130_S28;WS_130_S29;WS_130_S30;WS_130_S31;WS_130_S32;WS_130_S33;WS_130_S35;WS_130_S36;WS_130_S37;WS_130_S38;WS_130_S39;WS_130_S40;WS_130_S41;WS_130_S42;WS_130_S43;WS_130_S44;WS_130_S45;WS_130_S46;WS_130_S47;WS_130_S48;WS_130_S49;WS_130_S50;WS_130_S51;WS_130_S52;WS_130_S53;WS_130_S54;WS_130_S55;WS_130_S56;WS_130_S57;WS_130_S58;WS_130_S59;WS_130_S60;WS_130_S61;WS_130_S62;WS_130_S63;WS_130_S64;WS_130_S65;WS_130_S66;WS_130_S67;WS_130_S68;WS_130_S69;WS_130_S70;WS_130_S71;WS_130_S72;WS_130_S73;WS_130_S74;WS_130_S75;WS_130_S76;WS_130_S77;WS_130_S79;WS_130_S81;WS_130_S82;WS_130_S83;WS_130_S84;WS_130_S85;WS_130_S86;WS_130_S87;WS_130_S88;WS_130_S89;WS_130_S90;WS_130_S91;WS_130_S92;WS_130_S93;WS_130_S94;WS_130_S95;WS_130_S96;WS_130_S97;WS_130_S98;WS_130_S99;WS_130_S100;WS_130_S101;WS_130_S102;WS_130_S104;WS_130_S105;WS_130_S106;WS_130_S107;WS_130_S108;WS_130_S109;WS_130_S110;WS_130_S111;WS_130_S112;WS_130_S113;WS_130_S114;WS_130_S115;WS_130_S116;WS_130_S117;WS_130_S118;WS_130_S119;WS_130_S120;WS_130_S121;WS_130_S122;WS_130_S123;WS_130_S124;WS_130_S125;WS_130_S126;WS_130_S127;WS_130_S128;WS_130_S129;WS_130_S130;WS_130_S131;WS_130_S132;WS_130_S133;WS_130_S134;WS_130_S136;WS_130_S137;WS_130_S138;WS_130_S139;WS_130_S140;WS_130_S141;WS_130_S142;WS_130_S143;WS_130_S144;WS_130_S145;WS_130_S146;WS_130_S147;WS_130_S148;WS_130_S149;WS_130_S150;WS_130_S151;WS_130_S152;WS_130_S153;WS_130_S154;WS_130_S155;WS_130_S156;WS_130_S157;WS_130_S158;WS_130_S159;WS_130_S160;WS_130_S161;WS_130_S162;WS_130_S163;WS_130_S164;WS_130_S165;WS_130_S166;WS_130_S167;WS_130_S168;WS_130_S169;WS_130_S170;WS_130_S171;WS_130_S172;WS_130_S173;WS_130_S174;WS_130_S175;WS_130_S176;WS_130_S177;WS_130_S178;WS_130_S179;WS_130_S180;WS_130_S181;WS_130_S182;WS_130_S183;WS_130_S184;WS_130_S185;WS_130_S186;WS_130_S187;WS_130_S188;WS_130_S189;WS_130_S190;WS_130_S191;WS_130_S192;WS_130_S193;WS_130_S194;WS_130_S195;WS_130_S196;WS_130_S197;WS_130_S198;WS_130_S199;WS_130_S200;WS_130_S201;WS_130_S202;WS_130_S203;WS_130_S204;WS_130_S205;WS_130_S206;WS_130_S207;WS_130_S208;WS_130_S209;WS_130_S210;WS_130_S211;WS_130_S212;WS_130_S213;WS_130_S214;WS_130_S215;WS_130_S216;WS_130_S217;WS_130_S219;WS_130_S220;WS_130_S222;WS_130_S223;WS_130_S224;WS_130_S225;WS_130_S226;WS_130_S227;WS_130_S228;WS_130_S229;WS_130_S230;WS_130_S231;WS_130_S232;WS_130_S233;WS_130_S234;WS_130_S235;WS_130_S236;WS_130_S237;WS_130_S238;WS_130_S239;WS_130_S240;WS_130_S241;WS_130_S242;WS_130_S243;WS_130_S244;WS_130_S245;WS_130_S246;WS_130_S247;WS_130_S248;WS_130_S249;WS_130_S250;WS_130_S251;WS_130_S252;WS_130_S253;WS_130_S254;WS_130_S256;WS_130_S257;WS_130_S258;WS_130_S259;WS_130_S260;WS_130_S261;WS_130_S262;WS_130_S263;WS_130_S264;WS_130_S265;WS_130_S266;WS_130_S267;WS_130_S268;WS_130_S269;WS_130_S270;WS_130_S271;WS_130_S272;WS_130_S273;WS_130_S274;WS_130_S275;WS_130_S276;WS_130_S277;WS_130_S278;WS_130_S279;WS_130_S280;WS_130_S281;WS_130_S282;WS_130_S283;WS_130_S284;WS_130_S285;WS_130_S286;WS_130_S287;WS_130_S288;WS_130_S289;WS_130_S290;WS_130_S291;WS_130_S292;WS_130_S293;WS_130_S294;WS_130_S295;WS_130_S296;WS_130_S297;WS_130_S298;WS_130_S299;WS_130_S300;WS_130_S301;WS_130_S302;WS_130_S303;WS_130_S304;WS_130_S305;WS_130_S306;WS_130_S307;WS_130_S308;WS_130_S309;WS_130_S310;WS_130_S311;WS_130_S312;WS_130_S313;WS_130_S314;WS_130_S315;WS_130_S316;WS_130_S317;WS_130_S318;WS_130_S319;WS_130_S320;WS_130_S321;WS_130_S322;WS_130_S323;WS_130_S324;WS_130_S325;WS_130_S326;WS_130_S327;WS_130_S328;WS_130_S329;WS_130_S330;WS_130_S331;WS_130_S332;WS_130_S333;WS_130_S334;WS_130_S335;WS_130_S336;WS_130_S337;WS_130_S338;WS_130_S339;WS_130_S340;WS_130_S341;WS_130_S342;WS_130_S343;WS_130_S344;WS_130_S345;WS_130_S346;WS_130_S347;WS_130_S348;WS_130_S349;WS_130_S350;WS_130_S351;WS_130_S352;WS_130_S353;WS_130_S354;WS_130_S355;WS_130_S356;WS_130_S357;WS_130_S358;WS_130_S359;WS_130_S360;WS_130_S361;WS_130_S362;WS_130_S363;WS_130_S364;WS_130_S365;WS_130_S366;WS_130_S367;WS_130_S368;WS_130_S369;WS_130_S370;WS_130_S371;WS_130_S372;WS_130_S373;WS_130_S374;WS_130_S375;WS_130_S376;WS_130_S377;WS_130_S378;WS_130_S379;WS_130_S380;WS_130_S381;WS_130_S382;WS_130_S383;WS_130_S384;WS_130_S385;WS_130_S386;WS_130_S387;WS_130_S388;WS_130_S389;WS_130_S390;WS_130_S391;WS_130_S392;WS_130_S394;WS_130_S395;WS_130_S398;WS_130_S400;WS_130_S401;WS_130_S403;WS_130_S405;WS_130_S406;WS_130_S408;WS_130_S410;WS_130_S411;WS_130_S412;WS_130_S413;WS_130_S414;WS_130_S415;WS_130_S416;WS_130_S417;WS_130_S418;WS_130_S419;WS_130_S420;WS_130_S421;WS_130_S422;WS_130_S423;WS_130_S424;WS_130_S425;WS_130_S426;WS_130_S427;WS_130_S428;WS_130_S429;WS_130_S430;WS_130_S432;WS_130_S433;WS_130_S434;WS_130_S435;WS_130_S436;WS_130_S437;WS_130_S438;WS_130_S439;WS_130_S440;WS_130_S441;WS_130_S442;WS_130_S443;WS_130_S444;WS_130_S445;WS_130_S446;WS_130_S447;WS_130_S448;WS_130_S449;WS_130_S450;WS_130_S451;WS_130_S452;WS_130_S453;WS_130_S454;WS_130_S455;WS_130_S456;WS_130_S457;WS_130_S458;WS_130_S459;WS_130_S460;WS_130_S461;WS_130_S462;WS_130_S463;WS_130_S464;WS_130_S465;WS_130_S466;WS_130_S467;WS_130_S468;WS_130_S469;WS_130_S470;WS_130_S471;WS_130_S472;WS_130_S473;WS_130_S474;WS_130_S475;WS_130_S476;WS_130_S477;WS_130_S478;WS_130_S479;WS_130_S480;WS_130_S481;WS_130_S482;WS_130_S483;WS_130_S484;WS_130_S485;WS_130_S486;WS_130_S487;WS_130_S488;WS_130_S489;WS_130_S490;WS_130_S491;WS_130_S492;WS_130_S493;WS_130_S494;WS_130_S495;WS_130_S496;WS_130_S497;WS_130_S498;WS_130_S499;WS_130_S500;WS_130_S501;WS_130_S502;WS_130_S503;WS_130_S504;WS_130_S505;WS_130_S506;WS_130_S507;WS_130_S508;WS_130_S509;WS_130_S510;WS_130_S511;WS_130_S512;WS_130_S513;WS_130_S514;WS_130_S515;WS_130_S516;WS_130_S517;WS_130_S518;WS_130_S519;WS_130_S520;WS_130_S521;WS_130_S522;WS_130_S523;WS_130_S524;WS_130_S525;WS_130_S526;WS_130_S527;WS_130_S528;WS_130_S529;WS_130_S530;WS_130_S531;WS_130_S532;WS_130_S533;WS_130_S534;WS_130_S535;WS_130_S536;WS_130_S537;WS_130_S538;WS_130_S539;WS_130_S540;WS_130_S541;WS_130_S542;WS_130_S543;WS_130_S544;WS_130_S545;WS_130_S546;WS_130_S547;WS_130_S548;WS_130_S549;WS_130_S550;WS_130_S551;WS_130_S552;WS_130_S553;WS_130_S554;WS_130_S555;WS_130_S556;WS_130_S557;WS_130_S558;WS_130_S559;WS_130_S560;WS_130_S561;WS_130_S562;WS_130_S563;WS_130_S564;WS_130_S565;WS_130_S566;WS_130_S567;WS_130_S568;WS_130_S569;WS_130_S570;WS_130_S571;WS_130_S572;WS_130_S573;WS_130_S574;WS_130_S575;WS_130_S576;WS_130_S577;WS_130_S578;WS_130_S579;WS_130_S580;WS_130_S581;WS_130_S582;WS_130_S583;WS_130_S584;WS_130_S585;WS_130_S586;WS_130_S587;WS_130_S588;WS_130_S589;WS_130_S590;WS_130_S591;WS_130_S592;WS_130_S593;WS_130_S595;WS_130_S596;WS_130_S597;WS_130_S598;WS_130_S599;WS_130_S600;WS_130_S601;WS_130_S602;WS_130_S603;WS_130_S604;WS_130_S605;WS_130_S606;WS_130_S607;WS_130_S608;WS_130_S609;WS_130_S610;WS_130_S611;WS_130_S612;WS_130_S613;WS_130_S614;WS_130_S615;WS_130_S616;WS_130_S617;WS_130_S618;WS_130_S619;WS_130_S620;WS_130_S621;WS_130_S622;WS_130_S623;WS_130_S624;WS_130_S625;WS_130_S626;WS_130_S627;WS_130_S628;WS_130_S629;WS_130_S630;WS_130_S631;WS_130_S633;WS_130_S634;WS_130_S635;WS_130_S637;WS_130_S639;WS_130_S640;WS_130_S642;WS_130_S643;WS_130_S645;WS_130_S646;WS_130_S647;WS_130_S648;WS_130_S649;WS_130_S650;WS_130_S651;WS_130_S652;WS_130_S653;WS_130_S654;WS_130_S656;WS_130_S657;WS_130_S660;WS_130_S661;WS_130_S662;WS_130_S663;WS_130_S664;WS_130_S665;WS_130_S666;WS_130_S667;WS_130_S668;WS_130_S669;WS_130_S670;WS_130_S671;WS_130_S672;WS_130_S673;WS_130_S674;WS_130_S676;WS_130_S677;WS_130_S678;WS_130_S679;WS_130_S680;WS_130_S681;WS_130_S682;WS_130_S683;WS_130_S684;WS_130_S685;WS_130_S686;WS_130_S687;WS_130_S689;WS_130_S690;WS_130_S691;WS_130_S692;WS_130_S694;WS_130_S695;WS_130_S696;WS_130_S697;WS_130_S699;WS_130_S700;WS_130_S701;WS_130_S702;WS_130_S704,C3PA_Dataset/Annotations/WS/130.csv
WS_130,104,ra6,You can do so by submitting an opt-out request through this link here or by contacting us at 800-925-4733.,Methods to exercise rights,WS_130_S299;WS_130_S441;WS_130_S500;WS_130_S511;WS_130_S604,C3PA_Dataset/Annotations/WS/130.csv
WS_130,117,ra6,"Correction request: If we determine the contested data to be inaccurate based on the totality of the circumstances, unless otherwise subject to an exception pursuant to law, your data will be corrected.",Description of Right to Correct Information,WS_130_S368;WS_130_S556,C3PA_Dataset/Annotations/WS/130.csv
WS_130,119,ra6,"If you are matched to a reasonable degree of certainty, your request will be processed as follows:",Description of Right to Correct Information,WS_130_S370;WS_130_S380;WS_130_S558;WS_130_S568,C3PA_Dataset/Annotations/WS/130.csv
WS_130,164,ra1, You can do so by submitting an opt-out request through this link here or by contacting us at 800-925-4733.,Methods to exercise rights,WS_130_S299;WS_130_S441;WS_130_S500;WS_130_S511;WS_130_S604,C3PA_Dataset/Annotations/WS/130.csv
WS_130,176,ra1,Deletion request: Certain limited data we associate to you will be deleted.,Description of Right to Delete,WS_130_S381;WS_130_S569,C3PA_Dataset/Annotations/WS/130.csv
WS_130,177,ra1,Deletion request: All data matched to you and not otherwise subject to an exception pursuant to law will be deleted.,Description of Right to Delete,WS_130_S378;WS_130_S566,C3PA_Dataset/Annotations/WS/130.csv
WS_130,180,ra1,"Correction request: If we determine the contested data to be inaccurate based on the totality of the circumstances, unless otherwise subject to an exception pursuant to law, your data will be corrected.",Description of Right to Correct Information,WS_130_S368;WS_130_S556,C3PA_Dataset/Annotations/WS/130.csv
WS_133,29,ra5,"To exercise the rights detailed in this Section 7, please click here or call us at 866-800-1275.",Methods to exercise rights,WS_133_S192;WS_133_S195;WS_133_S198,C3PA_Dataset/Annotations/WS/133.csv
WS_133,42,ra5,"You may submit an opt-out request by clicking here, by clicking on the “Do Not Sell or Share My Personal Information” link on our homepage, or by dialing 866-800-1275.",Methods to exercise rights,WS_133_S229;WS_133_S232,C3PA_Dataset/Annotations/WS/133.csv
WS_133,44,ra5,"You may submit an opt-out request by clicking here, by clicking on the “Do Not Sell or Share My Personal Information” link on our homepage, or by dialing 866-800-1275.",Methods to exercise rights,WS_133_S229;WS_133_S232,C3PA_Dataset/Annotations/WS/133.csv
WS_133,62,ra4,Personal Information We Collect,Categories of Personal Information Collected,WS_133_S10;WS_133_S16;WS_133_S25;WS_133_S29;WS_133_S202;WS_133_S203;WS_133_S210;WS_133_S211;WS_133_S251,C3PA_Dataset/Annotations/WS/133.csv
WS_133,65,ra4,"How, and for What Purpose, We Use and Disclose Your Personal Information",Categories of Personal Information Collected,WS_133_S17;WS_133_S52,C3PA_Dataset/Annotations/WS/133.csv
WS_133,66,ra4,"How, and for What Purpose, We Use and Disclose Your Personal Information",Categories of Personal Information Shared / Disclosed,WS_133_S17;WS_133_S52,C3PA_Dataset/Annotations/WS/133.csv
WS_133,73,ra4,Location Data.,Categories of Personal Information Collected,WS_133_S76;WS_133_S77,C3PA_Dataset/Annotations/WS/133.csv
WS_133,104,ra4,Other Circumstances When Your Data May Be Disclosed,Categories of Personal Information Shared / Disclosed,WS_133_S19;WS_133_S136,C3PA_Dataset/Annotations/WS/133.csv
WS_133,110,ra4,"To exercise the rights detailed in this Section 7, please click here or call us at 866-800-1275.",Methods to exercise rights,WS_133_S192;WS_133_S195;WS_133_S198,C3PA_Dataset/Annotations/WS/133.csv
WS_133,116,ra4,"You may submit an opt-out request by clicking here, by clicking on the “Do Not Sell or Share My Personal Information” link on our homepage, or by dialing 866-800-1275.",Methods to exercise rights,WS_133_S229;WS_133_S232,C3PA_Dataset/Annotations/WS/133.csv
WS_133,118,ra4,"You may submit an opt-out request by clicking here, by clicking on the “Do Not Sell or Share My Personal Information” link on our homepage, or by dialing 866-800-1275.",Methods to exercise rights,WS_133_S229;WS_133_S232,C3PA_Dataset/Annotations/WS/133.csv
WS_133,150,ra1,Other Circumstances When Your Data May Be Disclosed,Categories of Personal Information Shared / Disclosed,WS_133_S19;WS_133_S136,C3PA_Dataset/Annotations/WS/133.csv
WS_133,155,ra1,"To exercise the rights detailed in this Section 7, please click here or call us at 866-800-1275.",Methods to exercise rights,WS_133_S192;WS_133_S195;WS_133_S198,C3PA_Dataset/Annotations/WS/133.csv
WS_133,171,ra1,"You may submit an opt-out request by clicking here, by clicking on the “Do Not Sell or Share My Personal Information” link on our homepage, or by dialing 866-800-1275.",Methods to exercise rights,WS_133_S229;WS_133_S232,C3PA_Dataset/Annotations/WS/133.csv
WS_134,41,ra4,"Information We Collect, Receive and Create about You",Categories of Personal Information Collected,WS_134_S8;WS_134_S40,C3PA_Dataset/Annotations/WS/134.csv
WS_134,49,ra4,Downdetector,Categories of Personal Information Collected,WS_134_S36;WS_134_S57;WS_134_S58;WS_134_S59;WS_134_S60;WS_134_S61,C3PA_Dataset/Annotations/WS/134.csv
WS_134,62,ra4,Maintain and improve service standards,Categories of Personal Information Collected,WS_134_S84;WS_134_S102;WS_134_S121,C3PA_Dataset/Annotations/WS/134.csv
WS_134,72,ra4,Maintain and improve the quality of services. ,Categories of Personal Information Collected,WS_134_S130;WS_134_S138,C3PA_Dataset/Annotations/WS/134.csv
WS_134,73,ra4,Marketing.,Categories of Personal Information Collected,WS_134_S102;WS_134_S107;WS_134_S112;WS_134_S134;WS_134_S142;WS_134_S146,C3PA_Dataset/Annotations/WS/134.csv
WS_134,74,ra4,Maintain and improve the quality of services.,Categories of Personal Information Collected,WS_134_S130;WS_134_S138,C3PA_Dataset/Annotations/WS/134.csv
WS_134,85,ra4,Information We Share with Third Parties,Categories of Personal Information Shared / Disclosed,WS_134_S14;WS_134_S166,C3PA_Dataset/Annotations/WS/134.csv
WS_134,86,ra4,Ziff Davis Companies,Categories of Personal Information Shared / Disclosed,WS_134_S167;WS_134_S168;WS_134_S169,C3PA_Dataset/Annotations/WS/134.csv
WS_134,109,ra1,Categories of personal information,Categories of Personal Information Collected,WS_134_S74;WS_134_S75,C3PA_Dataset/Annotations/WS/134.csv
WS_135,48,ra4,Patrons,Categories of Personal Information Collected,WS_135_S22;WS_135_S33;WS_135_S80;WS_135_S86;WS_135_S87;WS_135_S146;WS_135_S167;WS_135_S170;WS_135_S171;WS_135_S204;WS_135_S223;WS_135_S226;WS_135_S235,C3PA_Dataset/Annotations/WS/135.csv
WS_135,49,ra4,Creators,Categories of Personal Information Collected,WS_135_S4;WS_135_S23;WS_135_S29;WS_135_S32;WS_135_S76;WS_135_S80;WS_135_S86;WS_135_S87;WS_135_S107;WS_135_S108;WS_135_S109;WS_135_S110;WS_135_S111;WS_135_S137;WS_135_S146;WS_135_S153;WS_135_S162;WS_135_S166;WS_135_S171;WS_135_S172;WS_135_S209;WS_135_S213;WS_135_S218;WS_135_S230;WS_135_S234;WS_135_S235;WS_135_S238;WS_135_S240;WS_135_S241;WS_135_S243,C3PA_Dataset/Annotations/WS/135.csv
WS_136,23,ra5,Third Party A,Description of Right to Opt-out of sale of PI,WS_136_S120;WS_136_S158;WS_136_S159;WS_136_S210,C3PA_Dataset/Annotations/WS/136.csv
WS_138,97,ra6,Right to Opt Out of Sales and Sharing,Description of Right to Opt-out of sale of PI,WS_138_S182;WS_138_S213,C3PA_Dataset/Annotations/WS/138.csv
WS_14,5,ra3,"April 19, 2023",Updated Privacy Policy,WS_14_S7;WS_14_S211,C3PA_Dataset/Annotations/WS/14.csv
WS_14,70,ra4,"April 19, 2023",Updated Privacy Policy,WS_14_S7;WS_14_S211,C3PA_Dataset/Annotations/WS/14.csv
WS_140,0,ra5,"Effective Date: August 28, 2023",Updated Privacy Policy,WS_140_S15;WS_140_S27,C3PA_Dataset/Annotations/WS/140.csv
WS_140,1,ra5,"Effective Date: August 28, 2023",Updated Privacy Policy,WS_140_S15;WS_140_S27,C3PA_Dataset/Annotations/WS/140.csv
WS_140,13,ra5,"Effective Date: June 30, 2023",Updated Privacy Policy,WS_140_S147;WS_140_S577;WS_140_S835,C3PA_Dataset/Annotations/WS/140.csv
WS_140,51,ra5,"We use and disclose Sensitive Personal Information only for (i) performing services or providing goods reasonably expected by an average consumer; (ii) detecting security incidents; (iii) resisting malicious, deceptive, or illegal actions; (iv) ensuring the physical safety of individuals; (v) short-term, transient use, including nonpersonalized advertising; (vi) performing or providing internal business services; (vii) verifying or maintaining the quality or safety of a service or device; or (viii) purposes that do not infer characteristics about you.",Categories of Personal Information Shared / Disclosed,WS_140_S497;WS_140_S649,C3PA_Dataset/Annotations/WS/140.csv
WS_140,52,ra5,"We use and disclose Sensitive Personal Information only for (i) performing services or providing goods reasonably expected by an average consumer; (ii) detecting security incidents; (iii) resisting malicious, deceptive, or illegal actions; (iv) ensuring the physical safety of individuals; (v) short-term, transient use, including nonpersonalized advertising; (vi) performing or providing internal business services; (vii) verifying or maintaining the quality or safety of a service or device; or (viii) purposes that do not infer characteristics about you.",Categories of Personal Information Collected,WS_140_S497;WS_140_S649,C3PA_Dataset/Annotations/WS/140.csv
WS_140,60,ra5,"In accordance with applicable law, we will not discriminate against you for exercising these rights.",Description of Right to Non-discrimination on exercising rights,WS_140_S522;WS_140_S808,C3PA_Dataset/Annotations/WS/140.csv
WS_140,61,ra5,"Effective Date: June 30, 2023",Updated Privacy Policy,WS_140_S147;WS_140_S577;WS_140_S835,C3PA_Dataset/Annotations/WS/140.csv
WS_140,97,ra5,"Effective Date: June 30, 2023",Updated Privacy Policy,WS_140_S147;WS_140_S577;WS_140_S835,C3PA_Dataset/Annotations/WS/140.csv
WS_140,106,ra5,"In connection with a corporate transaction, such as if we acquire, or some or all of our assets are acquired by, another entity, including through a sale in connection with bankruptcy and other forms of corporate change.",Categories of Personal Information Sold,WS_140_S634;WS_140_S877,C3PA_Dataset/Annotations/WS/140.csv
WS_140,118,ra1,"Effective Date: August 28, 2023",Updated Privacy Policy,WS_140_S15;WS_140_S27,C3PA_Dataset/Annotations/WS/140.csv
WS_140,119,ra1,"Effective Date: August 28, 2023",Updated Privacy Policy,WS_140_S15;WS_140_S27,C3PA_Dataset/Annotations/WS/140.csv
WS_140,125,ra1,"Effective Date: June 30, 2023",Updated Privacy Policy,WS_140_S147;WS_140_S577;WS_140_S835,C3PA_Dataset/Annotations/WS/140.csv
WS_140,156,ra1,"We use and disclose Sensitive Personal Information only for (i) performing services or providing goods reasonably expected by an average consumer; (ii) detecting security incidents; (iii) resisting malicious, deceptive, or illegal actions; (iv) ensuring the physical safety of individuals; (v) short-term, transient use, including nonpersonalized advertising; (vi) performing or providing internal business services; (vii) verifying or maintaining the quality or safety of a service or device; or (viii) purposes that do not infer characteristics about you.",Categories of Personal Information Shared / Disclosed,WS_140_S497;WS_140_S649,C3PA_Dataset/Annotations/WS/140.csv
WS_140,157,ra1,"We use and disclose Sensitive Personal Information only for (i) performing services or providing goods reasonably expected by an average consumer; (ii) detecting security incidents; (iii) resisting malicious, deceptive, or illegal actions; (iv) ensuring the physical safety of individuals; (v) short-term, transient use, including nonpersonalized advertising; (vi) performing or providing internal business services; (vii) verifying or maintaining the quality or safety of a service or device; or (viii) purposes that do not infer characteristics about you.",Categories of Personal Information Sold,WS_140_S497;WS_140_S649,C3PA_Dataset/Annotations/WS/140.csv
WS_140,165,ra1,"In accordance with applicable law, we will not discriminate against you for exercising these rights.",Description of Right to Non-discrimination on exercising rights,WS_140_S522;WS_140_S808,C3PA_Dataset/Annotations/WS/140.csv
WS_140,169,ra1,"Effective Date: June 30, 2023",Updated Privacy Policy,WS_140_S147;WS_140_S577;WS_140_S835,C3PA_Dataset/Annotations/WS/140.csv
WS_140,208,ra1,"In accordance with applicable law, we will not discriminate against you for exercising these rights.",Description of Right to Non-discrimination on exercising rights,WS_140_S522;WS_140_S808,C3PA_Dataset/Annotations/WS/140.csv
WS_140,210,ra1,"Effective Date: June 30, 2023",Updated Privacy Policy,WS_140_S147;WS_140_S577;WS_140_S835,C3PA_Dataset/Annotations/WS/140.csv
WS_141,22,ra1,RIGHT TO KNOW,Description of Right to Know PI Collected,WS_141_S76;WS_141_S81;WS_141_S118;WS_141_S121,C3PA_Dataset/Annotations/WS/141.csv
WS_141,24,ra1,RIGHT TO DELETE,Description of Right to Delete,WS_141_S86;WS_141_S87;WS_141_S90;WS_141_S118;WS_141_S122,C3PA_Dataset/Annotations/WS/141.csv
WS_142,23,ra5,Seller Account Information,Categories of Personal Information Collected,WS_142_S75;WS_142_S193;WS_142_S202;WS_142_S213;WS_142_S224;WS_142_S233;WS_142_S241;WS_142_S252;WS_142_S256;WS_142_S265;WS_142_S303;WS_142_S312;WS_142_S322;WS_142_S332;WS_142_S337;WS_142_S361;WS_142_S382,C3PA_Dataset/Annotations/WS/142.csv
WS_142,80,ra5,We do not sell your personal information in exchange for monetary compensation,Categories of Personal Information Sold,WS_142_S572;WS_142_S622,C3PA_Dataset/Annotations/WS/142.csv
WS_143,18,ra5,"Personalize content and experiences on our Sites, including providing you recommendations based on your preferences",Categories of Personal Information Shared / Disclosed,WS_143_S123;WS_143_S137,C3PA_Dataset/Annotations/WS/143.csv
WS_148,15,ra5,Deliver personalized advertising and measure the effectiveness of advertisements;,Categories of Personal Information Shared / Disclosed,WS_148_S48;WS_148_S69;WS_148_S297;WS_148_S313;WS_148_S406,C3PA_Dataset/Annotations/WS/148.csv
WS_148,52,ra5,Deliver personalized advertising and measure the effectiveness of advertisements;,Categories of Personal Information Shared / Disclosed,WS_148_S48;WS_148_S69;WS_148_S297;WS_148_S313;WS_148_S406,C3PA_Dataset/Annotations/WS/148.csv
WS_148,56,ra5,Manage Services’ operations;,Categories of Personal Information Shared / Disclosed,WS_148_S49;WS_148_S298;WS_148_S314;WS_148_S407,C3PA_Dataset/Annotations/WS/148.csv
WS_148,61,ra5,Inferences drawn from the use of the Services.,Categories of Personal Information Shared / Disclosed,WS_148_S293;WS_148_S321;WS_148_S417,C3PA_Dataset/Annotations/WS/148.csv
WS_15,92,ra4,What Information Do We Gather about You?,Categories of Personal Information Collected,WS_15_S19;WS_15_S101,C3PA_Dataset/Annotations/WS/15.csv
WS_15,160,ra4,How Are Changes to this Privacy Policy Communicated?,Updated Privacy Policy,WS_15_S97;WS_15_S619,C3PA_Dataset/Annotations/WS/15.csv
WS_154,56,ra5,Categories of Third Parties With Whom the Website Shares Personal Information: See Section 7,Categories of Personal Information Collected,WS_154_S377;WS_154_S388;WS_154_S394;WS_154_S401;WS_154_S408;WS_154_S415;WS_154_S422;WS_154_S429;WS_154_S436,C3PA_Dataset/Annotations/WS/154.csv
WS_154,66,ra5,“Shared or “Sold” (as defined by CCPA) by Company in the Preceding Twelve (12) Months: NO,Categories of Personal Information Sold,WS_154_S389;WS_154_S396;WS_154_S403;WS_154_S424;WS_154_S431,C3PA_Dataset/Annotations/WS/154.csv
WS_154,67,ra5,“Shared or “Sold” (as defined by CCPA) by Company in the Preceding Twelve (12) Months: NO,Categories of Personal Information Sold,WS_154_S389;WS_154_S396;WS_154_S403;WS_154_S424;WS_154_S431,C3PA_Dataset/Annotations/WS/154.csv
WS_154,68,ra5,“Shared or “Sold” (as defined by CCPA) by Company in the Preceding Twelve (12) Months: YES,Categories of Personal Information Sold,WS_154_S410;WS_154_S438,C3PA_Dataset/Annotations/WS/154.csv
WS_154,71,ra5,“Shared or “Sold” (as defined by CCPA) by Company in the Preceding Twelve (12) Months: YES,Categories of Personal Information Sold,WS_154_S410;WS_154_S438,C3PA_Dataset/Annotations/WS/154.csv
WS_154,75,ra5,“Shared or “Sold” (as defined by CCPA) by Company in the Preceding Twelve (12) Months: NO,Categories of Personal Information Sold,WS_154_S389;WS_154_S396;WS_154_S403;WS_154_S424;WS_154_S431,C3PA_Dataset/Annotations/WS/154.csv
WS_154,76,ra5,“Shared or “Sold” (as defined by CCPA) by Company in the Preceding Twelve (12) Months: NO,Categories of Personal Information Sold,WS_154_S389;WS_154_S396;WS_154_S403;WS_154_S424;WS_154_S431,C3PA_Dataset/Annotations/WS/154.csv
WS_154,77,ra5,“Shared or “Sold” (as defined by CCPA) by Company in the Preceding Twelve (12) Months: NO,Categories of Personal Information Sold,WS_154_S389;WS_154_S396;WS_154_S403;WS_154_S424;WS_154_S431,C3PA_Dataset/Annotations/WS/154.csv
WS_155,35,ra5,Submit an Opt Out Request,Methods to exercise rights,WS_155_S210;WS_155_S212,C3PA_Dataset/Annotations/WS/155.csv
WS_159,26,ra6,"You may update or correct your Personal Information at any time by logging into your Papa Johns account, or by contacting our Customer Care Team by calling toll-free 877-547-7272 (877-547-PAPA).",Methods to exercise rights,WS_159_S270;WS_159_S366,C3PA_Dataset/Annotations/WS/159.csv
WS_16,63,ra4,Providing our products and services,Categories of Personal Information Collected,WS_16_S30;WS_16_S51;WS_16_S71;WS_16_S89;WS_16_S109;WS_16_S130;WS_16_S149;WS_16_S169;WS_16_S189;WS_16_S210;WS_16_S221;WS_16_S244,C3PA_Dataset/Annotations/WS/16.csv
WS_16,64,ra4,Facilitating your relationship with our Third-Party Business Partners,Categories of Personal Information Shared / Disclosed,WS_16_S31;WS_16_S52;WS_16_S72;WS_16_S90;WS_16_S110;WS_16_S131;WS_16_S150;WS_16_S170;WS_16_S190;WS_16_S222;WS_16_S245;WS_16_S249,C3PA_Dataset/Annotations/WS/16.csv
WS_16,65,ra4,"Customizing your experience, offers, and content",Categories of Personal Information Collected,WS_16_S33;WS_16_S53;WS_16_S73;WS_16_S91;WS_16_S111;WS_16_S132;WS_16_S151;WS_16_S171;WS_16_S191,C3PA_Dataset/Annotations/WS/16.csv
WS_16,66,ra4,"Customizing your experience, offers, and content",Categories of Personal Information Shared / Disclosed,WS_16_S33;WS_16_S53;WS_16_S73;WS_16_S91;WS_16_S111;WS_16_S132;WS_16_S151;WS_16_S171;WS_16_S191,C3PA_Dataset/Annotations/WS/16.csv
WS_16,67,ra4,"Customizing your experience, offers, and content",Categories of Personal Information Sold,WS_16_S33;WS_16_S53;WS_16_S73;WS_16_S91;WS_16_S111;WS_16_S132;WS_16_S151;WS_16_S171;WS_16_S191,C3PA_Dataset/Annotations/WS/16.csv
WS_16,68,ra4,Registering and administering accounts,Categories of Personal Information Collected,WS_16_S34;WS_16_S54;WS_16_S74;WS_16_S92;WS_16_S112;WS_16_S133;WS_16_S152;WS_16_S172;WS_16_S192;WS_16_S211,C3PA_Dataset/Annotations/WS/16.csv
WS_16,69,ra4,Customer service and communications,Categories of Personal Information Collected,WS_16_S35;WS_16_S55;WS_16_S75;WS_16_S93;WS_16_S113;WS_16_S134;WS_16_S153;WS_16_S173;WS_16_S193;WS_16_S212,C3PA_Dataset/Annotations/WS/16.csv
WS_16,70,ra4,"Research, development, and analytics",Categories of Personal Information Collected,WS_16_S36;WS_16_S56;WS_16_S76;WS_16_S94;WS_16_S114;WS_16_S135;WS_16_S154;WS_16_S174;WS_16_S194;WS_16_S223,C3PA_Dataset/Annotations/WS/16.csv
WS_16,71,ra4,"Ad measurement, attribution, and other ad administration",Categories of Personal Information Collected,WS_16_S37;WS_16_S57;WS_16_S95;WS_16_S115;WS_16_S136;WS_16_S155;WS_16_S175;WS_16_S195;WS_16_S224;WS_16_S250,C3PA_Dataset/Annotations/WS/16.csv
WS_16,72,ra4,Market research and customer satisfaction,Categories of Personal Information Collected,WS_16_S39;WS_16_S58;WS_16_S77;WS_16_S96;WS_16_S116;WS_16_S137;WS_16_S156;WS_16_S176;WS_16_S196,C3PA_Dataset/Annotations/WS/16.csv
WS_16,73,ra4,Targeting advertisements,Categories of Personal Information Collected,WS_16_S40;WS_16_S59;WS_16_S97;WS_16_S117;WS_16_S138;WS_16_S157;WS_16_S177;WS_16_S197;WS_16_S225;WS_16_S248,C3PA_Dataset/Annotations/WS/16.csv
WS_16,74,ra4,Targeting advertisements,Categories of Personal Information Shared / Disclosed,WS_16_S40;WS_16_S59;WS_16_S97;WS_16_S117;WS_16_S138;WS_16_S157;WS_16_S177;WS_16_S197;WS_16_S225;WS_16_S248,C3PA_Dataset/Annotations/WS/16.csv
WS_16,75,ra4,Targeting advertisements,Categories of Personal Information Sold,WS_16_S40;WS_16_S59;WS_16_S97;WS_16_S117;WS_16_S138;WS_16_S157;WS_16_S177;WS_16_S197;WS_16_S225;WS_16_S248,C3PA_Dataset/Annotations/WS/16.csv
WS_16,76,ra4,"Safety, security, and compliance with legal obligations",Categories of Personal Information Collected,WS_16_S41;WS_16_S60;WS_16_S78;WS_16_S98;WS_16_S118;WS_16_S139;WS_16_S158;WS_16_S178;WS_16_S198;WS_16_S213;WS_16_S226,C3PA_Dataset/Annotations/WS/16.csv
WS_16,77,ra4,"Safety, security, and compliance with legal obligations",Categories of Personal Information Shared / Disclosed,WS_16_S41;WS_16_S60;WS_16_S78;WS_16_S98;WS_16_S118;WS_16_S139;WS_16_S158;WS_16_S178;WS_16_S198;WS_16_S213;WS_16_S226,C3PA_Dataset/Annotations/WS/16.csv
WS_16,80,ra4,Marketing Vendors,Categories of Personal Information Shared / Disclosed,WS_16_S65;WS_16_S84;WS_16_S103;WS_16_S108;WS_16_S124;WS_16_S144;WS_16_S163;WS_16_S183;WS_16_S203;WS_16_S231,C3PA_Dataset/Annotations/WS/16.csv
WS_16,81,ra4,Affiliates and related entities,Categories of Personal Information Shared / Disclosed,WS_16_S66;WS_16_S85;WS_16_S104;WS_16_S125;WS_16_S145;WS_16_S164;WS_16_S184;WS_16_S204;WS_16_S218;WS_16_S232;WS_16_S253,C3PA_Dataset/Annotations/WS/16.csv
WS_16,83,ra4,Third-Party Digital Businesses,Categories of Personal Information Sold,WS_16_S38;WS_16_S69;WS_16_S107;WS_16_S128;WS_16_S147;WS_16_S167;WS_16_S187;WS_16_S207;WS_16_S235;WS_16_S253;WS_16_S332;WS_16_S333;WS_16_S334;WS_16_S335;WS_16_S346,C3PA_Dataset/Annotations/WS/16.csv
WS_16,85,ra4,Third-Party Digital Businesses,Categories of Personal Information Shared / Disclosed,WS_16_S38;WS_16_S69;WS_16_S107;WS_16_S128;WS_16_S147;WS_16_S167;WS_16_S187;WS_16_S207;WS_16_S235;WS_16_S253;WS_16_S332;WS_16_S333;WS_16_S334;WS_16_S335;WS_16_S346,C3PA_Dataset/Annotations/WS/16.csv
WS_16,86,ra4,Payment processing Vendors,Categories of Personal Information Shared / Disclosed,WS_16_S83;WS_16_S123,C3PA_Dataset/Annotations/WS/16.csv
WS_163,17,ra6,Sensitive personal information,Categories of Personal Information Collected,WS_163_S83;WS_163_S106,C3PA_Dataset/Annotations/WS/163.csv
WS_165,44,ra6,Corporate,Categories of Personal Information Collected,WS_165_S99;WS_165_S107;WS_165_S113;WS_165_S118;WS_165_S123;WS_165_S127;WS_165_S131;WS_165_S157;WS_165_S182;WS_165_S314;WS_165_S315;WS_165_S347,C3PA_Dataset/Annotations/WS/165.csv
WS_165,58,ra6,"Commercial information, including preferences, such as purchasing history or tendencies and transactional information, such as banking information.",Categories of Personal Information Collected,WS_165_S102;WS_165_S220,C3PA_Dataset/Annotations/WS/165.csv
WS_165,65,ra6,"Audio, electronic, visual, and other sensory information, such as CCTV recordings of our premises (e.g., if you visit our offices); recordings of your interactions with our sales or advocacy teams (e.g., for quality assurance or training purposes, in accordance with applicable laws); or customer support chat or messaging logs.",Categories of Personal Information Collected,WS_165_S120;WS_165_S227,C3PA_Dataset/Annotations/WS/165.csv
WS_165,67,ra6,"Sensitive Personal Data, such as proof of vaccination or race and ethnicity (optional) (where permissible under applicable law).",Categories of Personal Information Collected,WS_165_S128;WS_165_S231,C3PA_Dataset/Annotations/WS/165.csv
WS_166,34,ra6, Raptive will collect and use certain data for advertising purposes.,Categories of Personal Information Collected,WS_166_S5;WS_166_S183,C3PA_Dataset/Annotations/WS/166.csv
WS_166,35,ra6,Raptive will collect and use certain data for advertising purposes.,Categories of Personal Information Shared / Disclosed,WS_166_S5;WS_166_S183,C3PA_Dataset/Annotations/WS/166.csv
WS_168,28,ra6,provided,Categories of Personal Information Collected,WS_168_S48;WS_168_S153;WS_168_S331,C3PA_Dataset/Annotations/WS/168.csv
WS_169,34,ra6,Sold to which third parties: ad networks,Categories of Personal Information Sold,WS_169_S211;WS_169_S227;WS_169_S231,C3PA_Dataset/Annotations/WS/169.csv
WS_169,44,ra6,Sold to which third parties: ad networks,Categories of Personal Information Sold,WS_169_S211;WS_169_S227;WS_169_S231,C3PA_Dataset/Annotations/WS/169.csv
WS_17,41,ra4,To provide marketing and advertising,Categories of Personal Information Shared / Disclosed,WS_17_S52;WS_17_S65;WS_17_S75;WS_17_S85;WS_17_S106;WS_17_S115;WS_17_S130;WS_17_S143,C3PA_Dataset/Annotations/WS/17.csv
WS_17,42,ra4,To provide marketing and advertising,Categories of Personal Information Sold,WS_17_S52;WS_17_S65;WS_17_S75;WS_17_S85;WS_17_S106;WS_17_S115;WS_17_S130;WS_17_S143,C3PA_Dataset/Annotations/WS/17.csv
WS_17,55,ra4,To provide marketing and advertising,Categories of Personal Information Shared / Disclosed,WS_17_S52;WS_17_S65;WS_17_S75;WS_17_S85;WS_17_S106;WS_17_S115;WS_17_S130;WS_17_S143,C3PA_Dataset/Annotations/WS/17.csv
WS_17,56,ra4,To provide marketing and advertising,Categories of Personal Information Sold,WS_17_S52;WS_17_S65;WS_17_S75;WS_17_S85;WS_17_S106;WS_17_S115;WS_17_S130;WS_17_S143,C3PA_Dataset/Annotations/WS/17.csv
WS_2,101,ra4,PERSONAL INFORMATION WE COLLECT,Categories of Personal Information Collected,WS_2_S17;WS_2_S29;WS_2_S30;WS_2_S136;WS_2_S155;WS_2_S209;WS_2_S241;WS_2_S257;WS_2_S260;WS_2_S344;WS_2_S376,C3PA_Dataset/Annotations/WS/2.csv
WS_2,106,ra4,"COOKIES, MOBILE IDs AND SIMILAR TECHNOLOGIES",Categories of Personal Information Collected,WS_2_S18;WS_2_S108,C3PA_Dataset/Annotations/WS/2.csv
WS_2,111,ra4,OUR USE OF PERSONAL INFORMATION,Categories of Personal Information Collected,WS_2_S19;WS_2_S135;WS_2_S243;WS_2_S276;WS_2_S283;WS_2_S289;WS_2_S294;WS_2_S300;WS_2_S306;WS_2_S312;WS_2_S317;WS_2_S322;WS_2_S327,C3PA_Dataset/Annotations/WS/2.csv
WS_2,112,ra4,OUR USE OF PERSONAL INFORMATION,Categories of Personal Information Shared / Disclosed,WS_2_S19;WS_2_S135;WS_2_S243;WS_2_S276;WS_2_S283;WS_2_S289;WS_2_S294;WS_2_S300;WS_2_S306;WS_2_S312;WS_2_S317;WS_2_S322;WS_2_S327,C3PA_Dataset/Annotations/WS/2.csv
WS_2,113,ra4,OUR USE OF PERSONAL INFORMATION,Categories of Personal Information Sold,WS_2_S19;WS_2_S135;WS_2_S243;WS_2_S276;WS_2_S283;WS_2_S289;WS_2_S294;WS_2_S300;WS_2_S306;WS_2_S312;WS_2_S317;WS_2_S322;WS_2_S327,C3PA_Dataset/Annotations/WS/2.csv
WS_2,117,ra4,OUR DISCLOSURE OF PERSONAL INFORMATION,Categories of Personal Information Shared / Disclosed,WS_2_S20;WS_2_S154;WS_2_S342,C3PA_Dataset/Annotations/WS/2.csv
WS_2,129,ra4,Source(s) of information: Directly from you; automatically when you interact with us,Categories of Personal Information Collected,WS_2_S275;WS_2_S282;WS_2_S288;WS_2_S299;WS_2_S305;WS_2_S316;WS_2_S326,C3PA_Dataset/Annotations/WS/2.csv
WS_2,132,ra4,Source(s) of information: Directly from you; automatically when you interact with us,Categories of Personal Information Collected,WS_2_S275;WS_2_S282;WS_2_S288;WS_2_S299;WS_2_S305;WS_2_S316;WS_2_S326,C3PA_Dataset/Annotations/WS/2.csv
WS_2,134,ra4,Source(s) of information: Directly from you; automatically when you interact with us,Categories of Personal Information Collected,WS_2_S275;WS_2_S282;WS_2_S288;WS_2_S299;WS_2_S305;WS_2_S316;WS_2_S326,C3PA_Dataset/Annotations/WS/2.csv
WS_2,138,ra4,Source(s) of information: Directly from you; automatically when you interact with us or use our Services,Categories of Personal Information Collected,WS_2_S299;WS_2_S305,C3PA_Dataset/Annotations/WS/2.csv
WS_2,140,ra4,Source(s) of information: Directly from you; automatically when you interact with us or use our Services,Categories of Personal Information Collected,WS_2_S299;WS_2_S305,C3PA_Dataset/Annotations/WS/2.csv
WS_2,144,ra4,Source(s) of information: Directly from you; automatically when you interact with us;,Categories of Personal Information Collected,WS_2_S316;WS_2_S326,C3PA_Dataset/Annotations/WS/2.csv
WS_2,149,ra4,Disclosure of Personal Information,Categories of Personal Information Shared / Disclosed,WS_2_S13;WS_2_S20;WS_2_S154;WS_2_S331;WS_2_S342;WS_2_S374,C3PA_Dataset/Annotations/WS/2.csv
WS_20,18,ra3,ADP uses Google Analytics as a Third Party vendor. ,Categories of Personal Information Shared / Disclosed,WS_20_S141;WS_20_S544,C3PA_Dataset/Annotations/WS/20.csv
WS_20,37,ra3,Right to Request Correction of your Personal Data -- You may request to correct inaccuracies in your Personal Data;,Description of Right to Correct Information,WS_20_S687;WS_20_S802,C3PA_Dataset/Annotations/WS/20.csv
WS_20,38,ra3,Right to Request Deletion of your Personal Data -- You may request to have your Personal Data deleted; and,Description of Right to Delete,WS_20_S689;WS_20_S804,C3PA_Dataset/Annotations/WS/20.csv
WS_20,43,ra2,"Last Updated: June 1, 2023",Updated Privacy Policy,WS_20_S7;WS_20_S504,C3PA_Dataset/Annotations/WS/20.csv
WS_20,52,ra2,"When you visit our website or use our mobile applications, we collect certain information by automated means, using technologies such as cookies, pixel tags, browser analysis tools, server logs, and web beacons. ",Categories of Personal Information Collected,WS_20_S102;WS_20_S505,C3PA_Dataset/Annotations/WS/20.csv
WS_20,54,ra2,ADP also uses flash cookies (also known as local stored objects) and similar technologies to personalize and enhance your online experience. ,Categories of Personal Information Collected,WS_20_S109;WS_20_S512,C3PA_Dataset/Annotations/WS/20.csv
WS_20,57,ra2,"In many cases, the information we collect using cookies and other tools is only used in a non-identifiable way, without reference to Personal Data. ",Categories of Personal Information Collected,WS_20_S122;WS_20_S525,C3PA_Dataset/Annotations/WS/20.csv
WS_20,59,ra2,"These Third Party advertising companies do not collect Personal Data in this process, and we do not give Personal Data to them as part of this process. ",Categories of Personal Information Collected,WS_20_S133;WS_20_S536,C3PA_Dataset/Annotations/WS/20.csv
WS_20,71,ra2,These Third Party advertising companies may place cookies on your computer when you visit our website or other websites so they can display targeted advertisements to you.,Categories of Personal Information Collected,WS_20_S132;WS_20_S535,C3PA_Dataset/Annotations/WS/20.csv
WS_20,84,ra2,Right to Request Correction of your Personal Data -- You may request to correct inaccuracies in your Personal Data;,Description of Right to Correct Information,WS_20_S687;WS_20_S802,C3PA_Dataset/Annotations/WS/20.csv
WS_20,85,ra2,Right to Request Deletion of your Personal Data -- You may request to have your Personal Data deleted; and,Description of Right to Delete,WS_20_S689;WS_20_S804,C3PA_Dataset/Annotations/WS/20.csv
WS_20,89,ra2,"To request to opt out of any future sharing of your Personal Data for purposes of targeted advertising, please go to https://www.adp.com and click the Cookie Preferences",Methods to exercise rights,WS_20_S699;WS_20_S814,C3PA_Dataset/Annotations/WS/20.csv
WS_20,127,ra1,"We will also disclose personal data when required to do so by law, such as in response to a subpoena, including to law enforcement agencies and courts in the United States and other countries where we operate.",Categories of Personal Information Shared / Disclosed,WS_20_S95;WS_20_S397,C3PA_Dataset/Annotations/WS/20.csv
WS_20,151,ra1,Right to Request Correction of your Personal Data -- You may request to correct inaccuracies in your Personal Data;,Description of Right to Correct Information,WS_20_S687;WS_20_S802,C3PA_Dataset/Annotations/WS/20.csv
WS_20,152,ra1,Right to Request Deletion of your Personal Data -- You may request to have your Personal Data deleted; and,Description of Right to Delete,WS_20_S689;WS_20_S804,C3PA_Dataset/Annotations/WS/20.csv
WS_20,156,ra1,"We may need to request additional Personal Data from you, such as your name and email address, in order to verify your identity and protect against fraudulent requests.",Categories of Personal Information Collected,WS_20_S696;WS_20_S811,C3PA_Dataset/Annotations/WS/20.csv
WS_21,73,ra4,Other Ways Personal Information is Collected,Categories of Personal Information Collected,WS_21_S22;WS_21_S107,C3PA_Dataset/Annotations/WS/21.csv
WS_21,82,ra4,With Whom We Share Your Personal Information and Why,Categories of Personal Information Shared / Disclosed,WS_21_S24;WS_21_S161,C3PA_Dataset/Annotations/WS/21.csv
WS_22,14,ra3,"Last updated: January 1, 2023 ",Updated Privacy Policy,WS_22_S170;WS_22_S321,C3PA_Dataset/Annotations/WS/22.csv
WS_22,26,ra3,Right to Delete: You have the right to request that we delete certain personal information we collected from you.,Description of Right to Delete,WS_22_S293;WS_22_S350;WS_22_S393,C3PA_Dataset/Annotations/WS/22.csv
WS_22,27,ra3," To exercise your rights, please see the “Exercise of Your Rights” section.",Methods to exercise rights,WS_22_S294;WS_22_S296;WS_22_S303;WS_22_S351;WS_22_S353;WS_22_S358,C3PA_Dataset/Annotations/WS/22.csv
WS_22,30,ra3,"To exercise your rights, please see the “Exercise of Your Rights” section.",Methods to exercise rights,WS_22_S294;WS_22_S296;WS_22_S303;WS_22_S351;WS_22_S353;WS_22_S358,C3PA_Dataset/Annotations/WS/22.csv
WS_22,31,ra3,Right to Correct: You have the right to correct inaccurate personal information we hold about you. ,Description of Right to Correct Information,WS_22_S299;WS_22_S354,C3PA_Dataset/Annotations/WS/22.csv
WS_22,40,ra3,Right to Delete: You have the right to request that we delete certain personal information we collected from you.,Description of Right to Delete,WS_22_S293;WS_22_S350;WS_22_S393,C3PA_Dataset/Annotations/WS/22.csv
WS_22,50,ra3,Request a Report,Methods to exercise rights,WS_22_S418;WS_22_S420,C3PA_Dataset/Annotations/WS/22.csv
WS_22,73,ra2,Right to Delete: You have the right to request that we delete certain personal information we collected from you.,Description of Right to Delete,WS_22_S293;WS_22_S350;WS_22_S393,C3PA_Dataset/Annotations/WS/22.csv
WS_22,85,ra2,Right to Delete: You have the right to request that we delete certain personal information we collected from you.,Description of Right to Delete,WS_22_S293;WS_22_S350;WS_22_S393,C3PA_Dataset/Annotations/WS/22.csv
WS_22,120,ra1,"Last updated: January 1, 2023 ",Updated Privacy Policy,WS_22_S170;WS_22_S321,C3PA_Dataset/Annotations/WS/22.csv
WS_22,128,ra1,"To the extent we process deidentified information, we will maintain and use the information in deidentified form and will not attempt to reidentify the information unless permitted by applicable law. ",Categories of Personal Information Collected,WS_22_S196;WS_22_S347,C3PA_Dataset/Annotations/WS/22.csv
WS_22,139,ra1,Right to Delete: You have the right to request that we delete certain personal information we collected from you.,Description of Right to Delete,WS_22_S293;WS_22_S350;WS_22_S393,C3PA_Dataset/Annotations/WS/22.csv
WS_22,140,ra1,"To exercise your rights, please see the “Exercise of Your Rights” section.",Methods to exercise rights,WS_22_S294;WS_22_S296;WS_22_S303;WS_22_S351;WS_22_S353;WS_22_S358,C3PA_Dataset/Annotations/WS/22.csv
WS_22,143,ra1,"To exercise your rights, please see the “Exercise of Your Rights” section.",Methods to exercise rights,WS_22_S294;WS_22_S296;WS_22_S303;WS_22_S351;WS_22_S353;WS_22_S358,C3PA_Dataset/Annotations/WS/22.csv
WS_22,146,ra1,Right to Correct: You have the right to correct inaccurate personal information we hold about you.,Description of Right to Correct Information,WS_22_S299;WS_22_S354,C3PA_Dataset/Annotations/WS/22.csv
WS_22,149,ra1,"To exercise your rights, please see the “Exercise of Your Rights” section.",Methods to exercise rights,WS_22_S294;WS_22_S296;WS_22_S303;WS_22_S351;WS_22_S353;WS_22_S358,C3PA_Dataset/Annotations/WS/22.csv
WS_22,151,ra1,"first and last name, email address, country, street address, city and zip code.",Categories of Personal Information Collected,WS_22_S310;WS_22_S364,C3PA_Dataset/Annotations/WS/22.csv
WS_22,152,ra1,"For authorized agents making a request on a consumer’s behalf, download a verification form  here to complete and submit the completed form together with the above request.",Methods to exercise rights,WS_22_S312;WS_22_S366,C3PA_Dataset/Annotations/WS/22.csv
WS_22,153,ra1,"Last updated: January 1, 2023 ",Updated Privacy Policy,WS_22_S170;WS_22_S321,C3PA_Dataset/Annotations/WS/22.csv
WS_22,160,ra1,Right to Delete: You have the right to request that we delete certain personal information we collected from you.,Description of Right to Delete,WS_22_S293;WS_22_S350;WS_22_S393,C3PA_Dataset/Annotations/WS/22.csv
WS_23,48,ra3,To exercise this right please use our other rights request form.,Methods to exercise rights,WS_23_S512;WS_23_S537;WS_23_S541,C3PA_Dataset/Annotations/WS/23.csv
WS_23,118,ra2,To exercise this right please use our other rights request form.,Methods to exercise rights,WS_23_S512;WS_23_S537;WS_23_S541,C3PA_Dataset/Annotations/WS/23.csv
WS_23,146,ra4,Who we share it with and why,Categories of Personal Information Shared / Disclosed,WS_23_S115;WS_23_S181;WS_23_S213;WS_23_S258;WS_23_S301;WS_23_S325;WS_23_S359;WS_23_S388;WS_23_S424,C3PA_Dataset/Annotations/WS/23.csv
WS_23,177,ra4,When you create or sign into your online Reach account,Categories of Personal Information Collected,WS_23_S17;WS_23_S229,C3PA_Dataset/Annotations/WS/23.csv
WS_23,185,ra4,When we communicate with you by email,Categories of Personal Information Collected,WS_23_S18;WS_23_S268,C3PA_Dataset/Annotations/WS/23.csv
WS_23,197,ra4,The data we collect and what we do with it,Categories of Personal Information Collected,WS_23_S86;WS_23_S193;WS_23_S234;WS_23_S283;WS_23_S313;WS_23_S340;WS_23_S376;WS_23_S407,C3PA_Dataset/Annotations/WS/23.csv
WS_23,201,ra4,When you enter a competition or prize draw,Categories of Personal Information Collected,WS_23_S19;WS_23_S367;WS_23_S377,C3PA_Dataset/Annotations/WS/23.csv
WS_23,207,ra4,When you complete a survey,Categories of Personal Information Collected,WS_23_S20;WS_23_S397,C3PA_Dataset/Annotations/WS/23.csv
WS_23,220,ra4,Who we share it with and why,Categories of Personal Information Shared / Disclosed,WS_23_S115;WS_23_S181;WS_23_S213;WS_23_S258;WS_23_S301;WS_23_S325;WS_23_S359;WS_23_S388;WS_23_S424,C3PA_Dataset/Annotations/WS/23.csv
WS_23,223,ra4,When you place a classified ad,Categories of Personal Information Collected,WS_23_S22;WS_23_S445;WS_23_S446,C3PA_Dataset/Annotations/WS/23.csv
WS_23,226,ra4,When you apply for a job with us,Categories of Personal Information Collected,WS_23_S23;WS_23_S455;WS_23_S456,C3PA_Dataset/Annotations/WS/23.csv
WS_23,229,ra4,When you work at other organisations that we do business with,Categories of Personal Information Collected,WS_23_S24;WS_23_S464,C3PA_Dataset/Annotations/WS/23.csv
WS_23,233,ra4,Site visits and CCTV at our premises,Categories of Personal Information Collected,WS_23_S25;WS_23_S475,C3PA_Dataset/Annotations/WS/23.csv
WS_23,236,ra4,Further data sharing by Reach,Categories of Personal Information Shared / Disclosed,WS_23_S26;WS_23_S483,C3PA_Dataset/Annotations/WS/23.csv
WS_23,245,ra4,To exercise this right please use our other rights request form.,Methods to exercise rights,WS_23_S512;WS_23_S537;WS_23_S541,C3PA_Dataset/Annotations/WS/23.csv
WS_25,96,ra4,Sharing of Your Information,Categories of Personal Information Shared / Disclosed,WS_25_S146;WS_25_S301,C3PA_Dataset/Annotations/WS/25.csv
WS_26,0,ra3,"Last Modified: August 17, 2023",Updated Privacy Policy,WS_26_S52;WS_26_S482;WS_26_S747,C3PA_Dataset/Annotations/WS/26.csv
WS_26,5,ra3,"Last Modified: August 17, 2023",Updated Privacy Policy,WS_26_S52;WS_26_S482;WS_26_S747,C3PA_Dataset/Annotations/WS/26.csv
WS_26,26,ra2,"Last Modified: August 17, 2023",Updated Privacy Policy,WS_26_S52;WS_26_S482;WS_26_S747,C3PA_Dataset/Annotations/WS/26.csv
WS_26,31,ra2,"Last Modified: August 17, 2023",Updated Privacy Policy,WS_26_S52;WS_26_S482;WS_26_S747,C3PA_Dataset/Annotations/WS/26.csv
WS_27,21,ra3,To correct personal information,Description of Right to Correct Information,WS_27_S388;WS_27_S433,C3PA_Dataset/Annotations/WS/27.csv
WS_27,22,ra3,To delete personal information,Description of Right to Delete,WS_27_S389;WS_27_S434,C3PA_Dataset/Annotations/WS/27.csv
WS_27,25,ra3,To non-discrimination,Description of Right to Non-discrimination on exercising rights,WS_27_S219;WS_27_S393;WS_27_S436,C3PA_Dataset/Annotations/WS/27.csv
WS_27,80,ra5,Inferences,Categories of Personal Information Shared / Disclosed,WS_27_S90;WS_27_S91;WS_27_S128;WS_27_S360;WS_27_S379;WS_27_S383;WS_27_S403;WS_27_S428,C3PA_Dataset/Annotations/WS/27.csv
WS_27,81,ra5,Identifiers,Categories of Personal Information Shared / Disclosed,WS_27_S51;WS_27_S52;WS_27_S79;WS_27_S283;WS_27_S353;WS_27_S376;WS_27_S381;WS_27_S428,C3PA_Dataset/Annotations/WS/27.csv
WS_27,83,ra5,Commercial Information,Categories of Personal Information Shared / Disclosed,WS_27_S54;WS_27_S356;WS_27_S382,C3PA_Dataset/Annotations/WS/27.csv
WS_27,84,ra5,Identifiers,Categories of Personal Information Sold,WS_27_S51;WS_27_S52;WS_27_S79;WS_27_S283;WS_27_S353;WS_27_S376;WS_27_S381;WS_27_S428,C3PA_Dataset/Annotations/WS/27.csv
WS_27,86,ra5,Inferences,Categories of Personal Information Sold,WS_27_S90;WS_27_S91;WS_27_S128;WS_27_S360;WS_27_S379;WS_27_S383;WS_27_S403;WS_27_S428,C3PA_Dataset/Annotations/WS/27.csv
WS_27,89,ra5,To correct personal information,Description of Right to Correct Information,WS_27_S388;WS_27_S433,C3PA_Dataset/Annotations/WS/27.csv
WS_27,90,ra5,To delete personal information,Description of Right to Delete,WS_27_S389;WS_27_S434,C3PA_Dataset/Annotations/WS/27.csv
WS_27,93,ra5,o non-discrimination,Description of Right to Non-discrimination on exercising rights,WS_27_S219;WS_27_S393;WS_27_S436,C3PA_Dataset/Annotations/WS/27.csv
WS_27,96,ra4,Personal Information We Collect,Categories of Personal Information Collected,WS_27_S9;WS_27_S42;WS_27_S49;WS_27_S103;WS_27_S151;WS_27_S210;WS_27_S351;WS_27_S422,C3PA_Dataset/Annotations/WS/27.csv
WS_27,105,ra4,How and Why We Use Your Information,Categories of Personal Information Collected,WS_27_S11;WS_27_S102,C3PA_Dataset/Annotations/WS/27.csv
WS_27,106,ra4,How and Why We Use Your Information,Categories of Personal Information Shared / Disclosed,WS_27_S11;WS_27_S102,C3PA_Dataset/Annotations/WS/27.csv
WS_27,121,ra4,How We Disclose and Share Personal Information ,Categories of Personal Information Shared / Disclosed,WS_27_S13;WS_27_S150;WS_27_S426,C3PA_Dataset/Annotations/WS/27.csv
WS_27,148,ra4,About Cookies and Similar Technologies,Categories of Personal Information Collected,WS_27_S25;WS_27_S83;WS_27_S164;WS_27_S251;WS_27_S282,C3PA_Dataset/Annotations/WS/27.csv
WS_27,157,ra4,Changes to Our Privacy Policy,Updated Privacy Policy,WS_27_S29;WS_27_S334,C3PA_Dataset/Annotations/WS/27.csv
WS_27,159,ra4,"Questions, Feedback and Metrics",Methods to exercise rights,WS_27_S31;WS_27_S239;WS_27_S246;WS_27_S280;WS_27_S340;WS_27_S417,C3PA_Dataset/Annotations/WS/27.csv
WS_28,8,ra3,"To exercise your rights, please click here.",Methods to exercise rights,WS_28_S161;WS_28_S202,C3PA_Dataset/Annotations/WS/28.csv
WS_28,50,ra4,What Personal Data Do We Receive?,Categories of Personal Information Collected,WS_28_S6;WS_28_S18;WS_28_S226;WS_28_S228,C3PA_Dataset/Annotations/WS/28.csv
WS_28,56,ra4,How Do We Use Personal Data?,Categories of Personal Information Collected,WS_28_S7;WS_28_S47,C3PA_Dataset/Annotations/WS/28.csv
WS_28,60,ra4,"Zoom does not use any of your audio, video, chat, screen sharing, attachments or other communications-like Customer Content (such as poll results, whiteboard and reactions) to train Zoom’s or third-party artificial intelligence models.",Categories of Personal Information Collected,WS_28_S49;WS_28_S66,C3PA_Dataset/Annotations/WS/28.csv
WS_28,67,ra4,How Do We Share Personal Data?,Categories of Personal Information Shared / Disclosed,WS_28_S8;WS_28_S75,C3PA_Dataset/Annotations/WS/28.csv
WS_28,77,ra4,"To exercise your rights, please click here.",Methods to exercise rights,WS_28_S161;WS_28_S202,C3PA_Dataset/Annotations/WS/28.csv
WS_3,73,ra4,HOW WE DISCLOSE YOUR PERSONAL INFORMATION,Categories of Personal Information Shared / Disclosed,WS_3_S30;WS_3_S169,C3PA_Dataset/Annotations/WS/3.csv
WS_31,80,ra4,Sharing your personal data,Categories of Personal Information Shared / Disclosed,WS_31_S25;WS_31_S154,C3PA_Dataset/Annotations/WS/31.csv
WS_31,85,ra4,Cookie policy,Categories of Personal Information Collected,WS_31_S3;WS_31_S5;WS_31_S33;WS_31_S93;WS_31_S118;WS_31_S163;WS_31_S214;WS_31_S267;WS_31_S272,C3PA_Dataset/Annotations/WS/31.csv
WS_32,49,ra2,You may delete your personal information in the Privacy section of your Intuit account or visit our Intuit Privacy Center or call us toll-free at 1 (877) 261-6470. ,Methods to exercise rights,WS_32_S409;WS_32_S457;WS_32_S494;WS_32_S531,C3PA_Dataset/Annotations/WS/32.csv
WS_32,57,ra4,Third-party sources,Categories of Personal Information Collected,WS_32_S110;WS_32_S118,C3PA_Dataset/Annotations/WS/32.csv
WS_32,69,ra4,Cookies and similar technologies,Categories of Personal Information Collected,WS_32_S166;WS_32_S174;WS_32_S175,C3PA_Dataset/Annotations/WS/32.csv
WS_32,82,ra4,"Enforce, remedy, or apply our Terms of Service or other agreements",Categories of Personal Information Collected,WS_32_S214;WS_32_S283,C3PA_Dataset/Annotations/WS/32.csv
WS_33,10,ra3, You may also reach us at data-privacy@buzzfeed.com.,Methods to exercise rights,WS_33_S330;WS_33_S368,C3PA_Dataset/Annotations/WS/33.csv
WS_33,116,ra4,Cookie policy,Categories of Personal Information Collected,WS_33_S8;WS_33_S10;WS_33_S28;WS_33_S81;WS_33_S104;WS_33_S147;WS_33_S194;WS_33_S248;WS_33_S253,C3PA_Dataset/Annotations/WS/33.csv
WS_34,55,ra5, Location information,Categories of Personal Information Shared / Disclosed,WS_34_S69;WS_34_S73;WS_34_S76;WS_34_S420,C3PA_Dataset/Annotations/WS/34.csv
WS_34,98,ra4,Cookies and other electronic technologies,Categories of Personal Information Collected,WS_34_S79;WS_34_S375,C3PA_Dataset/Annotations/WS/34.csv
WS_34,131,ra4,Tailored advertising,Categories of Personal Information Shared / Disclosed,WS_34_S20;WS_34_S138;WS_34_S145;WS_34_S150;WS_34_S153;WS_34_S158,C3PA_Dataset/Annotations/WS/34.csv
WS_34,132,ra4, Tailored advertising,Categories of Personal Information Sold,WS_34_S20;WS_34_S138;WS_34_S145;WS_34_S150;WS_34_S153;WS_34_S158,C3PA_Dataset/Annotations/WS/34.csv
WS_34,182,ra4,Our Marketing and Third-Party Marketing and Advertising Purposes.,Categories of Personal Information Shared / Disclosed,WS_34_S274;WS_34_S299;WS_34_S337;WS_34_S359;WS_34_S385;WS_34_S406;WS_34_S428;WS_34_S468;WS_34_S488;WS_34_S508;WS_34_S541;WS_34_S556,C3PA_Dataset/Annotations/WS/34.csv
WS_34,183,ra4,Our Marketing and Third-Party Marketing and Advertising Purposes.,Categories of Personal Information Sold,WS_34_S274;WS_34_S299;WS_34_S337;WS_34_S359;WS_34_S385;WS_34_S406;WS_34_S428;WS_34_S468;WS_34_S488;WS_34_S508;WS_34_S541;WS_34_S556,C3PA_Dataset/Annotations/WS/34.csv
WS_34,184,ra4,"Security, fraud and legal compliance.",Categories of Personal Information Shared / Disclosed,WS_34_S277;WS_34_S302;WS_34_S322;WS_34_S338;WS_34_S362;WS_34_S388;WS_34_S409;WS_34_S431;WS_34_S450;WS_34_S471;WS_34_S490;WS_34_S510;WS_34_S529;WS_34_S542;WS_34_S557,C3PA_Dataset/Annotations/WS/34.csv
WS_34,185,ra4,Marketing and Third-Party Marketing and Advertising Purposes.,Categories of Personal Information Shared / Disclosed,WS_34_S274;WS_34_S299;WS_34_S337;WS_34_S359;WS_34_S385;WS_34_S406;WS_34_S428;WS_34_S468;WS_34_S488;WS_34_S508;WS_34_S541;WS_34_S556,C3PA_Dataset/Annotations/WS/34.csv
WS_34,186,ra4,Marketing and Third-Party Marketing and Advertising Purposes,Categories of Personal Information Sold,WS_34_S274;WS_34_S299;WS_34_S337;WS_34_S359;WS_34_S385;WS_34_S406;WS_34_S428;WS_34_S468;WS_34_S488;WS_34_S508;WS_34_S541;WS_34_S556,C3PA_Dataset/Annotations/WS/34.csv
WS_34,187,ra4,"Security, fraud and legal compliance.",Categories of Personal Information Shared / Disclosed,WS_34_S277;WS_34_S302;WS_34_S322;WS_34_S338;WS_34_S362;WS_34_S388;WS_34_S409;WS_34_S431;WS_34_S450;WS_34_S471;WS_34_S490;WS_34_S510;WS_34_S529;WS_34_S542;WS_34_S557,C3PA_Dataset/Annotations/WS/34.csv
WS_34,188,ra4,"Security, fraud and legal compliance.",Categories of Personal Information Shared / Disclosed,WS_34_S277;WS_34_S302;WS_34_S322;WS_34_S338;WS_34_S362;WS_34_S388;WS_34_S409;WS_34_S431;WS_34_S450;WS_34_S471;WS_34_S490;WS_34_S510;WS_34_S529;WS_34_S542;WS_34_S557,C3PA_Dataset/Annotations/WS/34.csv
WS_34,189,ra4,Our Marketing and Third-Party Marketing and Advertising Purposes.,Categories of Personal Information Shared / Disclosed,WS_34_S274;WS_34_S299;WS_34_S337;WS_34_S359;WS_34_S385;WS_34_S406;WS_34_S428;WS_34_S468;WS_34_S488;WS_34_S508;WS_34_S541;WS_34_S556,C3PA_Dataset/Annotations/WS/34.csv
WS_34,190,ra4,Our Marketing and Third-Party Marketing and Advertising Purposes.,Categories of Personal Information Sold,WS_34_S274;WS_34_S299;WS_34_S337;WS_34_S359;WS_34_S385;WS_34_S406;WS_34_S428;WS_34_S468;WS_34_S488;WS_34_S508;WS_34_S541;WS_34_S556,C3PA_Dataset/Annotations/WS/34.csv
WS_34,191,ra4,"Security, fraud and legal compliance.",Categories of Personal Information Shared / Disclosed,WS_34_S277;WS_34_S302;WS_34_S322;WS_34_S338;WS_34_S362;WS_34_S388;WS_34_S409;WS_34_S431;WS_34_S450;WS_34_S471;WS_34_S490;WS_34_S510;WS_34_S529;WS_34_S542;WS_34_S557,C3PA_Dataset/Annotations/WS/34.csv
WS_34,192,ra4,Our Marketing and Third-Party Marketing and Advertising Purposes.,Categories of Personal Information Shared / Disclosed,WS_34_S274;WS_34_S299;WS_34_S337;WS_34_S359;WS_34_S385;WS_34_S406;WS_34_S428;WS_34_S468;WS_34_S488;WS_34_S508;WS_34_S541;WS_34_S556,C3PA_Dataset/Annotations/WS/34.csv
WS_34,193,ra4,Our Marketing and Third-Party Marketing and Advertising Purposes.,Categories of Personal Information Sold,WS_34_S274;WS_34_S299;WS_34_S337;WS_34_S359;WS_34_S385;WS_34_S406;WS_34_S428;WS_34_S468;WS_34_S488;WS_34_S508;WS_34_S541;WS_34_S556,C3PA_Dataset/Annotations/WS/34.csv
WS_34,194,ra4,"Security, fraud and legal compliance.",Categories of Personal Information Shared / Disclosed,WS_34_S277;WS_34_S302;WS_34_S322;WS_34_S338;WS_34_S362;WS_34_S388;WS_34_S409;WS_34_S431;WS_34_S450;WS_34_S471;WS_34_S490;WS_34_S510;WS_34_S529;WS_34_S542;WS_34_S557,C3PA_Dataset/Annotations/WS/34.csv
WS_34,195,ra4,Our Marketing and Third-Party Marketing and Advertising Purposes.,Categories of Personal Information Shared / Disclosed,WS_34_S274;WS_34_S299;WS_34_S337;WS_34_S359;WS_34_S385;WS_34_S406;WS_34_S428;WS_34_S468;WS_34_S488;WS_34_S508;WS_34_S541;WS_34_S556,C3PA_Dataset/Annotations/WS/34.csv
WS_34,196,ra4,Our Marketing and Third-Party Marketing and Advertising Purposes.,Categories of Personal Information Sold,WS_34_S274;WS_34_S299;WS_34_S337;WS_34_S359;WS_34_S385;WS_34_S406;WS_34_S428;WS_34_S468;WS_34_S488;WS_34_S508;WS_34_S541;WS_34_S556,C3PA_Dataset/Annotations/WS/34.csv
WS_34,197,ra4,"Security, fraud and legal compliance.",Categories of Personal Information Shared / Disclosed,WS_34_S277;WS_34_S302;WS_34_S322;WS_34_S338;WS_34_S362;WS_34_S388;WS_34_S409;WS_34_S431;WS_34_S450;WS_34_S471;WS_34_S490;WS_34_S510;WS_34_S529;WS_34_S542;WS_34_S557,C3PA_Dataset/Annotations/WS/34.csv
WS_34,198,ra4,Our Marketing and Third-Party Marketing and Advertising Purposes.,Categories of Personal Information Shared / Disclosed,WS_34_S274;WS_34_S299;WS_34_S337;WS_34_S359;WS_34_S385;WS_34_S406;WS_34_S428;WS_34_S468;WS_34_S488;WS_34_S508;WS_34_S541;WS_34_S556,C3PA_Dataset/Annotations/WS/34.csv
WS_34,199,ra4,Our Marketing and Third-Party Marketing and Advertising Purposes.,Categories of Personal Information Sold,WS_34_S274;WS_34_S299;WS_34_S337;WS_34_S359;WS_34_S385;WS_34_S406;WS_34_S428;WS_34_S468;WS_34_S488;WS_34_S508;WS_34_S541;WS_34_S556,C3PA_Dataset/Annotations/WS/34.csv
WS_34,200,ra4,"Security, fraud and legal compliance.",Categories of Personal Information Shared / Disclosed,WS_34_S277;WS_34_S302;WS_34_S322;WS_34_S338;WS_34_S362;WS_34_S388;WS_34_S409;WS_34_S431;WS_34_S450;WS_34_S471;WS_34_S490;WS_34_S510;WS_34_S529;WS_34_S542;WS_34_S557,C3PA_Dataset/Annotations/WS/34.csv
WS_34,201,ra4,Our Marketing and Third-Party Marketing and Advertising Purposes.,Categories of Personal Information Shared / Disclosed,WS_34_S274;WS_34_S299;WS_34_S337;WS_34_S359;WS_34_S385;WS_34_S406;WS_34_S428;WS_34_S468;WS_34_S488;WS_34_S508;WS_34_S541;WS_34_S556,C3PA_Dataset/Annotations/WS/34.csv
WS_34,202,ra4,Our Marketing and Third-Party Marketing and Advertising Purposes.,Categories of Personal Information Sold,WS_34_S274;WS_34_S299;WS_34_S337;WS_34_S359;WS_34_S385;WS_34_S406;WS_34_S428;WS_34_S468;WS_34_S488;WS_34_S508;WS_34_S541;WS_34_S556,C3PA_Dataset/Annotations/WS/34.csv
WS_34,203,ra4,"Security, fraud and legal compliance.",Categories of Personal Information Shared / Disclosed,WS_34_S277;WS_34_S302;WS_34_S322;WS_34_S338;WS_34_S362;WS_34_S388;WS_34_S409;WS_34_S431;WS_34_S450;WS_34_S471;WS_34_S490;WS_34_S510;WS_34_S529;WS_34_S542;WS_34_S557,C3PA_Dataset/Annotations/WS/34.csv
WS_34,204,ra4,"Security, fraud and legal compliance.",Categories of Personal Information Shared / Disclosed,WS_34_S277;WS_34_S302;WS_34_S322;WS_34_S338;WS_34_S362;WS_34_S388;WS_34_S409;WS_34_S431;WS_34_S450;WS_34_S471;WS_34_S490;WS_34_S510;WS_34_S529;WS_34_S542;WS_34_S557,C3PA_Dataset/Annotations/WS/34.csv
WS_34,205,ra4,Our Marketing and Third-Party Marketing and Advertising Purposes.,Categories of Personal Information Shared / Disclosed,WS_34_S274;WS_34_S299;WS_34_S337;WS_34_S359;WS_34_S385;WS_34_S406;WS_34_S428;WS_34_S468;WS_34_S488;WS_34_S508;WS_34_S541;WS_34_S556,C3PA_Dataset/Annotations/WS/34.csv
WS_34,206,ra4,Our Marketing and Third-Party Marketing and Advertising Purposes.,Categories of Personal Information Sold,WS_34_S274;WS_34_S299;WS_34_S337;WS_34_S359;WS_34_S385;WS_34_S406;WS_34_S428;WS_34_S468;WS_34_S488;WS_34_S508;WS_34_S541;WS_34_S556,C3PA_Dataset/Annotations/WS/34.csv
WS_34,207,ra4,"Security, fraud and legal compliance.",Categories of Personal Information Shared / Disclosed,WS_34_S277;WS_34_S302;WS_34_S322;WS_34_S338;WS_34_S362;WS_34_S388;WS_34_S409;WS_34_S431;WS_34_S450;WS_34_S471;WS_34_S490;WS_34_S510;WS_34_S529;WS_34_S542;WS_34_S557,C3PA_Dataset/Annotations/WS/34.csv
WS_34,208,ra4,Our Marketing and Third-Party Marketing and Advertising Purposes.,Categories of Personal Information Shared / Disclosed,WS_34_S274;WS_34_S299;WS_34_S337;WS_34_S359;WS_34_S385;WS_34_S406;WS_34_S428;WS_34_S468;WS_34_S488;WS_34_S508;WS_34_S541;WS_34_S556,C3PA_Dataset/Annotations/WS/34.csv
WS_34,209,ra4,Our Marketing and Third-Party Marketing and Advertising Purposes.,Categories of Personal Information Sold,WS_34_S274;WS_34_S299;WS_34_S337;WS_34_S359;WS_34_S385;WS_34_S406;WS_34_S428;WS_34_S468;WS_34_S488;WS_34_S508;WS_34_S541;WS_34_S556,C3PA_Dataset/Annotations/WS/34.csv
WS_34,210,ra4,"Security, fraud and legal compliance.",Categories of Personal Information Shared / Disclosed,WS_34_S277;WS_34_S302;WS_34_S322;WS_34_S338;WS_34_S362;WS_34_S388;WS_34_S409;WS_34_S431;WS_34_S450;WS_34_S471;WS_34_S490;WS_34_S510;WS_34_S529;WS_34_S542;WS_34_S557,C3PA_Dataset/Annotations/WS/34.csv
WS_34,211,ra4,Our Marketing and Third-Party Marketing and Advertising Purposes.,Categories of Personal Information Shared / Disclosed,WS_34_S274;WS_34_S299;WS_34_S337;WS_34_S359;WS_34_S385;WS_34_S406;WS_34_S428;WS_34_S468;WS_34_S488;WS_34_S508;WS_34_S541;WS_34_S556,C3PA_Dataset/Annotations/WS/34.csv
WS_34,212,ra4,Our Marketing and Third-Party Marketing and Advertising Purposes.,Categories of Personal Information Sold,WS_34_S274;WS_34_S299;WS_34_S337;WS_34_S359;WS_34_S385;WS_34_S406;WS_34_S428;WS_34_S468;WS_34_S488;WS_34_S508;WS_34_S541;WS_34_S556,C3PA_Dataset/Annotations/WS/34.csv
WS_34,213,ra4,"Security, fraud and legal compliance.",Categories of Personal Information Shared / Disclosed,WS_34_S277;WS_34_S302;WS_34_S322;WS_34_S338;WS_34_S362;WS_34_S388;WS_34_S409;WS_34_S431;WS_34_S450;WS_34_S471;WS_34_S490;WS_34_S510;WS_34_S529;WS_34_S542;WS_34_S557,C3PA_Dataset/Annotations/WS/34.csv
WS_34,214,ra4,"Security, fraud and legal compliance.",Categories of Personal Information Shared / Disclosed,WS_34_S277;WS_34_S302;WS_34_S322;WS_34_S338;WS_34_S362;WS_34_S388;WS_34_S409;WS_34_S431;WS_34_S450;WS_34_S471;WS_34_S490;WS_34_S510;WS_34_S529;WS_34_S542;WS_34_S557,C3PA_Dataset/Annotations/WS/34.csv
WS_34,215,ra4,Our Marketing and Third-Party Marketing and Advertising Purposes.,Categories of Personal Information Shared / Disclosed,WS_34_S274;WS_34_S299;WS_34_S337;WS_34_S359;WS_34_S385;WS_34_S406;WS_34_S428;WS_34_S468;WS_34_S488;WS_34_S508;WS_34_S541;WS_34_S556,C3PA_Dataset/Annotations/WS/34.csv
WS_34,216,ra4,Our Marketing and Third-Party Marketing and Advertising Purposes.,Categories of Personal Information Sold,WS_34_S274;WS_34_S299;WS_34_S337;WS_34_S359;WS_34_S385;WS_34_S406;WS_34_S428;WS_34_S468;WS_34_S488;WS_34_S508;WS_34_S541;WS_34_S556,C3PA_Dataset/Annotations/WS/34.csv
WS_34,217,ra4,"Security, fraud and legal compliance.",Categories of Personal Information Shared / Disclosed,WS_34_S277;WS_34_S302;WS_34_S322;WS_34_S338;WS_34_S362;WS_34_S388;WS_34_S409;WS_34_S431;WS_34_S450;WS_34_S471;WS_34_S490;WS_34_S510;WS_34_S529;WS_34_S542;WS_34_S557,C3PA_Dataset/Annotations/WS/34.csv
WS_34,218,ra4,Our Marketing and Third-Party Marketing and Advertising Purposes.,Categories of Personal Information Shared / Disclosed,WS_34_S274;WS_34_S299;WS_34_S337;WS_34_S359;WS_34_S385;WS_34_S406;WS_34_S428;WS_34_S468;WS_34_S488;WS_34_S508;WS_34_S541;WS_34_S556,C3PA_Dataset/Annotations/WS/34.csv
WS_34,219,ra4,Our Marketing and Third-Party Marketing and Advertising Purposes.,Categories of Personal Information Sold,WS_34_S274;WS_34_S299;WS_34_S337;WS_34_S359;WS_34_S385;WS_34_S406;WS_34_S428;WS_34_S468;WS_34_S488;WS_34_S508;WS_34_S541;WS_34_S556,C3PA_Dataset/Annotations/WS/34.csv
WS_34,220,ra4,"Security, fraud and legal compliance.",Categories of Personal Information Shared / Disclosed,WS_34_S277;WS_34_S302;WS_34_S322;WS_34_S338;WS_34_S362;WS_34_S388;WS_34_S409;WS_34_S431;WS_34_S450;WS_34_S471;WS_34_S490;WS_34_S510;WS_34_S529;WS_34_S542;WS_34_S557,C3PA_Dataset/Annotations/WS/34.csv
WS_36,20,ra3,Strictly Necessary Cookies,Categories of Personal Information Collected,WS_36_S468;WS_36_S473,C3PA_Dataset/Annotations/WS/36.csv
WS_36,22,ra3,Performance Cookies,Categories of Personal Information Collected,WS_36_S478;WS_36_S510,C3PA_Dataset/Annotations/WS/36.csv
WS_37,94,ra4,USER ACCESS AND CONTROL,Methods to exercise rights,WS_37_S7;WS_37_S114,C3PA_Dataset/Annotations/WS/37.csv
WS_37,99,ra4,"Categories of Third Parties to Whom Personal Information Is ""Sold"" or “Shared” - Advertising technology companies and advertisers for the purpose of targeted advertising",Categories of Personal Information Sold,WS_37_S173;WS_37_S179;WS_37_S185;WS_37_S200,C3PA_Dataset/Annotations/WS/37.csv
WS_37,101,ra4,"Categories of Third Parties to Whom Personal Information Is Disclosed – Service providers, Company Affiliates, and other providers or partners that support our operational business purposes",Categories of Personal Information Shared / Disclosed,WS_37_S172;WS_37_S175;WS_37_S178;WS_37_S181;WS_37_S184;WS_37_S187;WS_37_S190;WS_37_S193;WS_37_S196;WS_37_S199,C3PA_Dataset/Annotations/WS/37.csv
WS_37,104,ra4,"Categories of Third Parties to Whom Personal Information Is ""Sold"" or ""Shared"" - Advertising technology companies and advertisers for the purpose of targeted advertising",Categories of Personal Information Sold,WS_37_S173;WS_37_S179;WS_37_S185;WS_37_S200,C3PA_Dataset/Annotations/WS/37.csv
WS_37,105,ra4,"Commercial information, such as transaction information and purchase history",Categories of Personal Information Collected,WS_37_S180;WS_37_S315,C3PA_Dataset/Annotations/WS/37.csv
WS_37,108,ra4,"Internet or network activity information, such as browsing history and interactions with our websites, mobile, or connected TV applications (collectively, ""Company Digital Properties"")",Categories of Personal Information Collected,WS_37_S183;WS_37_S320,C3PA_Dataset/Annotations/WS/37.csv
WS_37,110,ra4,"Categories of Third Parties to Whom Personal Information is ""Sold"" or ""Shared"" - Advertising technology companies and advertisers for the purpose of targeted advertising",Categories of Personal Information Sold,WS_37_S173;WS_37_S179;WS_37_S185;WS_37_S200,C3PA_Dataset/Annotations/WS/37.csv
WS_37,111,ra4,"Geolocation data, such as device location",Categories of Personal Information Collected,WS_37_S186;WS_37_S325,C3PA_Dataset/Annotations/WS/37.csv
WS_37,112,ra4,"Categories of Third Parties to Whom Personal Information Is Disclosed - Service providers, Company Affiliates, and other providers or partners that support our operational business purposes",Categories of Personal Information Shared / Disclosed,WS_37_S172;WS_37_S175;WS_37_S178;WS_37_S181;WS_37_S184;WS_37_S187;WS_37_S190;WS_37_S193;WS_37_S196;WS_37_S199,C3PA_Dataset/Annotations/WS/37.csv
WS_37,113,ra4,"Audio, electronic, visual and other similar information, such as call recordings",Categories of Personal Information Collected,WS_37_S189;WS_37_S329,C3PA_Dataset/Annotations/WS/37.csv
WS_37,114,ra4,"Categories of Third Parties to Whom Personal Information Is Disclosed - Service providers, Company Affiliates, and other providers or partners that support our operational business purposes",Categories of Personal Information Shared / Disclosed,WS_37_S172;WS_37_S175;WS_37_S178;WS_37_S181;WS_37_S184;WS_37_S187;WS_37_S190;WS_37_S193;WS_37_S196;WS_37_S199,C3PA_Dataset/Annotations/WS/37.csv
WS_37,115,ra4,"Professional or employment-related information, such as work history and prior employer",Categories of Personal Information Collected,WS_37_S192;WS_37_S333,C3PA_Dataset/Annotations/WS/37.csv
WS_37,116,ra4,"Categories of Third Parties to Whom Personal Information Is Disclosed - Service providers, Company Affiliates, and other providers or partners that support our operational business purposes",Categories of Personal Information Shared / Disclosed,WS_37_S172;WS_37_S175;WS_37_S178;WS_37_S181;WS_37_S184;WS_37_S187;WS_37_S190;WS_37_S193;WS_37_S196;WS_37_S199,C3PA_Dataset/Annotations/WS/37.csv
WS_37,117,ra4,"Non-public education information (e.g., in connection with news or entertainment productions)",Categories of Personal Information Collected,WS_37_S195;WS_37_S337,C3PA_Dataset/Annotations/WS/37.csv
WS_37,118,ra4,"Categories of Third Parties to Whom Personal Information Is Disclosed - Service providers, Company Affiliates, and other providers or partners that support our operational business purposes",Categories of Personal Information Shared / Disclosed,WS_37_S172;WS_37_S175;WS_37_S178;WS_37_S181;WS_37_S184;WS_37_S187;WS_37_S190;WS_37_S193;WS_37_S196;WS_37_S199,C3PA_Dataset/Annotations/WS/37.csv
WS_37,119,ra4,"Inferences drawn from any of the Personal Information listed above to create a profile or summary about, for example, an individual’s preferences and characteristics.",Categories of Personal Information Collected,WS_37_S198;WS_37_S341,C3PA_Dataset/Annotations/WS/37.csv
WS_37,121,ra4,"Categories of Third Parties to Whom Personal Information is ""Sold"" or ""Shared"" - Advertising technology companies and advertisers for the purpose of targeted advertising",Categories of Personal Information Sold,WS_37_S173;WS_37_S179;WS_37_S185;WS_37_S200,C3PA_Dataset/Annotations/WS/37.csv
WS_39,56,ra4,Data Collected from Consumer,Categories of Personal Information Collected,WS_39_S95;WS_39_S164;WS_39_S277;WS_39_S289;WS_39_S354;WS_39_S415;WS_39_S606,C3PA_Dataset/Annotations/WS/39.csv
WS_39,74,ra4,Inferences drawn from the above information about your predicted characteristics and preferences,Categories of Personal Information Collected,WS_39_S464;WS_39_S572,C3PA_Dataset/Annotations/WS/39.csv
WS_39,100,ra4, Data Modeling Software Providers ,Categories of Personal Information Collected,WS_39_S468;WS_39_S771,C3PA_Dataset/Annotations/WS/39.csv
WS_39,106,ra4, Other Authorized Data Compilers ,Categories of Personal Information Collected,WS_39_S101;WS_39_S148;WS_39_S168;WS_39_S214;WS_39_S295;WS_39_S360;WS_39_S417;WS_39_S471;WS_39_S520;WS_39_S612;WS_39_S668;WS_39_S720;WS_39_S843,C3PA_Dataset/Annotations/WS/39.csv
WS_4,131,ra4,"Offer, market, advertise or provide Products and Services",Categories of Personal Information Shared / Disclosed,WS_4_S330;WS_4_S341;WS_4_S351;WS_4_S362;WS_4_S372;WS_4_S382;WS_4_S407;WS_4_S580;WS_4_S591,C3PA_Dataset/Annotations/WS/4.csv
WS_4,132,ra4,"Offer, market, advertise or provide Products and Services",Categories of Personal Information Sold,WS_4_S330;WS_4_S341;WS_4_S351;WS_4_S362;WS_4_S372;WS_4_S382;WS_4_S407;WS_4_S580;WS_4_S591,C3PA_Dataset/Annotations/WS/4.csv
WS_4,134,ra4,Enable cross-context behavioral or targeted advertising,Categories of Personal Information Shared / Disclosed,WS_4_S334;WS_4_S344;WS_4_S355;WS_4_S365;WS_4_S374;WS_4_S385;WS_4_S408;WS_4_S416;WS_4_S592,C3PA_Dataset/Annotations/WS/4.csv
WS_4,135,ra4,Enable cross-context behavioral or targeted advertising,Categories of Personal Information Sold,WS_4_S334;WS_4_S344;WS_4_S355;WS_4_S365;WS_4_S374;WS_4_S385;WS_4_S408;WS_4_S416;WS_4_S592,C3PA_Dataset/Annotations/WS/4.csv
WS_4,138,ra4,Prevent fraud/authenticate identity,Categories of Personal Information Collected,WS_4_S384;WS_4_S393;WS_4_S561,C3PA_Dataset/Annotations/WS/4.csv
WS_41,69,ra4,DATA WE COLLECT ABOUT YOU,Categories of Personal Information Collected,WS_41_S7;WS_41_S27;WS_41_S183;WS_41_S1018,C3PA_Dataset/Annotations/WS/41.csv
WS_41,72,ra4,HOW DATA IS COLLECTED,Categories of Personal Information Collected,WS_41_S8;WS_41_S28;WS_41_S239;WS_41_S1070,C3PA_Dataset/Annotations/WS/41.csv
WS_41,78,ra4,HOW WE USE YOUR DATA,Categories of Personal Information Collected,WS_41_S9;WS_41_S29;WS_41_S298;WS_41_S1149,C3PA_Dataset/Annotations/WS/41.csv
WS_41,127,ra4,HOW WE SHARE OR DISCLOSE YOUR DATA,Categories of Personal Information Shared / Disclosed,WS_41_S540;WS_41_S1416,C3PA_Dataset/Annotations/WS/41.csv
WS_41,132,ra4,Disclosures of Personal Data for a Business Need or Other Purpose,Categories of Personal Information Shared / Disclosed,WS_41_S592;WS_41_S1435,C3PA_Dataset/Annotations/WS/41.csv
WS_41,143,ra4,Advertising partners or advertising networks,Categories of Personal Information Sold,WS_41_S600;WS_41_S626;WS_41_S652;WS_41_S1442,C3PA_Dataset/Annotations/WS/41.csv
WS_41,144,ra4,Professional advertisers,Categories of Personal Information Sold,WS_41_S627;WS_41_S635,C3PA_Dataset/Annotations/WS/41.csv
WS_41,145,ra4,Professional advertisers ,Categories of Personal Information Sold,WS_41_S627;WS_41_S635,C3PA_Dataset/Annotations/WS/41.csv
WS_41,168,ra4,COOKIES AND TRACKING TECHNOLOGIES,Categories of Personal Information Collected,WS_41_S810;WS_41_S1580;WS_41_S1589,C3PA_Dataset/Annotations/WS/41.csv
WS_41,177,ra4,CHANGES TO THIS PRIVACY POLICY,Updated Privacy Policy,WS_41_S22;WS_41_S41;WS_41_S935;WS_41_S1723,C3PA_Dataset/Annotations/WS/41.csv
WS_43,71,ra2,"these cookies allow us to count visits and traffic sources, identify which pages are the most and least popular, and how visitors move around our website.",Categories of Personal Information Collected,WS_43_S370;WS_43_S408,C3PA_Dataset/Annotations/WS/43.csv
WS_43,72,ra2," For example, these cookies help us to remember your preferences and to personalize content based on your use of our website. ",Categories of Personal Information Collected,WS_43_S374;WS_43_S413,C3PA_Dataset/Annotations/WS/43.csv
WS_43,124,ra1,These cookies do not store any personally identifiable information.,Categories of Personal Information Collected,WS_43_S367;WS_43_S404,C3PA_Dataset/Annotations/WS/43.csv
WS_43,133,ra1,These cookies do not store any personally identifiable information.,Categories of Personal Information Collected,WS_43_S367;WS_43_S404,C3PA_Dataset/Annotations/WS/43.csv
WS_44,36,ra3,"To make a request for deletion, please go to https://fcprivacy.exterro.net/portal/dsar.htm?target=Fox_News_Network or call us at 888-596-3929. ",Methods to exercise rights,WS_44_S293;WS_44_S471,C3PA_Dataset/Annotations/WS/44.csv
WS_44,40,ra3,"You can visit our ""Your Privacy Choices"" Internet Webpage for Fox Business at privacy.foxbusiness.com/main/web/main and for all other Fox News Services at privacy.foxnews.com/main/web/main.",Methods to exercise rights,WS_44_S320;WS_44_S498,C3PA_Dataset/Annotations/WS/44.csv
WS_44,78,ra5,"To make a request for deletion, please go to https://fcprivacy.exterro.net/portal/dsar.htm?target=Fox_News_Network or call us at 888-596-3929.",Methods to exercise rights,WS_44_S293;WS_44_S471,C3PA_Dataset/Annotations/WS/44.csv
WS_45,4,ra3,to display relevant or targeted advertising (on our Platform and third-party sites) for us and other businesses and to evaluate the success of such advertising;,Categories of Personal Information Shared / Disclosed,WS_45_S385;WS_45_S560,C3PA_Dataset/Annotations/WS/45.csv
WS_45,5,ra3,to provide feedback to professionals and merchants on our Platform;,Categories of Personal Information Shared / Disclosed,WS_45_S386;WS_45_S561,C3PA_Dataset/Annotations/WS/45.csv
WS_5,107,ra1,What information GitHub collects,Categories of Personal Information Collected,WS_5_S17;WS_5_S60;WS_5_S431,C3PA_Dataset/Annotations/WS/5.csv
WS_5,108,ra1,How GitHub uses your information,Categories of Personal Information Collected,WS_5_S22;WS_5_S109;WS_5_S454,C3PA_Dataset/Annotations/WS/5.csv
WS_5,109,ra1,How GitHub uses your information,Categories of Personal Information Shared / Disclosed,WS_5_S22;WS_5_S109;WS_5_S454,C3PA_Dataset/Annotations/WS/5.csv
WS_5,110,ra1,How GitHub uses your information,Categories of Personal Information Sold,WS_5_S22;WS_5_S109;WS_5_S454,C3PA_Dataset/Annotations/WS/5.csv
WS_5,111,ra1,How we share the information we collect,Categories of Personal Information Shared / Disclosed,WS_5_S25;WS_5_S121;WS_5_S462;WS_5_S465,C3PA_Dataset/Annotations/WS/5.csv
WS_5,112,ra1,Cookies and tracking technologies,Categories of Personal Information Collected,WS_5_S30;WS_5_S194;WS_5_S195,C3PA_Dataset/Annotations/WS/5.csv
WS_5,113,ra1,Changes to our Privacy Statement,Updated Privacy Policy,WS_5_S41;WS_5_S327,C3PA_Dataset/Annotations/WS/5.csv
WS_5,177,ra1,delete your personal data,Description of Right to Delete,WS_5_S142;WS_5_S367,C3PA_Dataset/Annotations/WS/5.csv
WS_6,99,ra1,Delete your information,Methods to exercise rights,WS_6_S26;WS_6_S204;WS_6_S209;WS_6_S271;WS_6_S276;WS_6_S288;WS_6_S315,C3PA_Dataset/Annotations/WS/6.csv
WS_6,107,ra1,Delete your information,Methods to exercise rights,WS_6_S26;WS_6_S204;WS_6_S209;WS_6_S271;WS_6_S276;WS_6_S288;WS_6_S315,C3PA_Dataset/Annotations/WS/6.csv
WS_64,9,ra3," As mentioned above, you can do so at any time by contacting us using the contact details provided under the ""How to Contact Us and How to Exercise Your Privacy Rights"" heading below.",Methods to exercise rights,WS_64_S210;WS_64_S212,C3PA_Dataset/Annotations/WS/64.csv
WS_64,10,ra3," As mentioned above, you can do so at any time by contacting us using the contact details provided under the ""How to Contact Us and How to Exercise Your Privacy Rights"" heading below.",Methods to exercise rights,WS_64_S210;WS_64_S212,C3PA_Dataset/Annotations/WS/64.csv
WS_65,26,ra3,The right to know,Description of Right to Know PI Collected,WS_65_S253;WS_65_S256;WS_65_S356;WS_65_S370;WS_65_S384;WS_65_S399;WS_65_S424,C3PA_Dataset/Annotations/WS/65.csv
WS_65,27,ra3,The right to correct,Description of Right to Correct Information,WS_65_S290;WS_65_S293;WS_65_S358;WS_65_S372;WS_65_S386;WS_65_S401,C3PA_Dataset/Annotations/WS/65.csv
WS_65,28,ra3,The right to request deletion of your Personal Data,Description of Right to Delete,WS_65_S359;WS_65_S373;WS_65_S387;WS_65_S402;WS_65_S426,C3PA_Dataset/Annotations/WS/65.csv
WS_7,32,ra4,"Sep 1, 2020",Updated Privacy Policy,WS_7_S13;WS_7_S198,C3PA_Dataset/Annotations/WS/7.csv
WS_7,59,ra4,YOUR CALIFORNIA PRIVACY RIGHTS,Description of Right to Know PI Collected,WS_7_S30;WS_7_S116,C3PA_Dataset/Annotations/WS/7.csv
WS_7,60,ra4,YOUR CALIFORNIA PRIVACY RIGHTS,Description of Right to Non-discrimination on exercising rights,WS_7_S30;WS_7_S116,C3PA_Dataset/Annotations/WS/7.csv
WS_7,61,ra4,YOUR CALIFORNIA PRIVACY RIGHTS,Description of Right to Delete,WS_7_S30;WS_7_S116,C3PA_Dataset/Annotations/WS/7.csv
WS_7,62,ra4,YOUR CALIFORNIA PRIVACY RIGHTS,Description of Right to Correct Information,WS_7_S30;WS_7_S116,C3PA_Dataset/Annotations/WS/7.csv
WS_7,63,ra4,YOUR CALIFORNIA PRIVACY RIGHTS,Description of Right to Opt-out of sale of PI,WS_7_S30;WS_7_S116,C3PA_Dataset/Annotations/WS/7.csv
WS_7,64,ra4,YOUR CALIFORNIA PRIVACY RIGHTS,Description of Right to Know PI sold / shared,WS_7_S30;WS_7_S116,C3PA_Dataset/Annotations/WS/7.csv
WS_71,81,ra5," To opt out of this use of your information, please click here.",Description of Right to Opt-out of sale of PI,WS_71_S198;WS_71_S204,C3PA_Dataset/Annotations/WS/71.csv
WS_71,82,ra5," To opt out of this use of your information, please click here.",Methods to exercise rights,WS_71_S198;WS_71_S204,C3PA_Dataset/Annotations/WS/71.csv
WS_71,84,ra5,"To opt out of this use of your information, please click here.",Description of Right to Opt-out of sale of PI,WS_71_S198;WS_71_S204,C3PA_Dataset/Annotations/WS/71.csv
WS_71,85,ra5,"To opt out of this use of your information, please click here.",Methods to exercise rights,WS_71_S198;WS_71_S204,C3PA_Dataset/Annotations/WS/71.csv
WS_73,37,ra5," In the U.S., you can call us at 800.541.1262. ",Methods to exercise rights,WS_73_S117;WS_73_S272,C3PA_Dataset/Annotations/WS/73.csv
WS_77,30,ra3,"To exercise any of these rights, you (or your authorized representative) may submit a Verifiable Request to us by either: Calling us at 1-800-782-2783; or clicking here. ",Methods to exercise rights,WS_77_S383;WS_77_S534,C3PA_Dataset/Annotations/WS/77.csv
WS_78,5,ra3,Comply with applicable law.,Categories of Personal Information Shared / Disclosed,WS_78_S96;WS_78_S219,C3PA_Dataset/Annotations/WS/78.csv
WS_84,54,ra5,Your activity,Categories of Personal Information Collected,WS_84_S60;WS_84_S76;WS_84_S77;WS_84_S135;WS_84_S151;WS_84_S171;WS_84_S181;WS_84_S189;WS_84_S223;WS_84_S489;WS_84_S577;WS_84_S629;WS_84_S633,C3PA_Dataset/Annotations/WS/84.csv
WS_84,77,ra5,W,Methods to exercise rights,WS_84_S2;WS_84_S10;WS_84_S16;WS_84_S19;WS_84_S24;WS_84_S25;WS_84_S26;WS_84_S30;WS_84_S34;WS_84_S40;WS_84_S43;WS_84_S46;WS_84_S48;WS_84_S49;WS_84_S50;WS_84_S51;WS_84_S52;WS_84_S53;WS_84_S56;WS_84_S57;WS_84_S58;WS_84_S59;WS_84_S60;WS_84_S61;WS_84_S63;WS_84_S65;WS_84_S66;WS_84_S67;WS_84_S68;WS_84_S69;WS_84_S70;WS_84_S71;WS_84_S72;WS_84_S73;WS_84_S74;WS_84_S75;WS_84_S77;WS_84_S78;WS_84_S80;WS_84_S81;WS_84_S84;WS_84_S86;WS_84_S87;WS_84_S91;WS_84_S92;WS_84_S95;WS_84_S96;WS_84_S97;WS_84_S99;WS_84_S100;WS_84_S101;WS_84_S103;WS_84_S104;WS_84_S105;WS_84_S106;WS_84_S107;WS_84_S108;WS_84_S109;WS_84_S111;WS_84_S113;WS_84_S114;WS_84_S115;WS_84_S116;WS_84_S117;WS_84_S119;WS_84_S120;WS_84_S121;WS_84_S122;WS_84_S124;WS_84_S125;WS_84_S126;WS_84_S127;WS_84_S128;WS_84_S131;WS_84_S132;WS_84_S133;WS_84_S134;WS_84_S135;WS_84_S136;WS_84_S137;WS_84_S138;WS_84_S139;WS_84_S140;WS_84_S142;WS_84_S144;WS_84_S145;WS_84_S146;WS_84_S147;WS_84_S149;WS_84_S150;WS_84_S151;WS_84_S152;WS_84_S154;WS_84_S156;WS_84_S158;WS_84_S159;WS_84_S161;WS_84_S162;WS_84_S163;WS_84_S164;WS_84_S168;WS_84_S169;WS_84_S170;WS_84_S171;WS_84_S174;WS_84_S175;WS_84_S178;WS_84_S181;WS_84_S184;WS_84_S185;WS_84_S186;WS_84_S188;WS_84_S189;WS_84_S192;WS_84_S197;WS_84_S198;WS_84_S199;WS_84_S200;WS_84_S202;WS_84_S207;WS_84_S210;WS_84_S211;WS_84_S212;WS_84_S213;WS_84_S214;WS_84_S216;WS_84_S219;WS_84_S220;WS_84_S222;WS_84_S223;WS_84_S224;WS_84_S225;WS_84_S226;WS_84_S227;WS_84_S228;WS_84_S229;WS_84_S230;WS_84_S231;WS_84_S232;WS_84_S233;WS_84_S236;WS_84_S237;WS_84_S239;WS_84_S242;WS_84_S243;WS_84_S244;WS_84_S246;WS_84_S247;WS_84_S248;WS_84_S250;WS_84_S251;WS_84_S252;WS_84_S253;WS_84_S254;WS_84_S255;WS_84_S257;WS_84_S258;WS_84_S259;WS_84_S260;WS_84_S261;WS_84_S262;WS_84_S263;WS_84_S264;WS_84_S265;WS_84_S266;WS_84_S269;WS_84_S274;WS_84_S278;WS_84_S279;WS_84_S281;WS_84_S283;WS_84_S284;WS_84_S285;WS_84_S286;WS_84_S287;WS_84_S288;WS_84_S289;WS_84_S290;WS_84_S292;WS_84_S293;WS_84_S294;WS_84_S295;WS_84_S296;WS_84_S297;WS_84_S298;WS_84_S299;WS_84_S300;WS_84_S301;WS_84_S302;WS_84_S303;WS_84_S306;WS_84_S307;WS_84_S308;WS_84_S309;WS_84_S311;WS_84_S313;WS_84_S314;WS_84_S315;WS_84_S316;WS_84_S317;WS_84_S318;WS_84_S319;WS_84_S320;WS_84_S321;WS_84_S323;WS_84_S324;WS_84_S330;WS_84_S331;WS_84_S338;WS_84_S340;WS_84_S341;WS_84_S342;WS_84_S345;WS_84_S346;WS_84_S347;WS_84_S348;WS_84_S349;WS_84_S350;WS_84_S351;WS_84_S352;WS_84_S353;WS_84_S354;WS_84_S355;WS_84_S356;WS_84_S357;WS_84_S358;WS_84_S359;WS_84_S360;WS_84_S361;WS_84_S362;WS_84_S363;WS_84_S365;WS_84_S370;WS_84_S372;WS_84_S373;WS_84_S374;WS_84_S375;WS_84_S378;WS_84_S382;WS_84_S385;WS_84_S388;WS_84_S390;WS_84_S394;WS_84_S396;WS_84_S398;WS_84_S401;WS_84_S403;WS_84_S406;WS_84_S407;WS_84_S408;WS_84_S409;WS_84_S410;WS_84_S411;WS_84_S413;WS_84_S414;WS_84_S416;WS_84_S417;WS_84_S418;WS_84_S423;WS_84_S424;WS_84_S427;WS_84_S429;WS_84_S433;WS_84_S435;WS_84_S436;WS_84_S438;WS_84_S439;WS_84_S443;WS_84_S444;WS_84_S447;WS_84_S448;WS_84_S452;WS_84_S453;WS_84_S456;WS_84_S458;WS_84_S459;WS_84_S461;WS_84_S462;WS_84_S463;WS_84_S464;WS_84_S470;WS_84_S471;WS_84_S472;WS_84_S475;WS_84_S476;WS_84_S477;WS_84_S480;WS_84_S481;WS_84_S482;WS_84_S485;WS_84_S486;WS_84_S488;WS_84_S489;WS_84_S495;WS_84_S497;WS_84_S498;WS_84_S500;WS_84_S501;WS_84_S502;WS_84_S506;WS_84_S507;WS_84_S509;WS_84_S510;WS_84_S512;WS_84_S513;WS_84_S515;WS_84_S516;WS_84_S517;WS_84_S518;WS_84_S520;WS_84_S521;WS_84_S526;WS_84_S527;WS_84_S528;WS_84_S531;WS_84_S534;WS_84_S536;WS_84_S537;WS_84_S538;WS_84_S541;WS_84_S543;WS_84_S544;WS_84_S548;WS_84_S549;WS_84_S550;WS_84_S554;WS_84_S558;WS_84_S561;WS_84_S563;WS_84_S564;WS_84_S566;WS_84_S567;WS_84_S570;WS_84_S573;WS_84_S574;WS_84_S577;WS_84_S579;WS_84_S580;WS_84_S584;WS_84_S585;WS_84_S594;WS_84_S595;WS_84_S596;WS_84_S599;WS_84_S600;WS_84_S602;WS_84_S603;WS_84_S604;WS_84_S605;WS_84_S606;WS_84_S608;WS_84_S609;WS_84_S611;WS_84_S613;WS_84_S614;WS_84_S615;WS_84_S616;WS_84_S622;WS_84_S623;WS_84_S624;WS_84_S626;WS_84_S627;WS_84_S630;WS_84_S631;WS_84_S632;WS_84_S633;WS_84_S634;WS_84_S635,C3PA_Dataset/Annotations/WS/84.csv
WS_84,79,ra5,Go to My Ad Center,Methods to exercise rights,WS_84_S129;WS_84_S176,C3PA_Dataset/Annotations/WS/84.csv
WS_84,197,ra1,Delete your information,Methods to exercise rights,WS_84_S26;WS_84_S204;WS_84_S209;WS_84_S271;WS_84_S276;WS_84_S288;WS_84_S315,C3PA_Dataset/Annotations/WS/84.csv
WS_85,66,ra2,"Along with using those insights to engage with you, we may disclose information that does not directly identify you (such as your device identifier, IP address, or other information associated with your online browsing activities) with select third parties for their and our advertising and marketing efforts.",Categories of Personal Information Shared / Disclosed,WS_85_S520;WS_85_S728,C3PA_Dataset/Annotations/WS/85.csv
WS_85,137,ra5,Our affiliates and subsidiaries.,Categories of Personal Information Sold,WS_85_S215;WS_85_S243;WS_85_S278;WS_85_S310;WS_85_S330;WS_85_S358;WS_85_S387;WS_85_S407;WS_85_S425;WS_85_S438;WS_85_S469;WS_85_S498,C3PA_Dataset/Annotations/WS/85.csv
WS_85,143,ra5,Our affiliates and subsidiaries.,Categories of Personal Information Sold,WS_85_S215;WS_85_S243;WS_85_S278;WS_85_S310;WS_85_S330;WS_85_S358;WS_85_S387;WS_85_S407;WS_85_S425;WS_85_S438;WS_85_S469;WS_85_S498,C3PA_Dataset/Annotations/WS/85.csv
WS_85,157,ra5, We do not “sell” or “share” other categories of personal information.,Categories of Personal Information Shared / Disclosed,WS_85_S528;WS_85_S736,C3PA_Dataset/Annotations/WS/85.csv
WS_85,171,ra5,Why Do We Collect and Disclose It?,Categories of Personal Information Sold,WS_85_S194;WS_85_S226;WS_85_S257;WS_85_S289;WS_85_S318;WS_85_S342;WS_85_S370;WS_85_S395;WS_85_S414;WS_85_S431;WS_85_S448;WS_85_S481;WS_85_S504,C3PA_Dataset/Annotations/WS/85.csv
WS_85,179,ra5,Why Do We Collect and Disclose It?,Categories of Personal Information Sold,WS_85_S194;WS_85_S226;WS_85_S257;WS_85_S289;WS_85_S318;WS_85_S342;WS_85_S370;WS_85_S395;WS_85_S414;WS_85_S431;WS_85_S448;WS_85_S481;WS_85_S504,C3PA_Dataset/Annotations/WS/85.csv
WS_85,263,ra1,Who Do We Disclose It To?,Categories of Personal Information Sold,WS_85_S206;WS_85_S237;WS_85_S269;WS_85_S301;WS_85_S324;WS_85_S351;WS_85_S380;WS_85_S402;WS_85_S420;WS_85_S433;WS_85_S460;WS_85_S491;WS_85_S506,C3PA_Dataset/Annotations/WS/85.csv
WS_85,264,ra1,Advertising partners.,Categories of Personal Information Sold,WS_85_S213;WS_85_S240;WS_85_S276;WS_85_S308;WS_85_S355;WS_85_S383;WS_85_S467;WS_85_S496,C3PA_Dataset/Annotations/WS/85.csv
WS_85,265,ra1,Manufacturers of products and providers of extended warranty services.,Categories of Personal Information Sold,WS_85_S208;WS_85_S271;WS_85_S303;WS_85_S462,C3PA_Dataset/Annotations/WS/85.csv
WS_85,266,ra1,Joint marketing partners.,Categories of Personal Information Sold,WS_85_S209;WS_85_S239;WS_85_S273;WS_85_S305;WS_85_S353;WS_85_S384;WS_85_S463;WS_85_S493;WS_85_S526;WS_85_S734,C3PA_Dataset/Annotations/WS/85.csv
WS_85,273,ra1,Who Do We Disclose It To?,Categories of Personal Information Sold,WS_85_S206;WS_85_S237;WS_85_S269;WS_85_S301;WS_85_S324;WS_85_S351;WS_85_S380;WS_85_S402;WS_85_S420;WS_85_S433;WS_85_S460;WS_85_S491;WS_85_S506,C3PA_Dataset/Annotations/WS/85.csv
WS_85,280,ra1,Who Do We Disclose It To?,Categories of Personal Information Sold,WS_85_S206;WS_85_S237;WS_85_S269;WS_85_S301;WS_85_S324;WS_85_S351;WS_85_S380;WS_85_S402;WS_85_S420;WS_85_S433;WS_85_S460;WS_85_S491;WS_85_S506,C3PA_Dataset/Annotations/WS/85.csv
WS_85,287,ra1,Who Do We Disclose It To?,Categories of Personal Information Sold,WS_85_S206;WS_85_S237;WS_85_S269;WS_85_S301;WS_85_S324;WS_85_S351;WS_85_S380;WS_85_S402;WS_85_S420;WS_85_S433;WS_85_S460;WS_85_S491;WS_85_S506,C3PA_Dataset/Annotations/WS/85.csv
WS_85,294,ra1,Who Do We Disclose It To?,Categories of Personal Information Sold,WS_85_S206;WS_85_S237;WS_85_S269;WS_85_S301;WS_85_S324;WS_85_S351;WS_85_S380;WS_85_S402;WS_85_S420;WS_85_S433;WS_85_S460;WS_85_S491;WS_85_S506,C3PA_Dataset/Annotations/WS/85.csv
WS_85,301,ra1,Who Do We Disclose It To?,Categories of Personal Information Sold,WS_85_S206;WS_85_S237;WS_85_S269;WS_85_S301;WS_85_S324;WS_85_S351;WS_85_S380;WS_85_S402;WS_85_S420;WS_85_S433;WS_85_S460;WS_85_S491;WS_85_S506,C3PA_Dataset/Annotations/WS/85.csv
WS_85,308,ra1,Who Do We Disclose It To?,Categories of Personal Information Sold,WS_85_S206;WS_85_S237;WS_85_S269;WS_85_S301;WS_85_S324;WS_85_S351;WS_85_S380;WS_85_S402;WS_85_S420;WS_85_S433;WS_85_S460;WS_85_S491;WS_85_S506,C3PA_Dataset/Annotations/WS/85.csv
WS_85,313,ra1,Who Do We Disclose It To?,Categories of Personal Information Sold,WS_85_S206;WS_85_S237;WS_85_S269;WS_85_S301;WS_85_S324;WS_85_S351;WS_85_S380;WS_85_S402;WS_85_S420;WS_85_S433;WS_85_S460;WS_85_S491;WS_85_S506,C3PA_Dataset/Annotations/WS/85.csv
WS_85,318,ra1,Who Do We Disclose It To?,Categories of Personal Information Sold,WS_85_S206;WS_85_S237;WS_85_S269;WS_85_S301;WS_85_S324;WS_85_S351;WS_85_S380;WS_85_S402;WS_85_S420;WS_85_S433;WS_85_S460;WS_85_S491;WS_85_S506,C3PA_Dataset/Annotations/WS/85.csv
WS_85,323,ra1,Any successor to all or part of our business.,Categories of Personal Information Sold,WS_85_S211;WS_85_S241;WS_85_S274;WS_85_S306;WS_85_S327;WS_85_S356;WS_85_S385;WS_85_S404;WS_85_S422;WS_85_S436;WS_85_S465;WS_85_S494;WS_85_S633,C3PA_Dataset/Annotations/WS/85.csv
WS_85,341,ra1,We do not “sell” or “share” other categories of personal information.,Categories of Personal Information Sold,WS_85_S528;WS_85_S736,C3PA_Dataset/Annotations/WS/85.csv
WS_85,342,ra1,We do not “sell” or “share” other categories of personal information.,Categories of Personal Information Shared / Disclosed,WS_85_S528;WS_85_S736,C3PA_Dataset/Annotations/WS/85.csv
WS_85,389,ra1,We use those insights to identify whether you or others may be interested in certain products or services offered by us or third parties.,Categories of Personal Information Collected,WS_85_S519;WS_85_S727,C3PA_Dataset/Annotations/WS/85.csv
WS_86,62,ra5," To have any such information deleted, submit this request form. ",Methods to exercise rights,WS_86_S65;WS_86_S123;WS_86_S155;WS_86_S185;WS_86_S204,C3PA_Dataset/Annotations/WS/86.csv
WS_86,65,ra5,"To make an access or deletion request, log in to your account on the Hulu website, go to ""Privacy and Settings"" in account settings and click on ""US State Privacy Rights"" and follow the instructions.",Description of Right to Know PI Collected,WS_86_S61;WS_86_S119;WS_86_S151;WS_86_S181;WS_86_S200,C3PA_Dataset/Annotations/WS/86.csv
WS_86,67,ra5,"To make an access or deletion request, log in to your account on the Hulu website, go to ""Privacy and Settings"" in account settings and click on ""US State Privacy Rights"" and follow the instructions.",Description of Right to Know PI sold / shared,WS_86_S61;WS_86_S119;WS_86_S151;WS_86_S181;WS_86_S200,C3PA_Dataset/Annotations/WS/86.csv
WS_86,68,ra5,"To have any such information deleted, submit this request form.",Description of Right to Delete,WS_86_S65;WS_86_S123;WS_86_S155;WS_86_S185;WS_86_S204,C3PA_Dataset/Annotations/WS/86.csv
WS_86,107,ra1,Please use this form to make a request as an authorized agent.,Methods to exercise rights,WS_86_S81;WS_86_S139,C3PA_Dataset/Annotations/WS/86.csv
WS_86,111,ra1,"To have any such information deleted, submit this request form.",Methods to exercise rights,WS_86_S65;WS_86_S123;WS_86_S155;WS_86_S185;WS_86_S204,C3PA_Dataset/Annotations/WS/86.csv
WS_86,122,ra1,"To have any such information deleted, submit this request form.",Methods to exercise rights,WS_86_S65;WS_86_S123;WS_86_S155;WS_86_S185;WS_86_S204,C3PA_Dataset/Annotations/WS/86.csv
WS_86,139,ra1,"To have any such information deleted, submit this request form.",Methods to exercise rights,WS_86_S65;WS_86_S123;WS_86_S155;WS_86_S185;WS_86_S204,C3PA_Dataset/Annotations/WS/86.csv
WS_86,141,ra1,"To have any such information deleted, submit this request form.",Methods to exercise rights,WS_86_S65;WS_86_S123;WS_86_S155;WS_86_S185;WS_86_S204,C3PA_Dataset/Annotations/WS/86.csv
WS_86,144,ra1,Please use this form to make a request as an authorized agent.,Methods to exercise rights,WS_86_S81;WS_86_S139,C3PA_Dataset/Annotations/WS/86.csv
WS_87,64,ra5,We do not share information about title selections or your shows you have watched on our service. ,Categories of Personal Information Shared / Disclosed,WS_87_S246;WS_87_S575,C3PA_Dataset/Annotations/WS/87.csv
WS_87,107,ra5,We do not share information about title selections or your shows you have watched on our service,Categories of Personal Information Shared / Disclosed,WS_87_S246;WS_87_S575,C3PA_Dataset/Annotations/WS/87.csv
WS_89,136,ra1, Your Privacy Choices.,Methods to exercise rights,WS_89_S167;WS_89_S200,C3PA_Dataset/Annotations/WS/89.csv
WS_9,29,ra5,INFORMATION WE AUTOMATICALLY COLLECT,Categories of Personal Information Shared / Disclosed,WS_9_S51;WS_9_S53;WS_9_S186,C3PA_Dataset/Annotations/WS/9.csv
WS_9,108,ra4,INFORMATION COLLECTION,Categories of Personal Information Collected,WS_9_S18;WS_9_S282,C3PA_Dataset/Annotations/WS/9.csv
WS_9,114,ra4,INFORMATION WE AUTOMATICALLY COLLECT,Categories of Personal Information Collected,WS_9_S51;WS_9_S53;WS_9_S186,C3PA_Dataset/Annotations/WS/9.csv
WS_9,118,ra4,Web Beacons ,Categories of Personal Information Collected,WS_9_S71;WS_9_S72;WS_9_S73,C3PA_Dataset/Annotations/WS/9.csv
WS_9,127,ra4,USE OF YOUR INFORMATION,Categories of Personal Information Collected,WS_9_S61;WS_9_S103;WS_9_S284,C3PA_Dataset/Annotations/WS/9.csv
WS_9,168,ra4,Notice of Right to Opt-Out,Description of Right to Opt-out of sale of PI,WS_9_S326;WS_9_S349,C3PA_Dataset/Annotations/WS/9.csv
WS_90,74,ra5,Purpose: to analyze trends; to help improve and secure our website; for sharing with third-party advertisers,Categories of Personal Information Shared / Disclosed,WS_90_S109;WS_90_S117,C3PA_Dataset/Annotations/WS/90.csv
WS_90,75,ra5,Purpose: to analyze trends; to help improve and secure our website; for sharing with third-party advertisers,Categories of Personal Information Shared / Disclosed,WS_90_S109;WS_90_S117,C3PA_Dataset/Annotations/WS/90.csv
WS_90,77,ra5,Source(s): automatic collection,Categories of Personal Information Collected,WS_90_S114;WS_90_S122,C3PA_Dataset/Annotations/WS/90.csv
WS_90,84,ra5,Source(s): you,Categories of Personal Information Collected,WS_90_S133;WS_90_S141;WS_90_S152;WS_90_S160;WS_90_S171,C3PA_Dataset/Annotations/WS/90.csv
WS_90,87,ra5,Source(s): you,Categories of Personal Information Collected,WS_90_S133;WS_90_S141;WS_90_S152;WS_90_S160;WS_90_S171,C3PA_Dataset/Annotations/WS/90.csv
WS_90,90,ra5,Source(s): you,Categories of Personal Information Collected,WS_90_S133;WS_90_S141;WS_90_S152;WS_90_S160;WS_90_S171,C3PA_Dataset/Annotations/WS/90.csv
WS_90,94,ra5,Source(s): you,Categories of Personal Information Collected,WS_90_S133;WS_90_S141;WS_90_S152;WS_90_S160;WS_90_S171,C3PA_Dataset/Annotations/WS/90.csv
WS_90,121,ra1,Purpose: to analyze trends; to help improve and secure our website; for sharing with third-party advertisers,Categories of Personal Information Shared / Disclosed,WS_90_S109;WS_90_S117,C3PA_Dataset/Annotations/WS/90.csv
WS_90,122,ra1,Purpose: to analyze trends; to help improve and secure our website; for sharing with third-party advertisers,Categories of Personal Information Sold,WS_90_S109;WS_90_S117,C3PA_Dataset/Annotations/WS/90.csv
WS_90,123,ra1,How we disclose the information: to our service providers; to third-party advertisers,Categories of Personal Information Shared / Disclosed,WS_90_S111;WS_90_S119,C3PA_Dataset/Annotations/WS/90.csv
WS_90,124,ra1,How shared or sold: shared with third-party advertisers,Categories of Personal Information Shared / Disclosed,WS_90_S113;WS_90_S121,C3PA_Dataset/Annotations/WS/90.csv
WS_90,125,ra1,How shared or sold: shared with third-party advertisers,Categories of Personal Information Sold,WS_90_S113;WS_90_S121,C3PA_Dataset/Annotations/WS/90.csv
WS_90,126,ra1,Source(s): automatic collection,Categories of Personal Information Collected,WS_90_S114;WS_90_S122,C3PA_Dataset/Annotations/WS/90.csv
WS_90,128,ra1,Purpose: to analyze trends; to help improve and secure our website; for sharing with third-party advertisers,Categories of Personal Information Shared / Disclosed,WS_90_S109;WS_90_S117,C3PA_Dataset/Annotations/WS/90.csv
WS_90,129,ra1,Purpose: to analyze trends; to help improve and secure our website; for sharing with third-party advertisers,Categories of Personal Information Sold,WS_90_S109;WS_90_S117,C3PA_Dataset/Annotations/WS/90.csv
WS_90,130,ra1,How long we keep the information: for a limited time as determined by our security and compliance requirements,Categories of Personal Information Collected,WS_90_S110;WS_90_S118,C3PA_Dataset/Annotations/WS/90.csv
WS_90,131,ra1,How we disclose the information: to our service providers; to third-party advertisers,Categories of Personal Information Shared / Disclosed,WS_90_S111;WS_90_S119,C3PA_Dataset/Annotations/WS/90.csv
WS_90,132,ra1,How shared or sold: shared with third-party advertisers,Categories of Personal Information Shared / Disclosed,WS_90_S113;WS_90_S121,C3PA_Dataset/Annotations/WS/90.csv
WS_90,133,ra1,How shared or sold: shared with third-party advertisers,Categories of Personal Information Sold,WS_90_S113;WS_90_S121,C3PA_Dataset/Annotations/WS/90.csv
WS_90,134,ra1,Source(s): automatic collection,Categories of Personal Information Collected,WS_90_S114;WS_90_S122,C3PA_Dataset/Annotations/WS/90.csv
WS_90,140,ra1,How we disclose the information: to our service providers,Categories of Personal Information Shared / Disclosed,WS_90_S111;WS_90_S119;WS_90_S130;WS_90_S149;WS_90_S157;WS_90_S168,C3PA_Dataset/Annotations/WS/90.csv
WS_90,141,ra1,How shared or sold: n/a,Categories of Personal Information Shared / Disclosed,WS_90_S132;WS_90_S140;WS_90_S151;WS_90_S159;WS_90_S170,C3PA_Dataset/Annotations/WS/90.csv
WS_90,142,ra1,How shared or sold: n/a,Categories of Personal Information Sold,WS_90_S132;WS_90_S140;WS_90_S151;WS_90_S159;WS_90_S170,C3PA_Dataset/Annotations/WS/90.csv
WS_90,143,ra1,Source(s): you,Categories of Personal Information Collected,WS_90_S133;WS_90_S141;WS_90_S152;WS_90_S160;WS_90_S171,C3PA_Dataset/Annotations/WS/90.csv
WS_90,149,ra1,How shared or sold: n/a,Categories of Personal Information Shared / Disclosed,WS_90_S132;WS_90_S140;WS_90_S151;WS_90_S159;WS_90_S170,C3PA_Dataset/Annotations/WS/90.csv
WS_90,150,ra1,How shared or sold: n/a,Categories of Personal Information Sold,WS_90_S132;WS_90_S140;WS_90_S151;WS_90_S159;WS_90_S170,C3PA_Dataset/Annotations/WS/90.csv
WS_90,151,ra1,Source(s): you,Categories of Personal Information Collected,WS_90_S133;WS_90_S141;WS_90_S152;WS_90_S160;WS_90_S171,C3PA_Dataset/Annotations/WS/90.csv
WS_90,154,ra1,Purpose: to process transactions with our store,Categories of Personal Information Shared / Disclosed,WS_90_S147;WS_90_S155,C3PA_Dataset/Annotations/WS/90.csv
WS_90,155,ra1,Purpose: to process transactions with our store,Categories of Personal Information Sold,WS_90_S147;WS_90_S155,C3PA_Dataset/Annotations/WS/90.csv
WS_90,157,ra1,How we disclose the information: to our service providers,Categories of Personal Information Shared / Disclosed,WS_90_S111;WS_90_S119;WS_90_S130;WS_90_S149;WS_90_S157;WS_90_S168,C3PA_Dataset/Annotations/WS/90.csv
WS_90,158,ra1,How shared or sold: n/a,Categories of Personal Information Shared / Disclosed,WS_90_S132;WS_90_S140;WS_90_S151;WS_90_S159;WS_90_S170,C3PA_Dataset/Annotations/WS/90.csv
WS_90,159,ra1,How shared or sold: n/a,Categories of Personal Information Sold,WS_90_S132;WS_90_S140;WS_90_S151;WS_90_S159;WS_90_S170,C3PA_Dataset/Annotations/WS/90.csv
WS_90,160,ra1,Source(s): you,Categories of Personal Information Collected,WS_90_S133;WS_90_S141;WS_90_S152;WS_90_S160;WS_90_S171,C3PA_Dataset/Annotations/WS/90.csv
WS_90,165,ra1,How we disclose the information: to our service providers,Categories of Personal Information Shared / Disclosed,WS_90_S111;WS_90_S119;WS_90_S130;WS_90_S149;WS_90_S157;WS_90_S168,C3PA_Dataset/Annotations/WS/90.csv
WS_90,166,ra1,How shared or sold: n/a,Categories of Personal Information Shared / Disclosed,WS_90_S132;WS_90_S140;WS_90_S151;WS_90_S159;WS_90_S170,C3PA_Dataset/Annotations/WS/90.csv
WS_90,167,ra1,How shared or sold: n/a,Categories of Personal Information Sold,WS_90_S132;WS_90_S140;WS_90_S151;WS_90_S159;WS_90_S170,C3PA_Dataset/Annotations/WS/90.csv
WS_90,173,ra1,How we disclose the information: to our service providers,Categories of Personal Information Shared / Disclosed,WS_90_S111;WS_90_S119;WS_90_S130;WS_90_S149;WS_90_S157;WS_90_S168,C3PA_Dataset/Annotations/WS/90.csv
WS_90,174,ra1,How shared or sold: n/a,Categories of Personal Information Shared / Disclosed,WS_90_S132;WS_90_S140;WS_90_S151;WS_90_S159;WS_90_S170,C3PA_Dataset/Annotations/WS/90.csv
WS_90,175,ra1,How shared or sold: n/a,Categories of Personal Information Sold,WS_90_S132;WS_90_S140;WS_90_S151;WS_90_S159;WS_90_S170,C3PA_Dataset/Annotations/WS/90.csv
WS_92,78,ra5,"You can opt-out of receiving marketing emails by clicking the “Unsubscribe” link located at the bottom of all Newegg marketing emails or by sending an email to privacy@newegg.com with a request to be removed, or by contacting us as per section 1 above. ",Description of Right to Opt-out of sale of PI,WS_92_S190;WS_92_S269;WS_92_S326,C3PA_Dataset/Annotations/WS/92.csv
WS_92,97,ra5,We do not sell the personal information of minors under 16 years of age without affirmative authorization.,Categories of Personal Information Sold,WS_92_S1191;WS_92_S1218,C3PA_Dataset/Annotations/WS/92.csv
WS_92,110,ra5,"In addition, we use Google AdWords, so we are advertising the Site online through a form of tracking called remarketing, Third-party vendors, including Google, show our ads on various sites across the Internet, and use cookies to serve you ads based on your past visits to this Site",Categories of Personal Information Shared / Disclosed,WS_92_S1145;WS_92_S1237,C3PA_Dataset/Annotations/WS/92.csv
WS_93,17,ra2,(4) opt-out of the sale of Personal Information;,Description of Right to Opt-out of sale of PI,WS_93_S324;WS_93_S349,C3PA_Dataset/Annotations/WS/93.csv
WS_93,54,ra5,Professional or employment-related information,Categories of Personal Information Sold,WS_93_S285;WS_93_S311,C3PA_Dataset/Annotations/WS/93.csv
WS_93,104,ra1,opt-out of the sale of Personal Information,Description of Right to Opt-out of sale of PI,WS_93_S324;WS_93_S349,C3PA_Dataset/Annotations/WS/93.csv
WS_93,106,ra1,not receive discriminatory treatment by CoStar for exercising these rights.,Description of Right to Non-discrimination on exercising rights,WS_93_S324;WS_93_S349,C3PA_Dataset/Annotations/WS/93.csv
WS_95,14,ra5,"You can choose to opt-out of the sale of your personal information and data, opt out of processing your data for targeted advertising, and limit the use of your sensitive information.",Description of Right to Opt-out of sale of PI,WS_95_S125;WS_95_S160,C3PA_Dataset/Annotations/WS/95.csv
WS_95,15,ra5,"You can choose to opt-out of the sale of your personal information and data, opt out of processing your data for targeted advertising, and limit the use of your sensitive information",Description of Right to Limit use of PI,WS_95_S125;WS_95_S160,C3PA_Dataset/Annotations/WS/95.csv
WS_95,24,ra1,"You can choose to opt-out of the sale of your personal information and data, opt out of processing your data for targeted advertising, and limit the use of your sensitive information.",Description of Right to Opt-out of sale of PI,WS_95_S125;WS_95_S160,C3PA_Dataset/Annotations/WS/95.csv
WS_95,25,ra1,"You can choose to opt-out of the sale of your personal information and data, opt out of processing your data for targeted advertising, and limit the use of your sensitive information.",Description of Right to Limit use of PI,WS_95_S125;WS_95_S160,C3PA_Dataset/Annotations/WS/95.csv
WS_97,48,ra6,Account creation - to create and manage your account on the Service.,Categories of Personal Information Sold,WS_97_S61;WS_97_S82,C3PA_Dataset/Annotations/WS/97.csv
WS_97,49,ra6,Service delivery - to operate and deliver our Service to you.,Categories of Personal Information Collected,WS_97_S63;WS_97_S86,C3PA_Dataset/Annotations/WS/97.csv
WS_97,50,ra6,Lifeline Group - to communicate with your Lifeline Notification Group regarding your whereabouts as described on our Service.,Categories of Personal Information Collected,WS_97_S65;WS_97_S90,C3PA_Dataset/Annotations/WS/97.csv
WS_97,51,ra6,Lifeline Group - to communicate with your Lifeline Notification Group regarding your whereabouts as described on our Service.,Categories of Personal Information Shared / Disclosed,WS_97_S65;WS_97_S90,C3PA_Dataset/Annotations/WS/97.csv
WS_97,52,ra6,Payments processing - to process your payments via our third-party payments processor.,Categories of Personal Information Collected,WS_97_S67;WS_97_S94,C3PA_Dataset/Annotations/WS/97.csv
WS_97,53,ra6,Payments processing - to process your payments via our third-party payments processor.,Categories of Personal Information Shared / Disclosed,WS_97_S67;WS_97_S94,C3PA_Dataset/Annotations/WS/97.csv
WS_97,54,ra6,Customer support - to deliver customer support to you and respond to your queries.,Categories of Personal Information Collected,WS_97_S69;WS_97_S98,C3PA_Dataset/Annotations/WS/97.csv
WS_97,55,ra6,"Contacts syncing – to match the phone numbers in your Contacts address book to users of the Service, if you have chosen to do so.",Categories of Personal Information Collected,WS_97_S71;WS_97_S102,C3PA_Dataset/Annotations/WS/97.csv
WS_97,56,ra6,Service improvement – to analyze how you use our Service and to improve it.,Categories of Personal Information Collected,WS_97_S73;WS_97_S106,C3PA_Dataset/Annotations/WS/97.csv
WS_97,57,ra6,Fraud prevention – to keep our Service and associated systems operational and secure.,Categories of Personal Information Collected,WS_97_S75;WS_97_S110,C3PA_Dataset/Annotations/WS/97.csv
WS_97,58,ra6,"Legal compliance – to comply with our legal obligations, for example our accounting and tax reporting obligations.",Categories of Personal Information Collected,WS_97_S77;WS_97_S114,C3PA_Dataset/Annotations/WS/97.csv
WS_97,59,ra6,Marketing – to send you information about our products and services (including via email).,Categories of Personal Information Collected,WS_97_S79;WS_97_S118,C3PA_Dataset/Annotations/WS/97.csv
WS_97,60,ra6,Marketing – to send you information about our products and services (including via email).,Categories of Personal Information Shared / Disclosed,WS_97_S79;WS_97_S118,C3PA_Dataset/Annotations/WS/97.csv
WS_97,61,ra6,Marketing – to send you information about our products and services (including via email).,Categories of Personal Information Sold,WS_97_S79;WS_97_S118,C3PA_Dataset/Annotations/WS/97.csv
WS_97,62,ra6,"Legal compliance – to comply with our legal obligations, for example our accounting and tax reporting obligations.",Categories of Personal Information Shared / Disclosed,WS_97_S77;WS_97_S114,C3PA_Dataset/Annotations/WS/97.csv
WS_97,66,ra6,Marketing – to send you information about our products and services (including via email).,Categories of Personal Information Sold,WS_97_S79;WS_97_S118,C3PA_Dataset/Annotations/WS/97.csv
WS_97,125,ra1,Purpose,Categories of Personal Information Collected,WS_97_S26;WS_97_S41;WS_97_S45;WS_97_S50;WS_97_S51;WS_97_S52;WS_97_S57;WS_97_S58;WS_97_S59;WS_97_S81;WS_97_S85;WS_97_S89;WS_97_S93;WS_97_S97;WS_97_S101;WS_97_S105;WS_97_S109;WS_97_S113;WS_97_S117;WS_97_S139;WS_97_S141;WS_97_S151;WS_97_S152;WS_97_S155;WS_97_S157;WS_97_S212;WS_97_S239,C3PA_Dataset/Annotations/WS/97.csv
WS_97,126,ra1,Purpose,Categories of Personal Information Shared / Disclosed,WS_97_S26;WS_97_S41;WS_97_S45;WS_97_S50;WS_97_S51;WS_97_S52;WS_97_S57;WS_97_S58;WS_97_S59;WS_97_S81;WS_97_S85;WS_97_S89;WS_97_S93;WS_97_S97;WS_97_S101;WS_97_S105;WS_97_S109;WS_97_S113;WS_97_S117;WS_97_S139;WS_97_S141;WS_97_S151;WS_97_S152;WS_97_S155;WS_97_S157;WS_97_S212;WS_97_S239,C3PA_Dataset/Annotations/WS/97.csv
WS_97,127,ra1,Purpose,Categories of Personal Information Sold,WS_97_S26;WS_97_S41;WS_97_S45;WS_97_S50;WS_97_S51;WS_97_S52;WS_97_S57;WS_97_S58;WS_97_S59;WS_97_S81;WS_97_S85;WS_97_S89;WS_97_S93;WS_97_S97;WS_97_S101;WS_97_S105;WS_97_S109;WS_97_S113;WS_97_S117;WS_97_S139;WS_97_S141;WS_97_S151;WS_97_S152;WS_97_S155;WS_97_S157;WS_97_S212;WS_97_S239,C3PA_Dataset/Annotations/WS/97.csv
WS_97,128,ra1,Account creation - to create and manage your account on the Service.,Categories of Personal Information Collected,WS_97_S61;WS_97_S82,C3PA_Dataset/Annotations/WS/97.csv
WS_97,129,ra1,Account creation - to create and manage your account on the Service.,Categories of Personal Information Shared / Disclosed,WS_97_S61;WS_97_S82,C3PA_Dataset/Annotations/WS/97.csv
WS_97,130,ra1,Account creation - to create and manage your account on the Service.,Categories of Personal Information Sold,WS_97_S61;WS_97_S82,C3PA_Dataset/Annotations/WS/97.csv
WS_97,137,ra1,Purpose,Categories of Personal Information Shared / Disclosed,WS_97_S26;WS_97_S41;WS_97_S45;WS_97_S50;WS_97_S51;WS_97_S52;WS_97_S57;WS_97_S58;WS_97_S59;WS_97_S81;WS_97_S85;WS_97_S89;WS_97_S93;WS_97_S97;WS_97_S101;WS_97_S105;WS_97_S109;WS_97_S113;WS_97_S117;WS_97_S139;WS_97_S141;WS_97_S151;WS_97_S152;WS_97_S155;WS_97_S157;WS_97_S212;WS_97_S239,C3PA_Dataset/Annotations/WS/97.csv
WS_97,138,ra1,Purpose,Categories of Personal Information Collected,WS_97_S26;WS_97_S41;WS_97_S45;WS_97_S50;WS_97_S51;WS_97_S52;WS_97_S57;WS_97_S58;WS_97_S59;WS_97_S81;WS_97_S85;WS_97_S89;WS_97_S93;WS_97_S97;WS_97_S101;WS_97_S105;WS_97_S109;WS_97_S113;WS_97_S117;WS_97_S139;WS_97_S141;WS_97_S151;WS_97_S152;WS_97_S155;WS_97_S157;WS_97_S212;WS_97_S239,C3PA_Dataset/Annotations/WS/97.csv
WS_97,139,ra1,Purpose,Categories of Personal Information Sold,WS_97_S26;WS_97_S41;WS_97_S45;WS_97_S50;WS_97_S51;WS_97_S52;WS_97_S57;WS_97_S58;WS_97_S59;WS_97_S81;WS_97_S85;WS_97_S89;WS_97_S93;WS_97_S97;WS_97_S101;WS_97_S105;WS_97_S109;WS_97_S113;WS_97_S117;WS_97_S139;WS_97_S141;WS_97_S151;WS_97_S152;WS_97_S155;WS_97_S157;WS_97_S212;WS_97_S239,C3PA_Dataset/Annotations/WS/97.csv
WS_97,140,ra1,Service delivery - to operate and deliver our Service to you.,Categories of Personal Information Collected,WS_97_S63;WS_97_S86,C3PA_Dataset/Annotations/WS/97.csv
WS_97,141,ra1,Service delivery - to operate and deliver our Service to you.,Categories of Personal Information Shared / Disclosed,WS_97_S63;WS_97_S86,C3PA_Dataset/Annotations/WS/97.csv
WS_97,142,ra1,Service delivery - to operate and deliver our Service to you.,Categories of Personal Information Sold,WS_97_S63;WS_97_S86,C3PA_Dataset/Annotations/WS/97.csv
WS_97,149,ra1,Purpose,Categories of Personal Information Collected,WS_97_S26;WS_97_S41;WS_97_S45;WS_97_S50;WS_97_S51;WS_97_S52;WS_97_S57;WS_97_S58;WS_97_S59;WS_97_S81;WS_97_S85;WS_97_S89;WS_97_S93;WS_97_S97;WS_97_S101;WS_97_S105;WS_97_S109;WS_97_S113;WS_97_S117;WS_97_S139;WS_97_S141;WS_97_S151;WS_97_S152;WS_97_S155;WS_97_S157;WS_97_S212;WS_97_S239,C3PA_Dataset/Annotations/WS/97.csv
WS_97,150,ra1,Purpose,Categories of Personal Information Shared / Disclosed,WS_97_S26;WS_97_S41;WS_97_S45;WS_97_S50;WS_97_S51;WS_97_S52;WS_97_S57;WS_97_S58;WS_97_S59;WS_97_S81;WS_97_S85;WS_97_S89;WS_97_S93;WS_97_S97;WS_97_S101;WS_97_S105;WS_97_S109;WS_97_S113;WS_97_S117;WS_97_S139;WS_97_S141;WS_97_S151;WS_97_S152;WS_97_S155;WS_97_S157;WS_97_S212;WS_97_S239,C3PA_Dataset/Annotations/WS/97.csv
WS_97,151,ra1,Purpose,Categories of Personal Information Sold,WS_97_S26;WS_97_S41;WS_97_S45;WS_97_S50;WS_97_S51;WS_97_S52;WS_97_S57;WS_97_S58;WS_97_S59;WS_97_S81;WS_97_S85;WS_97_S89;WS_97_S93;WS_97_S97;WS_97_S101;WS_97_S105;WS_97_S109;WS_97_S113;WS_97_S117;WS_97_S139;WS_97_S141;WS_97_S151;WS_97_S152;WS_97_S155;WS_97_S157;WS_97_S212;WS_97_S239,C3PA_Dataset/Annotations/WS/97.csv
WS_97,152,ra1,Lifeline Group - to communicate with your Lifeline Notification Group regarding your whereabouts as described on our Service. ,Categories of Personal Information Collected,WS_97_S65;WS_97_S90,C3PA_Dataset/Annotations/WS/97.csv
WS_97,153,ra1,Lifeline Group - to communicate with your Lifeline Notification Group regarding your whereabouts as described on our Service. ,Categories of Personal Information Shared / Disclosed,WS_97_S65;WS_97_S90,C3PA_Dataset/Annotations/WS/97.csv
WS_97,154,ra1,Lifeline Group - to communicate with your Lifeline Notification Group regarding your whereabouts as described on our Service.,Categories of Personal Information Sold,WS_97_S65;WS_97_S90,C3PA_Dataset/Annotations/WS/97.csv
WS_97,161,ra1,Purpose,Categories of Personal Information Collected,WS_97_S26;WS_97_S41;WS_97_S45;WS_97_S50;WS_97_S51;WS_97_S52;WS_97_S57;WS_97_S58;WS_97_S59;WS_97_S81;WS_97_S85;WS_97_S89;WS_97_S93;WS_97_S97;WS_97_S101;WS_97_S105;WS_97_S109;WS_97_S113;WS_97_S117;WS_97_S139;WS_97_S141;WS_97_S151;WS_97_S152;WS_97_S155;WS_97_S157;WS_97_S212;WS_97_S239,C3PA_Dataset/Annotations/WS/97.csv
WS_97,162,ra1,Purpose,Categories of Personal Information Shared / Disclosed,WS_97_S26;WS_97_S41;WS_97_S45;WS_97_S50;WS_97_S51;WS_97_S52;WS_97_S57;WS_97_S58;WS_97_S59;WS_97_S81;WS_97_S85;WS_97_S89;WS_97_S93;WS_97_S97;WS_97_S101;WS_97_S105;WS_97_S109;WS_97_S113;WS_97_S117;WS_97_S139;WS_97_S141;WS_97_S151;WS_97_S152;WS_97_S155;WS_97_S157;WS_97_S212;WS_97_S239,C3PA_Dataset/Annotations/WS/97.csv
WS_97,163,ra1,Purpose,Categories of Personal Information Sold,WS_97_S26;WS_97_S41;WS_97_S45;WS_97_S50;WS_97_S51;WS_97_S52;WS_97_S57;WS_97_S58;WS_97_S59;WS_97_S81;WS_97_S85;WS_97_S89;WS_97_S93;WS_97_S97;WS_97_S101;WS_97_S105;WS_97_S109;WS_97_S113;WS_97_S117;WS_97_S139;WS_97_S141;WS_97_S151;WS_97_S152;WS_97_S155;WS_97_S157;WS_97_S212;WS_97_S239,C3PA_Dataset/Annotations/WS/97.csv
WS_97,164,ra1,Payments processing - to process your payments via our third-party payments processor.,Categories of Personal Information Collected,WS_97_S67;WS_97_S94,C3PA_Dataset/Annotations/WS/97.csv
WS_97,165,ra1,Payments processing - to process your payments via our third-party payments processor.,Categories of Personal Information Shared / Disclosed,WS_97_S67;WS_97_S94,C3PA_Dataset/Annotations/WS/97.csv
WS_97,166,ra1,Payments processing - to process your payments via our third-party payments processor. ,Categories of Personal Information Sold,WS_97_S67;WS_97_S94,C3PA_Dataset/Annotations/WS/97.csv
WS_97,173,ra1,Purpose,Categories of Personal Information Collected,WS_97_S26;WS_97_S41;WS_97_S45;WS_97_S50;WS_97_S51;WS_97_S52;WS_97_S57;WS_97_S58;WS_97_S59;WS_97_S81;WS_97_S85;WS_97_S89;WS_97_S93;WS_97_S97;WS_97_S101;WS_97_S105;WS_97_S109;WS_97_S113;WS_97_S117;WS_97_S139;WS_97_S141;WS_97_S151;WS_97_S152;WS_97_S155;WS_97_S157;WS_97_S212;WS_97_S239,C3PA_Dataset/Annotations/WS/97.csv
WS_97,174,ra1,Purpose,Categories of Personal Information Shared / Disclosed,WS_97_S26;WS_97_S41;WS_97_S45;WS_97_S50;WS_97_S51;WS_97_S52;WS_97_S57;WS_97_S58;WS_97_S59;WS_97_S81;WS_97_S85;WS_97_S89;WS_97_S93;WS_97_S97;WS_97_S101;WS_97_S105;WS_97_S109;WS_97_S113;WS_97_S117;WS_97_S139;WS_97_S141;WS_97_S151;WS_97_S152;WS_97_S155;WS_97_S157;WS_97_S212;WS_97_S239,C3PA_Dataset/Annotations/WS/97.csv
WS_97,175,ra1,Purpose,Categories of Personal Information Sold,WS_97_S26;WS_97_S41;WS_97_S45;WS_97_S50;WS_97_S51;WS_97_S52;WS_97_S57;WS_97_S58;WS_97_S59;WS_97_S81;WS_97_S85;WS_97_S89;WS_97_S93;WS_97_S97;WS_97_S101;WS_97_S105;WS_97_S109;WS_97_S113;WS_97_S117;WS_97_S139;WS_97_S141;WS_97_S151;WS_97_S152;WS_97_S155;WS_97_S157;WS_97_S212;WS_97_S239,C3PA_Dataset/Annotations/WS/97.csv
WS_97,176,ra1,Customer support - to deliver customer support to you and respond to your queries.,Categories of Personal Information Collected,WS_97_S69;WS_97_S98,C3PA_Dataset/Annotations/WS/97.csv
WS_97,177,ra1,Customer support - to deliver customer support to you and respond to your queries.,Categories of Personal Information Shared / Disclosed,WS_97_S69;WS_97_S98,C3PA_Dataset/Annotations/WS/97.csv
WS_97,178,ra1,Customer support - to deliver customer support to you and respond to your queries.,Categories of Personal Information Sold,WS_97_S69;WS_97_S98,C3PA_Dataset/Annotations/WS/97.csv
WS_97,185,ra1,Purpose,Categories of Personal Information Collected,WS_97_S26;WS_97_S41;WS_97_S45;WS_97_S50;WS_97_S51;WS_97_S52;WS_97_S57;WS_97_S58;WS_97_S59;WS_97_S81;WS_97_S85;WS_97_S89;WS_97_S93;WS_97_S97;WS_97_S101;WS_97_S105;WS_97_S109;WS_97_S113;WS_97_S117;WS_97_S139;WS_97_S141;WS_97_S151;WS_97_S152;WS_97_S155;WS_97_S157;WS_97_S212;WS_97_S239,C3PA_Dataset/Annotations/WS/97.csv
WS_97,186,ra1,Purpose,Categories of Personal Information Shared / Disclosed,WS_97_S26;WS_97_S41;WS_97_S45;WS_97_S50;WS_97_S51;WS_97_S52;WS_97_S57;WS_97_S58;WS_97_S59;WS_97_S81;WS_97_S85;WS_97_S89;WS_97_S93;WS_97_S97;WS_97_S101;WS_97_S105;WS_97_S109;WS_97_S113;WS_97_S117;WS_97_S139;WS_97_S141;WS_97_S151;WS_97_S152;WS_97_S155;WS_97_S157;WS_97_S212;WS_97_S239,C3PA_Dataset/Annotations/WS/97.csv
WS_97,187,ra1,Purpose,Categories of Personal Information Sold,WS_97_S26;WS_97_S41;WS_97_S45;WS_97_S50;WS_97_S51;WS_97_S52;WS_97_S57;WS_97_S58;WS_97_S59;WS_97_S81;WS_97_S85;WS_97_S89;WS_97_S93;WS_97_S97;WS_97_S101;WS_97_S105;WS_97_S109;WS_97_S113;WS_97_S117;WS_97_S139;WS_97_S141;WS_97_S151;WS_97_S152;WS_97_S155;WS_97_S157;WS_97_S212;WS_97_S239,C3PA_Dataset/Annotations/WS/97.csv
WS_97,188,ra1,"Contacts syncing – to match the phone numbers in your Contacts address book to users of the Service, if you have chosen to do so.",Categories of Personal Information Collected,WS_97_S71;WS_97_S102,C3PA_Dataset/Annotations/WS/97.csv
WS_97,189,ra1,"Contacts syncing – to match the phone numbers in your Contacts address book to users of the Service, if you have chosen to do so.",Categories of Personal Information Shared / Disclosed,WS_97_S71;WS_97_S102,C3PA_Dataset/Annotations/WS/97.csv
WS_97,190,ra1,"Contacts syncing – to match the phone numbers in your Contacts address book to users of the Service, if you have chosen to do so.",Categories of Personal Information Sold,WS_97_S71;WS_97_S102,C3PA_Dataset/Annotations/WS/97.csv
WS_97,197,ra1,Purpose,Categories of Personal Information Collected,WS_97_S26;WS_97_S41;WS_97_S45;WS_97_S50;WS_97_S51;WS_97_S52;WS_97_S57;WS_97_S58;WS_97_S59;WS_97_S81;WS_97_S85;WS_97_S89;WS_97_S93;WS_97_S97;WS_97_S101;WS_97_S105;WS_97_S109;WS_97_S113;WS_97_S117;WS_97_S139;WS_97_S141;WS_97_S151;WS_97_S152;WS_97_S155;WS_97_S157;WS_97_S212;WS_97_S239,C3PA_Dataset/Annotations/WS/97.csv
WS_97,198,ra1,Purpose,Categories of Personal Information Shared / Disclosed,WS_97_S26;WS_97_S41;WS_97_S45;WS_97_S50;WS_97_S51;WS_97_S52;WS_97_S57;WS_97_S58;WS_97_S59;WS_97_S81;WS_97_S85;WS_97_S89;WS_97_S93;WS_97_S97;WS_97_S101;WS_97_S105;WS_97_S109;WS_97_S113;WS_97_S117;WS_97_S139;WS_97_S141;WS_97_S151;WS_97_S152;WS_97_S155;WS_97_S157;WS_97_S212;WS_97_S239,C3PA_Dataset/Annotations/WS/97.csv
WS_97,199,ra1,Purpose,Categories of Personal Information Sold,WS_97_S26;WS_97_S41;WS_97_S45;WS_97_S50;WS_97_S51;WS_97_S52;WS_97_S57;WS_97_S58;WS_97_S59;WS_97_S81;WS_97_S85;WS_97_S89;WS_97_S93;WS_97_S97;WS_97_S101;WS_97_S105;WS_97_S109;WS_97_S113;WS_97_S117;WS_97_S139;WS_97_S141;WS_97_S151;WS_97_S152;WS_97_S155;WS_97_S157;WS_97_S212;WS_97_S239,C3PA_Dataset/Annotations/WS/97.csv
WS_97,200,ra1,Service improvement – to analyze how you use our Service and to improve it.,Categories of Personal Information Collected,WS_97_S73;WS_97_S106,C3PA_Dataset/Annotations/WS/97.csv
WS_97,201,ra1,Service improvement – to analyze how you use our Service and to improve it.,Categories of Personal Information Shared / Disclosed,WS_97_S73;WS_97_S106,C3PA_Dataset/Annotations/WS/97.csv
WS_97,202,ra1,Service improvement – to analyze how you use our Service and to improve it.,Categories of Personal Information Sold,WS_97_S73;WS_97_S106,C3PA_Dataset/Annotations/WS/97.csv
WS_97,209,ra1,Purpose,Categories of Personal Information Collected,WS_97_S26;WS_97_S41;WS_97_S45;WS_97_S50;WS_97_S51;WS_97_S52;WS_97_S57;WS_97_S58;WS_97_S59;WS_97_S81;WS_97_S85;WS_97_S89;WS_97_S93;WS_97_S97;WS_97_S101;WS_97_S105;WS_97_S109;WS_97_S113;WS_97_S117;WS_97_S139;WS_97_S141;WS_97_S151;WS_97_S152;WS_97_S155;WS_97_S157;WS_97_S212;WS_97_S239,C3PA_Dataset/Annotations/WS/97.csv
WS_97,210,ra1,Purpose,Categories of Personal Information Shared / Disclosed,WS_97_S26;WS_97_S41;WS_97_S45;WS_97_S50;WS_97_S51;WS_97_S52;WS_97_S57;WS_97_S58;WS_97_S59;WS_97_S81;WS_97_S85;WS_97_S89;WS_97_S93;WS_97_S97;WS_97_S101;WS_97_S105;WS_97_S109;WS_97_S113;WS_97_S117;WS_97_S139;WS_97_S141;WS_97_S151;WS_97_S152;WS_97_S155;WS_97_S157;WS_97_S212;WS_97_S239,C3PA_Dataset/Annotations/WS/97.csv
WS_97,211,ra1,Purpose,Categories of Personal Information Sold,WS_97_S26;WS_97_S41;WS_97_S45;WS_97_S50;WS_97_S51;WS_97_S52;WS_97_S57;WS_97_S58;WS_97_S59;WS_97_S81;WS_97_S85;WS_97_S89;WS_97_S93;WS_97_S97;WS_97_S101;WS_97_S105;WS_97_S109;WS_97_S113;WS_97_S117;WS_97_S139;WS_97_S141;WS_97_S151;WS_97_S152;WS_97_S155;WS_97_S157;WS_97_S212;WS_97_S239,C3PA_Dataset/Annotations/WS/97.csv
WS_97,212,ra1,Fraud prevention – to keep our Service and associated systems operational and secure.,Categories of Personal Information Collected,WS_97_S75;WS_97_S110,C3PA_Dataset/Annotations/WS/97.csv
WS_97,213,ra1,Fraud prevention – to keep our Service and associated systems operational and secure.,Categories of Personal Information Shared / Disclosed,WS_97_S75;WS_97_S110,C3PA_Dataset/Annotations/WS/97.csv
WS_97,214,ra1,Fraud prevention – to keep our Service and associated systems operational and secure.,Categories of Personal Information Sold,WS_97_S75;WS_97_S110,C3PA_Dataset/Annotations/WS/97.csv
WS_97,221,ra1,Purpose,Categories of Personal Information Collected,WS_97_S26;WS_97_S41;WS_97_S45;WS_97_S50;WS_97_S51;WS_97_S52;WS_97_S57;WS_97_S58;WS_97_S59;WS_97_S81;WS_97_S85;WS_97_S89;WS_97_S93;WS_97_S97;WS_97_S101;WS_97_S105;WS_97_S109;WS_97_S113;WS_97_S117;WS_97_S139;WS_97_S141;WS_97_S151;WS_97_S152;WS_97_S155;WS_97_S157;WS_97_S212;WS_97_S239,C3PA_Dataset/Annotations/WS/97.csv
WS_97,222,ra1,Purpose,Categories of Personal Information Shared / Disclosed,WS_97_S26;WS_97_S41;WS_97_S45;WS_97_S50;WS_97_S51;WS_97_S52;WS_97_S57;WS_97_S58;WS_97_S59;WS_97_S81;WS_97_S85;WS_97_S89;WS_97_S93;WS_97_S97;WS_97_S101;WS_97_S105;WS_97_S109;WS_97_S113;WS_97_S117;WS_97_S139;WS_97_S141;WS_97_S151;WS_97_S152;WS_97_S155;WS_97_S157;WS_97_S212;WS_97_S239,C3PA_Dataset/Annotations/WS/97.csv
WS_97,223,ra1,Purpose,Categories of Personal Information Sold,WS_97_S26;WS_97_S41;WS_97_S45;WS_97_S50;WS_97_S51;WS_97_S52;WS_97_S57;WS_97_S58;WS_97_S59;WS_97_S81;WS_97_S85;WS_97_S89;WS_97_S93;WS_97_S97;WS_97_S101;WS_97_S105;WS_97_S109;WS_97_S113;WS_97_S117;WS_97_S139;WS_97_S141;WS_97_S151;WS_97_S152;WS_97_S155;WS_97_S157;WS_97_S212;WS_97_S239,C3PA_Dataset/Annotations/WS/97.csv
WS_97,224,ra1,"Legal compliance – to comply with our legal obligations, for example our accounting and tax reporting obligations.",Categories of Personal Information Collected,WS_97_S77;WS_97_S114,C3PA_Dataset/Annotations/WS/97.csv
WS_97,225,ra1,"Legal compliance – to comply with our legal obligations, for example our accounting and tax reporting obligations.",Categories of Personal Information Shared / Disclosed,WS_97_S77;WS_97_S114,C3PA_Dataset/Annotations/WS/97.csv
WS_97,226,ra1,"Legal compliance – to comply with our legal obligations, for example our accounting and tax reporting obligations.",Categories of Personal Information Sold,WS_97_S77;WS_97_S114,C3PA_Dataset/Annotations/WS/97.csv
WS_97,233,ra1,Purpose,Categories of Personal Information Collected,WS_97_S26;WS_97_S41;WS_97_S45;WS_97_S50;WS_97_S51;WS_97_S52;WS_97_S57;WS_97_S58;WS_97_S59;WS_97_S81;WS_97_S85;WS_97_S89;WS_97_S93;WS_97_S97;WS_97_S101;WS_97_S105;WS_97_S109;WS_97_S113;WS_97_S117;WS_97_S139;WS_97_S141;WS_97_S151;WS_97_S152;WS_97_S155;WS_97_S157;WS_97_S212;WS_97_S239,C3PA_Dataset/Annotations/WS/97.csv
WS_97,234,ra1,Purpose,Categories of Personal Information Shared / Disclosed,WS_97_S26;WS_97_S41;WS_97_S45;WS_97_S50;WS_97_S51;WS_97_S52;WS_97_S57;WS_97_S58;WS_97_S59;WS_97_S81;WS_97_S85;WS_97_S89;WS_97_S93;WS_97_S97;WS_97_S101;WS_97_S105;WS_97_S109;WS_97_S113;WS_97_S117;WS_97_S139;WS_97_S141;WS_97_S151;WS_97_S152;WS_97_S155;WS_97_S157;WS_97_S212;WS_97_S239,C3PA_Dataset/Annotations/WS/97.csv
WS_97,235,ra1,Purpose,Categories of Personal Information Sold,WS_97_S26;WS_97_S41;WS_97_S45;WS_97_S50;WS_97_S51;WS_97_S52;WS_97_S57;WS_97_S58;WS_97_S59;WS_97_S81;WS_97_S85;WS_97_S89;WS_97_S93;WS_97_S97;WS_97_S101;WS_97_S105;WS_97_S109;WS_97_S113;WS_97_S117;WS_97_S139;WS_97_S141;WS_97_S151;WS_97_S152;WS_97_S155;WS_97_S157;WS_97_S212;WS_97_S239,C3PA_Dataset/Annotations/WS/97.csv
WS_97,236,ra1,Marketing – to send you information about our products and services (including via email).,Categories of Personal Information Collected,WS_97_S79;WS_97_S118,C3PA_Dataset/Annotations/WS/97.csv
WS_97,237,ra1,Marketing – to send you information about our products and services (including via email).,Categories of Personal Information Shared / Disclosed,WS_97_S79;WS_97_S118,C3PA_Dataset/Annotations/WS/97.csv
WS_97,238,ra1,Marketing – to send you information about our products and services (including via email).,Categories of Personal Information Sold,WS_97_S79;WS_97_S118,C3PA_Dataset/Annotations/WS/97.csv
WS_98,12,ra2,Advancing our commercial or economic interests,Categories of Personal Information Shared / Disclosed,WS_98_S246;WS_98_S255,C3PA_Dataset/Annotations/WS/98.csv
WS_98,13,ra2,Advancing our commercial or economic interests,Categories of Personal Information Sold,WS_98_S246;WS_98_S255,C3PA_Dataset/Annotations/WS/98.csv
