doc_id,sentence_id,sentence_text,verbatim_label,verbatim_labels,annotator_count,annotators,source_annotation_count,alignment_type,source_html,source_annotation_file
DB_1,DB_1_S285,"In addition, the CCPA provides you the right to access and delete Personal Data for California residents.",MULTI_LABEL,Description of Right to Delete;Description of Right to Know PI Collected,2,ra1;ra2,3,annotation_in_sentence,C3PA_Dataset/Htmls/DB/1.html,C3PA_Dataset/Annotations/DB/1.csv
DB_10,DB_10_S12,"In addition, the CCPA provides you the right to access and delete Personal Data for California residents.",MULTI_LABEL,Description of Right to Delete;Description of Right to Know PI Collected,2,ra3;ra4,4,annotation_in_sentence,C3PA_Dataset/Htmls/DB/10.html,C3PA_Dataset/Annotations/DB/10.csv
DB_10,DB_10_S22,"We use IP addresses to analyze trends, administer the site, track user’s movement, and gather broad demographic information for aggregate use.",MULTI_LABEL,Categories of Personal Information Shared / Disclosed;Categories of Personal Information Sold,1,ra4,2,annotation_in_sentence,C3PA_Dataset/Htmls/DB/10.html,C3PA_Dataset/Annotations/DB/10.csv
DB_100,DB_100_S23,INFORMATION WE COLLECT THROUGH AUTOMATED MEANS,MULTI_LABEL,Categories of Personal Information Shared / Disclosed;Categories of Personal Information Sold,1,ra5,2,annotation_in_sentence;sentence_in_annotation,C3PA_Dataset/Htmls/DB/100.html,C3PA_Dataset/Annotations/DB/100.csv
DB_102,DB_102_S46,"We may also use your Personal Information or non-Personal Information for other purposes consistent with our business, except when not permitted by applicable law.",MULTI_LABEL,Categories of Personal Information Collected;Categories of Personal Information Shared / Disclosed;Categories of Personal Information Sold,2,ra2;ra3,4,annotation_in_sentence,C3PA_Dataset/Htmls/DB/102.html,C3PA_Dataset/Annotations/DB/102.csv
DB_102,DB_102_S68,"Subject to applicable law, you may have the right to request access to and receive details about the Personal Information we have collected and maintain about you, update and correct inaccuracies in your Personal Information, and have the Personal Information deleted so that it cannot be sold.",MULTI_LABEL,Description of Right to Correct Information;Description of Right to Delete;Description of Right to Know PI Collected;Description of Right to Opt-out of sale of PI,1,ra3,4,annotation_in_sentence,C3PA_Dataset/Htmls/DB/102.html,C3PA_Dataset/Annotations/DB/102.csv
DB_102,DB_102_S88,"Please be aware that we may provide links to third-party websites, including those websites maintained by political candidates/political campaigns, other political organizations or persons, and news media outlets, as a service to our visitors.",MULTI_LABEL,Description of Right to Correct Information;Description of Right to Delete;Description of Right to Know PI Collected;Description of Right to Know PI sold / shared,1,ra2,4,annotation_in_sentence,C3PA_Dataset/Htmls/DB/102.html,C3PA_Dataset/Annotations/DB/102.csv
DB_102,DB_102_S99,"The California Consumer Privacy Act (CCPA) affords residents of the State of California the right to know the Personal Information we collect about you and how it is used and shared (“Right to Know”), the right to delete upon request some types of – but not all – Personal Information we have collected about you (“Right to Delete”), the right to opt-out of the sale of your Personal Information (“Right to Opt-Out”), and your right to be fully protected against discrimination from us if you were to exercise any of these rights.",MULTI_LABEL,Description of Right to Delete;Description of Right to Know PI Collected;Description of Right to Know PI sold / shared;Description of Right to Non-discrimination on exercising rights;Description of Right to Opt-out of sale of PI,2,ra3;ra4,9,annotation_in_sentence,C3PA_Dataset/Htmls/DB/102.html,C3PA_Dataset/Annotations/DB/102.csv
DB_103,DB_103_S46,"By using a browser plugin available at http://www.google.com/ads/preferences/plugin/ provided by Google, you can opt out of Google Analytics.",MULTI_LABEL,Description of Right to Opt-out of sale of PI;Methods to exercise rights,1,ra5,2,annotation_in_sentence,C3PA_Dataset/Htmls/DB/103.html,C3PA_Dataset/Annotations/DB/103.csv
DB_103,DB_103_S59,Improving the relevance of advertising;,MULTI_LABEL,Categories of Personal Information Shared / Disclosed;Categories of Personal Information Sold,1,ra4,2,annotation_in_sentence,C3PA_Dataset/Htmls/DB/103.html,C3PA_Dataset/Annotations/DB/103.csv
DB_103,DB_103_S63,Providing a report to a client on the number of its advertisements that were clicked.,MULTI_LABEL,Categories of Personal Information Shared / Disclosed;Categories of Personal Information Sold,1,ra5,2,annotation_in_sentence,C3PA_Dataset/Htmls/DB/103.html,C3PA_Dataset/Annotations/DB/103.csv
DB_103,DB_103_S82,OPTING OUT OF INTEREST-BASED ADVERTISING,MULTI_LABEL,Categories of Personal Information Collected;Description of Right to Opt-out of sale of PI,2,ra4;ra5,2,sentence_in_annotation,C3PA_Dataset/Htmls/DB/103.html,C3PA_Dataset/Annotations/DB/103.csv
DB_103,DB_103_S97,"Where we process Personal Information, individuals are entitled to ask us for an overview of the Personal Information we have about them and also to access, correct or delete certain Personal Information.",MULTI_LABEL,Description of Right to Correct Information;Description of Right to Delete;Description of Right to Know PI Collected,1,ra3,3,annotation_in_sentence,C3PA_Dataset/Htmls/DB/103.html,C3PA_Dataset/Annotations/DB/103.csv
DB_103,DB_103_S161,You may submit a request to know via https://www.appscience.inc/do-not-sell-my-info.,MULTI_LABEL,Description of Right to Know PI Collected;Description of Right to Know PI sold / shared;Methods to exercise rights,3,ra3;ra4;ra5,5,annotation_in_sentence,C3PA_Dataset/Htmls/DB/103.html,C3PA_Dataset/Annotations/DB/103.csv
DB_104,DB_104_S26,Third-party advertisers may collect information on visitors to our site.,MULTI_LABEL,Categories of Personal Information Shared / Disclosed;Categories of Personal Information Sold,3,ra3;ra4;ra5,4,annotation_in_sentence,C3PA_Dataset/Htmls/DB/104.html,C3PA_Dataset/Annotations/DB/104.csv
DB_105,DB_105_S205,"Attn: Paul Hong, COO",MULTI_LABEL,Description of Right to Correct Information;Description of Right to Delete,1,ra2,2,annotation_in_sentence,C3PA_Dataset/Htmls/DB/105.html,C3PA_Dataset/Annotations/DB/105.csv
DB_106,DB_106_S205,"Attn: Paul Hong, COO",MULTI_LABEL,Description of Right to Correct Information;Description of Right to Delete,1,ra2,2,annotation_in_sentence,C3PA_Dataset/Htmls/DB/106.html,C3PA_Dataset/Annotations/DB/106.csv
DB_107,DB_107_S560,The business or commercial purposes for collecting or selling Personal Information,MULTI_LABEL,Categories of Personal Information Collected;Categories of Personal Information Shared / Disclosed;Categories of Personal Information Sold,1,ra1,3,annotation_in_sentence,C3PA_Dataset/Htmls/DB/107.html,C3PA_Dataset/Annotations/DB/107.csv
DB_107,DB_107_S561,How your personal data will be used by us,MULTI_LABEL,Categories of Personal Information Shared / Disclosed;Categories of Personal Information Sold,1,ra1,2,annotation_in_sentence,C3PA_Dataset/Htmls/DB/107.html,C3PA_Dataset/Annotations/DB/107.csv
DB_107,DB_107_S562,Categories of Personal Information shared or disclosed to third parties in the preceding 12 months and the categories of third parties with whom the information was disclosed or sold,MULTI_LABEL,Categories of Personal Information Shared / Disclosed;Categories of Personal Information Sold,1,ra1,2,annotation_in_sentence,C3PA_Dataset/Htmls/DB/107.html,C3PA_Dataset/Annotations/DB/107.csv
DB_107,DB_107_S565,"To request that we disclose what information we collect, use, disclose or sell about you (twice in a 12-month period)",MULTI_LABEL,Description of Right to Know PI Collected;Description of Right to Know PI sold / shared,2,ra1;ra2,4,annotation_in_sentence,C3PA_Dataset/Htmls/DB/107.html,C3PA_Dataset/Annotations/DB/107.csv
DB_107,DB_107_S566,To access the specific pieces of information we hold about you (twice in a 12-month period),MULTI_LABEL,Description of Right to Know PI Collected;Description of Right to Know PI sold / shared,2,ra1;ra2,3,annotation_in_sentence,C3PA_Dataset/Htmls/DB/107.html,C3PA_Dataset/Annotations/DB/107.csv
DB_108,DB_108_S162,The categories of Personal Information that we disclosed about you for a business purpose.,MULTI_LABEL,Categories of Personal Information Collected;Description of Right to Know PI Collected;Description of Right to Know PI sold / shared,3,ra3;ra4;ra5,4,sentence_in_annotation,C3PA_Dataset/Htmls/DB/108.html,C3PA_Dataset/Annotations/DB/108.csv
DB_108,DB_108_S174,"To opt out of the sale or disclosure of your personal information, please visit Opt Out of the Disclosure of Your Personal Information and complete the necessary webform.",MULTI_LABEL,Description of Right to Opt-out of sale of PI;Methods to exercise rights,3,ra3;ra4;ra5,4,annotation_in_sentence,C3PA_Dataset/Htmls/DB/108.html,C3PA_Dataset/Annotations/DB/108.csv
DB_109,DB_109_S80,You may “opt out” of our marketing database by submitting an “opt out” request via our secure online webform.,MULTI_LABEL,Description of Right to Opt-out of sale of PI;Methods to exercise rights,2,ra4;ra5,3,sentence_in_annotation,C3PA_Dataset/Htmls/DB/109.html,C3PA_Dataset/Annotations/DB/109.csv
DB_109,DB_109_S84,"If you would like to opt out of direct mail advertising in general, we recommend that you visit the DMA Choice website, at thedma.org.",MULTI_LABEL,Description of Right to Opt-out of sale of PI;Methods to exercise rights,1,ra5,2,annotation_in_sentence,C3PA_Dataset/Htmls/DB/109.html,C3PA_Dataset/Annotations/DB/109.csv
DB_109,DB_109_S87,"If you wish to opt out of online targeted ads (sometimes referred to as “interest-based” or “personalized” advertising), you can also visit the opt-out portals operated by the industry groups the National Advertising Initiative (NAI) or the Digital Advertising Alliance (DAA), and you can learn more about how those opt-outs work on those linked web pages.",MULTI_LABEL,Description of Right to Opt-out of sale of PI;Methods to exercise rights,1,ra5,2,annotation_in_sentence,C3PA_Dataset/Htmls/DB/109.html,C3PA_Dataset/Annotations/DB/109.csv
DB_109,DB_109_S295,"If you would like to opt out, you may do so as outlined on the following page: Do Not Sell My Personal Information",MULTI_LABEL,Description of Right to Opt-out of sale of PI;Methods to exercise rights,1,ra3,2,annotation_in_sentence,C3PA_Dataset/Htmls/DB/109.html,C3PA_Dataset/Annotations/DB/109.csv
DB_110,DB_110_S18,"PI includes, for instance, name, postal address, telephone number or email address.",MULTI_LABEL,Categories of Personal Information Shared / Disclosed;Categories of Personal Information Sold,1,ra5,2,annotation_in_sentence,C3PA_Dataset/Htmls/DB/110.html,C3PA_Dataset/Annotations/DB/110.csv
DB_110,DB_110_S31,"We may use PI and Data Segments to help marketers and other data platforms perform “cross-channel” marketing – analyzing, locating and creating potential marketing “audiences” through multiple channels, e.g., web and mobile, or TV/radio.",MULTI_LABEL,Categories of Personal Information Collected;Categories of Personal Information Shared / Disclosed;Categories of Personal Information Sold,1,ra4,3,annotation_in_sentence,C3PA_Dataset/Htmls/DB/110.html,C3PA_Dataset/Annotations/DB/110.csv
DB_110,DB_110_S95,"When you visit our website, we (or a partner we work with) may place cookies to help us target or re-target marketing to you when you visit other websites or web or mobile applications – for instance, to tell you about our services, events and other information about our company.",MULTI_LABEL,Categories of Personal Information Collected;Categories of Personal Information Shared / Disclosed,2,ra4;ra5,2,annotation_in_sentence,C3PA_Dataset/Htmls/DB/110.html,C3PA_Dataset/Annotations/DB/110.csv
DB_110,DB_110_S110,"If you would like to opt out of your PI being shared with third parties, please click here and fill out the form as directed.",MULTI_LABEL,Description of Right to Opt-out of sale of PI;Methods to exercise rights,2,ra3;ra5,4,annotation_in_sentence;sentence_in_annotation,C3PA_Dataset/Htmls/DB/110.html,C3PA_Dataset/Annotations/DB/110.csv
DB_110,DB_110_S135,California Residents,MULTI_LABEL,Description of Right to Know PI Collected;Description of Right to Know PI sold / shared;Description of Right to Opt-out of sale of PI,1,ra5,3,sentence_in_annotation,C3PA_Dataset/Htmls/DB/110.html,C3PA_Dataset/Annotations/DB/110.csv
DB_110,DB_110_S136,"If you are a California resident, the California Consumer Privacy Act (“CCPA”) provides you with specific rights regarding your PI, including: (i) the right to know what information we collect, disclose, and sell; (ii) the right to request deletion of your PI, subject to certain exceptions; and (iii) the right to opt out of the sale of your PI.",MULTI_LABEL,Description of Right to Delete;Description of Right to Know PI Collected;Description of Right to Know PI sold / shared;Description of Right to Opt-out of sale of PI,2,ra3;ra4,7,annotation_in_sentence,C3PA_Dataset/Htmls/DB/110.html,C3PA_Dataset/Annotations/DB/110.csv
DB_110,DB_110_S164,privacyteam@data-axle.com,MULTI_LABEL,Description of Right to Delete;Description of Right to Know PI Collected;Methods to exercise rights,2,ra4;ra5,4,sentence_in_annotation,C3PA_Dataset/Htmls/DB/110.html,C3PA_Dataset/Annotations/DB/110.csv
DB_111,DB_111_S67,"We do not sell, rent or trade, or share your business contact information with other companies for their own marketing purposes.",MULTI_LABEL,Categories of Personal Information Shared / Disclosed;Categories of Personal Information Sold,1,ra2,2,annotation_in_sentence,C3PA_Dataset/Htmls/DB/111.html,C3PA_Dataset/Annotations/DB/111.csv
DB_113,DB_113_S56,"Whenever we store your information directly, we will provide you with access to that information upon request.",MULTI_LABEL,Description of Right to Know PI Collected;Description of Right to Know PI sold / shared,2,ra4;ra5,4,annotation_in_sentence,C3PA_Dataset/Htmls/DB/113.html,C3PA_Dataset/Annotations/DB/113.csv
DB_113,DB_113_S57,"If that information is wrong, we strive to give you an easy way to update it or ask for it to be deleted.",MULTI_LABEL,Description of Right to Correct Information;Description of Right to Delete,1,ra4,2,annotation_in_sentence,C3PA_Dataset/Htmls/DB/113.html,C3PA_Dataset/Annotations/DB/113.csv
DB_113,DB_113_S139,California Consumer Privacy Rights,MULTI_LABEL,Description of Right to Know PI Collected;Description of Right to Know PI sold / shared,1,ra5,2,sentence_in_annotation,C3PA_Dataset/Htmls/DB/113.html,C3PA_Dataset/Annotations/DB/113.csv
DB_113,DB_113_S140,"YOUR PRIVACY RIGHTS – California law permits California residents to request certain information regarding collection, uses, sharing of, and deletion of personal information internally and to third parties.",MULTI_LABEL,Description of Right to Delete;Description of Right to Know PI Collected;Description of Right to Know PI sold / shared,1,ra3,3,annotation_in_sentence,C3PA_Dataset/Htmls/DB/113.html,C3PA_Dataset/Annotations/DB/113.csv
DB_113,DB_113_S141,"Under the CCPA, this is your ‘Right to Know’, ‘Right to Request Deletion’, ‘Right to Opt-Out of Sale’, and ‘Right to be Free from Discrimination’.",MULTI_LABEL,Description of Right to Delete;Description of Right to Know PI Collected;Description of Right to Non-discrimination on exercising rights;Description of Right to Opt-out of sale of PI,2,ra3;ra5,8,annotation_in_sentence,C3PA_Dataset/Htmls/DB/113.html,C3PA_Dataset/Annotations/DB/113.csv
DB_113,DB_113_S182,"To exercise the right to opt-out, you (or your authorized representative) may submit a request to us by visiting the following Internet Web page link: https://pushint.com/manage-my-data",MULTI_LABEL,Description of Right to Opt-out of sale of PI;Methods to exercise rights,3,ra3;ra4;ra5,4,annotation_in_sentence,C3PA_Dataset/Htmls/DB/113.html,C3PA_Dataset/Annotations/DB/113.csv
DB_114,DB_114_S35,"We may use this information to administer and facilitate our services, your orders, and our marketing activities.",MULTI_LABEL,Categories of Personal Information Shared / Disclosed;Categories of Personal Information Sold,1,ra1,2,annotation_in_sentence,C3PA_Dataset/Htmls/DB/114.html,C3PA_Dataset/Annotations/DB/114.csv
DB_115,DB_115_S115,"If you would like to opt out of your PI being shared with third parties, please click here and fill out the form as directed.",MULTI_LABEL,Description of Right to Opt-out of sale of PI;Methods to exercise rights,1,ra1,2,sentence_in_annotation,C3PA_Dataset/Htmls/DB/115.html,C3PA_Dataset/Annotations/DB/115.csv
DB_115,DB_115_S141,"If you are a California resident, the California Consumer Privacy Act (“CCPA”) provides you with specific rights regarding your PI, including: (i) the right to know what information we collect, disclose, and sell; (ii) the right to request deletion of your PI, subject to certain exceptions; and (iii) the right to opt out of the sale of your PI.",MULTI_LABEL,Description of Right to Delete;Description of Right to Know PI Collected;Description of Right to Know PI sold / shared;Description of Right to Opt-out of sale of PI,2,ra1;ra3,8,annotation_in_sentence,C3PA_Dataset/Htmls/DB/115.html,C3PA_Dataset/Annotations/DB/115.csv
DB_116,DB_116_S142,"Once per calendar year, you may request that we disclose to you what “Personal Information” as defined in the California Consumer Privacy Act as amended by the California Privacy Rights Act (referred to in a consolidated way as “CPRA”) we collect, use, disclose and sell, and the specific Personal Information we have collected about you in the prior 12 months.",MULTI_LABEL,Description of Right to Know PI Collected;Description of Right to Know PI sold / shared,3,ra1;ra2;ra3,6,annotation_in_sentence,C3PA_Dataset/Htmls/DB/116.html,C3PA_Dataset/Annotations/DB/116.csv
DB_116,DB_116_S143,"You have the right to request to know more details about the categories or specific pieces of Personal Information we collect (including how we use and disclose this Personal Information), to delete your Personal Information, to opt out of any “sales” (as defined in the CPRA) that may be occurring, and to not be discriminated against for exercising these rights.",MULTI_LABEL,Description of Right to Delete;Description of Right to Know PI Collected;Description of Right to Know PI sold / shared;Description of Right to Non-discrimination on exercising rights;Description of Right to Opt-out of sale of PI,3,ra1;ra2;ra3,14,annotation_in_sentence,C3PA_Dataset/Htmls/DB/116.html,C3PA_Dataset/Annotations/DB/116.csv
DB_116,DB_116_S145,Demandbase will not sell (as such term is defined in the CPRA) the Personal Information we collect under the CPRA without providing a right to opt out.,MULTI_LABEL,Categories of Personal Information Sold;Description of Right to Opt-out of sale of PI,2,ra1;ra2,2,annotation_in_sentence,C3PA_Dataset/Htmls/DB/116.html,C3PA_Dataset/Annotations/DB/116.csv
DB_117,DB_117_S13,"We use this Information to help us understand our Website activity, and to monitor and improve our Website.",MULTI_LABEL,Categories of Personal Information Shared / Disclosed;Categories of Personal Information Sold,1,ra1,2,annotation_in_sentence,C3PA_Dataset/Htmls/DB/117.html,C3PA_Dataset/Annotations/DB/117.csv
DB_117,DB_117_S31,This location Information we receive from our partners may additionally be used to perform aggregated “attribution” analysis for DOOH campaigns.,MULTI_LABEL,Categories of Personal Information Collected;Categories of Personal Information Shared / Disclosed;Categories of Personal Information Sold,1,ra1,3,annotation_in_sentence,C3PA_Dataset/Htmls/DB/117.html,C3PA_Dataset/Annotations/DB/117.csv
DB_119,DB_119_S247,"Rather, this information is needed to (1) deliver the content of our website correctly, (2) optimize the content of our website as well as its advertisement, (3) ensure the long-term viability of our information technology systems and website technology, and (4) provide law enforcement authorities with the information necessary for criminal prosecution in case of a cyber-attack.",MULTI_LABEL,Categories of Personal Information Collected;Categories of Personal Information Shared / Disclosed,1,ra4,2,annotation_in_sentence,C3PA_Dataset/Htmls/DB/119.html,C3PA_Dataset/Annotations/DB/119.csv
DB_119,DB_119_S251,Roq.ad processes received signals to generate cross-device graph.,MULTI_LABEL,Categories of Personal Information Shared / Disclosed;Categories of Personal Information Sold,1,ra3,2,annotation_in_sentence,C3PA_Dataset/Htmls/DB/119.html,C3PA_Dataset/Annotations/DB/119.csv
DB_12,DB_12_S109,"The Company typically collects consumer data including, but not limited to name, address, city, state, zip, email, phone, web browsing activity, and modeled inferences.",MULTI_LABEL,Categories of Personal Information Collected;Categories of Personal Information Shared / Disclosed,3,ra3;ra4;ra5,4,annotation_in_sentence,C3PA_Dataset/Htmls/DB/12.html,C3PA_Dataset/Annotations/DB/12.csv
DB_120,DB_120_S26,PRIVACY NOTICE,MULTI_LABEL,Categories of Personal Information Shared / Disclosed;Categories of Personal Information Sold,3,ra2;ra3;ra4,4,sentence_in_annotation,C3PA_Dataset/Htmls/DB/120.html,C3PA_Dataset/Annotations/DB/120.csv
DB_120,DB_120_S171,Access,MULTI_LABEL,Categories of Personal Information Collected;Categories of Personal Information Shared / Disclosed,2,ra2;ra4,2,sentence_in_annotation,C3PA_Dataset/Htmls/DB/120.html,C3PA_Dataset/Annotations/DB/120.csv
DB_120,DB_120_S182,Delete,MULTI_LABEL,Description of Right to Delete;Methods to exercise rights,3,ra2;ra3;ra4,12,sentence_in_annotation,C3PA_Dataset/Htmls/DB/120.html,C3PA_Dataset/Annotations/DB/120.csv
DB_120,DB_120_S338,Advertising,MULTI_LABEL,Categories of Personal Information Shared / Disclosed;Categories of Personal Information Sold,1,ra4,2,sentence_in_annotation,C3PA_Dataset/Htmls/DB/120.html,C3PA_Dataset/Annotations/DB/120.csv
DB_120,DB_120_S349,Analytics,MULTI_LABEL,Categories of Personal Information Collected;Categories of Personal Information Shared / Disclosed,2,ra2;ra4,2,sentence_in_annotation,C3PA_Dataset/Htmls/DB/120.html,C3PA_Dataset/Annotations/DB/120.csv
DB_120,DB_120_S432,Interest,MULTI_LABEL,Categories of Personal Information Shared / Disclosed;Categories of Personal Information Sold,1,ra4,2,sentence_in_annotation,C3PA_Dataset/Htmls/DB/120.html,C3PA_Dataset/Annotations/DB/120.csv
DB_121,DB_121_S27,"Inferences drawn to create a profile, such as predicted views on various issues, politics, and purchases.",MULTI_LABEL,Categories of Personal Information Shared / Disclosed;Categories of Personal Information Sold,1,ra5,2,annotation_in_sentence,C3PA_Dataset/Htmls/DB/121.html,C3PA_Dataset/Annotations/DB/121.csv
DB_121,DB_121_S39,Assisting our clients to communicate with adult consumers and registered voters in more relevant and meaningful ways about the topics and issues that matter to them.,MULTI_LABEL,Categories of Personal Information Shared / Disclosed;Categories of Personal Information Sold,1,ra4,2,annotation_in_sentence,C3PA_Dataset/Htmls/DB/121.html,C3PA_Dataset/Annotations/DB/121.csv
DB_122,DB_122_S66,Marketing: gender.,MULTI_LABEL,Categories of Personal Information Shared / Disclosed;Categories of Personal Information Sold,1,ra5,2,annotation_in_sentence,C3PA_Dataset/Htmls/DB/122.html,C3PA_Dataset/Annotations/DB/122.csv
DB_122,DB_122_S87,Marketing: call recordings.,MULTI_LABEL,Categories of Personal Information Collected;Categories of Personal Information Shared / Disclosed,2,ra4;ra5,2,sentence_in_annotation,C3PA_Dataset/Htmls/DB/122.html,C3PA_Dataset/Annotations/DB/122.csv
DB_122,DB_122_S141,"Credit:  To create global business profiles, to enable portfolio monitoring and to send alerts on portfolio accounts of our Customers, and to create a portal that gathers credit application information, as part of the credit onboarding decisioning process of our Customers.",MULTI_LABEL,Categories of Personal Information Collected;Categories of Personal Information Sold,1,ra4,2,annotation_in_sentence,C3PA_Dataset/Htmls/DB/122.html,C3PA_Dataset/Annotations/DB/122.csv
DB_123,DB_123_S278,"HOW CAN YOU REVIEW, UPDATE, OR DELETE THE DATA WE COLLECT FROM YOU?",MULTI_LABEL,Description of Right to Correct Information;Description of Right to Delete;Description of Right to Know PI Collected;Description of Right to Know PI sold / shared,1,ra5,4,sentence_in_annotation,C3PA_Dataset/Htmls/DB/123.html,C3PA_Dataset/Annotations/DB/123.csv
DB_124,DB_124_S37,"We, our third party service providers, advertisers or our partners also may use cookies to help deliver, manage and measure the performance of advertisements displayed on or delivered by or through the Media Resource Group network of sites or other networks or sites.",MULTI_LABEL,Categories of Personal Information Collected;Categories of Personal Information Shared / Disclosed,1,ra4,2,sentence_in_annotation,C3PA_Dataset/Htmls/DB/124.html,C3PA_Dataset/Annotations/DB/124.csv
DB_125,DB_125_S67,Providing advertising.,MULTI_LABEL,Categories of Personal Information Shared / Disclosed;Categories of Personal Information Sold,1,ra4,2,annotation_in_sentence,C3PA_Dataset/Htmls/DB/125.html,C3PA_Dataset/Annotations/DB/125.csv
DB_125,DB_125_S213,"If you are a California resident, you have the right to delete personal information we have about you and the right to know certain information about our data practices in the preceding 12 months.",MULTI_LABEL,Description of Right to Delete;Description of Right to Know PI Collected;Description of Right to Know PI sold / shared,2,ra2;ra3,4,annotation_in_sentence,C3PA_Dataset/Htmls/DB/125.html,C3PA_Dataset/Annotations/DB/125.csv
DB_126,DB_126_S95,"Subject to applicable law, You may have the right to request access to, modification or correction of, or deletion of Your Personal Information, and information on how it has been used or disclosed.",MULTI_LABEL,Description of Right to Correct Information;Description of Right to Delete;Description of Right to Know PI Collected;Description of Right to Know PI sold / shared,1,ra2,4,annotation_in_sentence,C3PA_Dataset/Htmls/DB/126.html,C3PA_Dataset/Annotations/DB/126.csv
DB_126,DB_126_S150,"Our Business Purposes – Our business purposes for (a) collecting and (b) sharing Personal Information, which are generally the same.",MULTI_LABEL,Categories of Personal Information Collected;Categories of Personal Information Shared / Disclosed;Categories of Personal Information Sold,1,ra1,3,annotation_in_sentence,C3PA_Dataset/Htmls/DB/126.html,C3PA_Dataset/Annotations/DB/126.csv
DB_127,DB_127_S22,"You have the right to know, correct or remove what specific personal information has been collected about you, the categories of sources from which the personal information has been collected, and the categories of third parties with whom your information is used, shared or sold.",MULTI_LABEL,Description of Right to Correct Information;Description of Right to Delete;Description of Right to Know PI Collected;Description of Right to Know PI sold / shared,2,ra2;ra4,5,annotation_in_sentence,C3PA_Dataset/Htmls/DB/127.html,C3PA_Dataset/Annotations/DB/127.csv
DB_127,DB_127_S26,You have the right to request access to your personal information.,MULTI_LABEL,Description of Right to Know PI Collected;Description of Right to Know PI sold / shared,2,ra2;ra3,3,annotation_in_sentence,C3PA_Dataset/Htmls/DB/127.html,C3PA_Dataset/Annotations/DB/127.csv
DB_129,DB_129_S624,"You have the “Right to Know” or the “Right to Access Information About Collection, Disclosure and Sale of your Personal Information” over the past 12 months.",MULTI_LABEL,Description of Right to Know PI Collected;Description of Right to Know PI sold / shared,1,ra2,2,annotation_in_sentence,C3PA_Dataset/Htmls/DB/129.html,C3PA_Dataset/Annotations/DB/129.csv
DB_13,DB_13_S60,We,MULTI_LABEL,Categories of Personal Information Collected;Categories of Personal Information Shared / Disclosed;Categories of Personal Information Sold;Description of Right to Delete;Description of Right to Know PI Collected;Description of Right to Know PI sold / shared;Methods to exercise rights;Others,5,ra1;ra2;ra3;ra4;ra5,32,sentence_in_annotation,C3PA_Dataset/Htmls/DB/13.html,C3PA_Dataset/Annotations/DB/13.csv
DB_13,DB_13_S74,Identifiers of Contacts are sold and disclosed to Users.,MULTI_LABEL,Categories of Personal Information Shared / Disclosed;Categories of Personal Information Sold,1,ra6,3,annotation_in_sentence,C3PA_Dataset/Htmls/DB/13.html,C3PA_Dataset/Annotations/DB/13.csv
DB_13,DB_13_S142,TThe business or commercial purpose for collecting or selling that California resident’s personal information.,MULTI_LABEL,Categories of Personal Information Shared / Disclosed;Categories of Personal Information Sold;Description of Right to Know PI sold / shared,1,ra6,3,annotation_in_sentence,C3PA_Dataset/Htmls/DB/13.html,C3PA_Dataset/Annotations/DB/13.csv
DB_132,DB_132_S84,"If you would prefer not to accept cookies, most browsers will allow you to: (i) change your browser settings to notify you when you receive a cookie, which lets you choose whether or not to accept it; (ii) disable existing cookies; or (iii) set your browser to automatically reject cookies.",MULTI_LABEL,Description of Right to Opt-out of sale of PI;Methods to exercise rights,1,ra5,2,annotation_in_sentence,C3PA_Dataset/Htmls/DB/132.html,C3PA_Dataset/Annotations/DB/132.csv
DB_132,DB_132_S99,"We will have access to certain information from those third parties in accordance with the authorization procedures determined by those third parties, which may include, for example, your name, username, email address, language preference, and profile picture.",MULTI_LABEL,Categories of Personal Information Shared / Disclosed;Categories of Personal Information Sold,1,ra5,2,annotation_in_sentence,C3PA_Dataset/Htmls/DB/132.html,C3PA_Dataset/Annotations/DB/132.csv
DB_132,DB_132_S103,"When you interact with our Site through various social media, such as when you click on the social media icon on the Site, follow us on a social media Site, or post a comment to one of our pages, we may receive information from the social network such as your profile information, profile picture, gender, username, user ID associated with your social media account, age range, language, country, and any other information you permit the social network to share with third parties.",MULTI_LABEL,Categories of Personal Information Collected;Categories of Personal Information Shared / Disclosed;Categories of Personal Information Sold,2,ra4;ra5,3,annotation_in_sentence;sentence_in_annotation,C3PA_Dataset/Htmls/DB/132.html,C3PA_Dataset/Annotations/DB/132.csv
DB_132,DB_132_S118,"For more information on how Google uses this data, go to www.google.com/policies/privacy/partners/. You may also download the Google Analytics opt-out browser add on, available at https://tools.google.com/dlpage/gaoptout.",MULTI_LABEL,Description of Right to Opt-out of sale of PI;Methods to exercise rights,1,ra5,2,annotation_in_sentence,C3PA_Dataset/Htmls/DB/132.html,C3PA_Dataset/Annotations/DB/132.csv
DB_132,DB_132_S132,- to carry out our obligations and enforce our rights arising from any contracts entered into between you and us;-for our own business and commercial purposes;,MULTI_LABEL,Categories of Personal Information Shared / Disclosed;Categories of Personal Information Sold,2,ra3;ra5,2,annotation_in_sentence,C3PA_Dataset/Htmls/DB/132.html,C3PA_Dataset/Annotations/DB/132.csv
DB_132,DB_132_S135,- in any other way we may describe when you provide the information.,MULTI_LABEL,Categories of Personal Information Shared / Disclosed;Categories of Personal Information Sold,1,ra3,2,sentence_in_annotation,C3PA_Dataset/Htmls/DB/132.html,C3PA_Dataset/Annotations/DB/132.csv
DB_132,DB_132_S157,We may also share Personal Information with our Enterprise Customers as part of the Services we provide to them.,MULTI_LABEL,Categories of Personal Information Shared / Disclosed;Categories of Personal Information Sold,1,ra4,2,annotation_in_sentence,C3PA_Dataset/Htmls/DB/132.html,C3PA_Dataset/Annotations/DB/132.csv
DB_132,DB_132_S181,"For information on how Google Analytics collects and processes data, as well as how you can control information sent to Google, review Google’s site “How Google uses data when you use our partners’ sites or apps” located at  www.google.com/policies/privacy/partners/.  You can learn about Google Analytics’ currently available opt-outs, including the Google Analytics Browser Ad-On here https://tools.google.com/dlpage/gaoptout/.",MULTI_LABEL,Description of Right to Opt-out of sale of PI;Methods to exercise rights,1,ra5,2,annotation_in_sentence,C3PA_Dataset/Htmls/DB/132.html,C3PA_Dataset/Annotations/DB/132.csv
DB_132,DB_132_S269,"We do not sell sensitive information, and we do not process or otherwise share sensitive information for the purpose of targeted advertising.",MULTI_LABEL,Categories of Personal Information Shared / Disclosed;Categories of Personal Information Sold,1,ra5,2,annotation_in_sentence,C3PA_Dataset/Htmls/DB/132.html,C3PA_Dataset/Annotations/DB/132.csv
DB_132,DB_132_S346,"A. Identifiers (examples: real name, postal address, internet protocol address, email address, driver’s license number)",MULTI_LABEL,Categories of Personal Information Shared / Disclosed;Categories of Personal Information Sold,1,ra5,2,annotation_in_sentence,C3PA_Dataset/Htmls/DB/132.html,C3PA_Dataset/Annotations/DB/132.csv
DB_132,DB_132_S361,"D. Commercial information (Products or services purchased, obtained, or considered, or other purchasing or consuming histories or tendencies)",MULTI_LABEL,Categories of Personal Information Shared / Disclosed;Categories of Personal Information Sold,1,ra5,2,annotation_in_sentence,C3PA_Dataset/Htmls/DB/132.html,C3PA_Dataset/Annotations/DB/132.csv
DB_132,DB_132_S379,"- to improve the content of our Sites or Services, to enhance users’ experiences when visiting our Sites or using our Services, and to customize the content and layout of Sites for each individual user",MULTI_LABEL,Categories of Personal Information Shared / Disclosed;Categories of Personal Information Sold,1,ra5,2,annotation_in_sentence,C3PA_Dataset/Htmls/DB/132.html,C3PA_Dataset/Annotations/DB/132.csv
DB_132,DB_132_S383,"- To evaluate or conduct a merger, divestiture, restructuring, reorganization, dissolution, or other sale or transfer of some or all of our assets, whether as a going concern or as part of bankruptcy, liquidation, or similar proceeding, or any other transaction in which Personal Information held by us is among the assets transferred or constitutes relevant information for evaluation of the transaction",MULTI_LABEL,Categories of Personal Information Shared / Disclosed;Categories of Personal Information Sold,1,ra5,2,annotation_in_sentence,C3PA_Dataset/Htmls/DB/132.html,C3PA_Dataset/Annotations/DB/132.csv
DB_134,DB_134_S38,"We will use the information we automatically collect through cookies on our Site for legitimate business purposes, including to: analyze, improve, and customize the Services and the Site and to market theServices.",MULTI_LABEL,Categories of Personal Information Collected;Categories of Personal Information Shared / Disclosed;Categories of Personal Information Sold,3,ra2;ra3;ra4,5,annotation_in_sentence,C3PA_Dataset/Htmls/DB/134.html,C3PA_Dataset/Annotations/DB/134.csv
DB_135,DB_135_S35,"Consumers may delete their record, opt-out or unsubscribe from having their data rented or sold, by visiting our Do Not Sell My Information page or at any time by following the instructions contained at the end of every newsletter or emailing.",MULTI_LABEL,Description of Right to Delete;Description of Right to Opt-out of sale of PI;Methods to exercise rights,3,ra1;ra2;ra5,5,annotation_in_sentence,C3PA_Dataset/Htmls/DB/135.html,C3PA_Dataset/Annotations/DB/135.csv
DB_135,DB_135_S40,"We use cookies to help us remember and process the items in your shopping cart, understand and save your preferences for future visits and compile aggregate data about site traffic and site interaction so that we can offer better site experiences and tools in the future.",MULTI_LABEL,Description of Right to Know PI Collected;Others,2,ra2;ra5,2,annotation_in_sentence,C3PA_Dataset/Htmls/DB/135.html,C3PA_Dataset/Annotations/DB/135.csv
DB_135,DB_135_S42,"We do not sell, trade, or otherwise transfer to outside parties your  personally identifiable information.",MULTI_LABEL,Categories of Personal Information Shared / Disclosed;Categories of Personal Information Sold,1,ra1,2,annotation_in_sentence,C3PA_Dataset/Htmls/DB/135.html,C3PA_Dataset/Annotations/DB/135.csv
DB_136,DB_136_S16,"In addition, the CCPA provides you the right to access and delete Personal Data for California residents.",MULTI_LABEL,Description of Right to Delete;Description of Right to Know PI Collected,3,ra1;ra2;ra5,4,annotation_in_sentence,C3PA_Dataset/Htmls/DB/136.html,C3PA_Dataset/Annotations/DB/136.csv
DB_136,DB_136_S37,Credit card information that is collected on our sign-up page is done via a SSL certificate and the information is not sold or shared.,MULTI_LABEL,Categories of Personal Information Collected;Categories of Personal Information Shared / Disclosed;Description of Right to Know PI Collected;Description of Right to Know PI sold / shared,2,ra1;ra5,4,annotation_in_sentence,C3PA_Dataset/Htmls/DB/136.html,C3PA_Dataset/Annotations/DB/136.csv
DB_137,DB_137_S8,Data Collection Practices,MULTI_LABEL,Categories of Personal Information Collected;Categories of Personal Information Shared / Disclosed;Others,3,ra1;ra2;ra6,4,sentence_in_annotation,C3PA_Dataset/Htmls/DB/137.html,C3PA_Dataset/Annotations/DB/137.csv
DB_138,DB_138_S98,"Registered persons are free to change the personal data specified during the registration at any time, or to have them completely deleted from the data stock of the controller.",MULTI_LABEL,Description of Right to Correct Information;Description of Right to Delete,1,ra1,2,annotation_in_sentence,C3PA_Dataset/Htmls/DB/138.html,C3PA_Dataset/Annotations/DB/138.csv
DB_138,DB_138_S108,"Subject to certain limitations on certain rights, you have the following rights in relation to your information, which you can exercise by contacting Digdev by sending an email to info@Digdev.com: (a) to request access to your information and information related to our use and processing of your information, including: (i) the purposes of the processing; (ii) the categories of personal data concerned; (iii) the recipients or categories of recipients to whom the personal data have been or will be disclosed, in particular recipients in third countries or international organizations; (iv) where possible, the envisaged period for which the personal data will be stored, or, if not possible, the criteria used to determine that period; (v) the existence of the right to request from the controller rectification or erasure of personal data, or restriction of processing of personal data concerning the data subject, or to object to such processing; (vi) the existence of the right to lodge a complaint with a supervisory authority; (vii) where the personal data are not collected from the data subject, any available information as to their source; (viii) the existence of automated decision-making, including profiling, referred to in Article 22(1) and (4) of the GDPR and, at least in those cases, meaningful information about the logic involved, as well as the significance and envisaged consequences of such processing for the data subject; (ix) to obtain information as to whether personal data are transferred outside the US and EU, to a third country or to an international organization.",MULTI_LABEL,Description of Right to Correct Information;Description of Right to Delete;Description of Right to Know PI sold / shared;Description of Right to Opt-out of sale of PI;Methods to exercise rights,3,ra1;ra2;ra6,8,annotation_in_sentence,C3PA_Dataset/Htmls/DB/138.html,C3PA_Dataset/Annotations/DB/138.csv
DB_138,DB_138_S111,c) to request the correction or deletion of your information.,MULTI_LABEL,Description of Right to Correct Information;Description of Right to Delete,2,ra1;ra2,4,annotation_in_sentence;sentence_in_annotation,C3PA_Dataset/Htmls/DB/138.html,C3PA_Dataset/Annotations/DB/138.csv
DB_14,DB_14_S77,ON,MULTI_LABEL,Categories of Personal Information Sold;Description of Right to Delete;Description of Right to Know PI sold / shared;Description of Right to Opt-out of sale of PI,2,ra3;ra4,7,sentence_in_annotation,C3PA_Dataset/Htmls/DB/14.html,C3PA_Dataset/Annotations/DB/14.csv
DB_141,DB_141_S5,"Last revised: January 30, 2023",MULTI_LABEL,Others;Updated Privacy Policy,2,ra1;ra5,3,annotation_in_sentence,C3PA_Dataset/Htmls/DB/141.html,C3PA_Dataset/Annotations/DB/141.csv
DB_141,DB_141_S14,"We use personally identifiable information to deliver our products and services to you (including matching you with Providers); to display customized content and advertising; to conduct research and analysis; to ensure that the Website is functioning properly; to aid us in developing new services; to alert you to product updates, special offers, updated information and other new services; to contact you in response to your requests for information; to send newsletters and other information to you; to provide you quotes from Providers who may contact you using the information you provide; and to obtain additional information needed from you.",MULTI_LABEL,Categories of Personal Information Collected;Categories of Personal Information Shared / Disclosed,2,ra1;ra5,3,annotation_in_sentence,C3PA_Dataset/Htmls/DB/141.html,C3PA_Dataset/Annotations/DB/141.csv
DB_141,DB_141_S15,We may also gather certain information automatically when you visit the Website.,MULTI_LABEL,Categories of Personal Information Collected;Categories of Personal Information Sold,1,ra5,2,sentence_in_annotation,C3PA_Dataset/Htmls/DB/141.html,C3PA_Dataset/Annotations/DB/141.csv
DB_141,DB_141_S19,"All Web Leads, Inc. and our marketing partners, affiliates, and analytics and service providers use technologies such as cookies, beacons, tags and scripts to collect this data.",MULTI_LABEL,Categories of Personal Information Collected;Categories of Personal Information Shared / Disclosed,1,ra5,2,annotation_in_sentence,C3PA_Dataset/Htmls/DB/141.html,C3PA_Dataset/Annotations/DB/141.csv
DB_141,DB_141_S23,"Further, we may aggregate information we receive from you and from our other users, and we may use or disclose such aggregate information to third parties.",MULTI_LABEL,Categories of Personal Information Collected;Categories of Personal Information Shared / Disclosed,1,ra1,2,annotation_in_sentence,C3PA_Dataset/Htmls/DB/141.html,C3PA_Dataset/Annotations/DB/141.csv
DB_141,DB_141_S52,You may revoke your consent at any time by clicking here.,MULTI_LABEL,Description of Right to Opt-out of sale of PI;Methods to exercise rights,2,ra1;ra5,3,annotation_in_sentence,C3PA_Dataset/Htmls/DB/141.html,C3PA_Dataset/Annotations/DB/141.csv
DB_142,DB_142_S14,"Our Business Purposes–  our business purposes for (a) collecting and (b) sharing Personal Information, which are generally the same.",MULTI_LABEL,Categories of Personal Information Collected;Categories of Personal Information Shared / Disclosed;Categories of Personal Information Sold,2,ra1;ra6,3,annotation_in_sentence,C3PA_Dataset/Htmls/DB/142.html,C3PA_Dataset/Annotations/DB/142.csv
DB_142,DB_142_S15,"Your Privacy Rights and Choices– what statutory privacy rights you may have, such as under the CCPA in California, for instance, to request that we “opt out” your information from our marketing database (also called “do not sell” rights), or to request categories and personal information that we may have collected about you.",MULTI_LABEL,Description of Right to Know PI Collected;Description of Right to Limit use of PI;Description of Right to Opt-out of sale of PI,2,ra1;ra6,3,annotation_in_sentence,C3PA_Dataset/Htmls/DB/142.html,C3PA_Dataset/Annotations/DB/142.csv
DB_142,DB_142_S77,"Without being discriminated against for exercising these rights, Residents of California and Other Applicable States have the right to request that we disclose what personal information we collect from you, to delete that information, and to opt-out of the sale of your personal information, subject to certain restrictions.",MULTI_LABEL,Description of Right to Delete;Description of Right to Know PI Collected;Description of Right to Non-discrimination on exercising rights;Description of Right to Opt-out of sale of PI,2,ra1;ra6,7,annotation_in_sentence,C3PA_Dataset/Htmls/DB/142.html,C3PA_Dataset/Annotations/DB/142.csv
DB_142,DB_142_S94,"Residents of California and Other Applicable States also have the right to request that we disclose what categories of your personal information we collect, use, or sell.",MULTI_LABEL,Description of Right to Know PI Collected;Description of Right to Know PI sold / shared,1,ra1,2,annotation_in_sentence,C3PA_Dataset/Htmls/DB/142.html,C3PA_Dataset/Annotations/DB/142.csv
DB_142,DB_142_S98,"Residents of California and Other Applicable States likewise may have a right to request and in some cases to receive access to the specific pieces of personal information that has been collected about them, upon making a verifiable request.",MULTI_LABEL,Description of Right to Know PI Collected;Description of Right to Limit use of PI,2,ra1;ra2,2,annotation_in_sentence,C3PA_Dataset/Htmls/DB/142.html,C3PA_Dataset/Annotations/DB/142.csv
DB_143,DB_143_S79,"If you register as a user of any of our Services, we may ask you to provide your name, email address, contact telephone number (landline and/or mobile), the company you work for, job title, professional address, a username and password, and other data relevant to the Services we provide.",MULTI_LABEL,Categories of Personal Information Collected;Categories of Personal Information Shared / Disclosed,1,ra5,2,annotation_in_sentence,C3PA_Dataset/Htmls/DB/143.html,C3PA_Dataset/Annotations/DB/143.csv
DB_143,DB_143_S98,"The personal data we hold about you refers to your professional life (name, email address, billing address, office address, phone numbers, title, employer, etc.).",MULTI_LABEL,Categories of Personal Information Collected;Categories of Personal Information Shared / Disclosed,1,ra5,2,annotation_in_sentence,C3PA_Dataset/Htmls/DB/143.html,C3PA_Dataset/Annotations/DB/143.csv
DB_144,DB_144_S79,ACCESSING / UPDATING / DELETING YOUR PII,MULTI_LABEL,Description of Right to Correct Information;Description of Right to Delete;Description of Right to Know PI Collected,1,ra1,3,annotation_in_sentence,C3PA_Dataset/Htmls/DB/144.html,C3PA_Dataset/Annotations/DB/144.csv
DB_144,DB_144_S120,You may ask us to delete that information by following the instructions below.,MULTI_LABEL,Description of Right to Delete;Methods to exercise rights,2,ra1;ra6,3,annotation_in_sentence,C3PA_Dataset/Htmls/DB/144.html,C3PA_Dataset/Annotations/DB/144.csv
DB_144,DB_144_S152,"Although Dstillery doesn’t collect PII via our technology, if you’d like the company to update, correct, delete, or deactivate any PII that you have provided on the website, please send your request by clicking here, or clicking the link entitled “data subject access request” at the bottom of this page.",MULTI_LABEL,Description of Right to Correct Information;Description of Right to Delete;Methods to exercise rights,2,ra1;ra6,4,annotation_in_sentence,C3PA_Dataset/Htmls/DB/144.html,C3PA_Dataset/Annotations/DB/144.csv
DB_144,DB_144_S166,"As a California data subject, if you make a subject access request as set out in this policy, you are entitled to see and delete the personal information that we have about you.",MULTI_LABEL,Description of Right to Delete;Description of Right to Know PI Collected,1,ra1,2,annotation_in_sentence,C3PA_Dataset/Htmls/DB/144.html,C3PA_Dataset/Annotations/DB/144.csv
DB_144,DB_144_S173,"Under the CCPA, your request to see the personal information that we have about you may include: (1) specific pieces of personal information that we may have about you; (2) categories of personal information we have collected about you; (3) categories of sources from which the personal information is collected; (4) categories of personal information that we sold or disclosed for a business purpose about you; (5) categories of third parties to whom the personal information was sold or disclosed for a business purpose under the CCPA; and (6) the business or commercial purpose for collecting or selling personal information.",MULTI_LABEL,Categories of Personal Information Shared / Disclosed;Categories of Personal Information Sold;Description of Right to Know PI Collected;Description of Right to Know PI sold / shared,2,ra1;ra6,5,annotation_in_sentence,C3PA_Dataset/Htmls/DB/144.html,C3PA_Dataset/Annotations/DB/144.csv
DB_147,DB_147_S79,"Access the Personal Data we hold about you, including information such as the source and categories of data, the processing purposes, the recipients (or categories thereof), and the respective retention period.",MULTI_LABEL,Description of Right to Know PI Collected;Description of Right to Know PI sold / shared,2,ra1;ra2,3,annotation_in_sentence,C3PA_Dataset/Htmls/DB/147.html,C3PA_Dataset/Annotations/DB/147.csv
DB_148,DB_148_S187,CCPA sale/share of personal information,MULTI_LABEL,Categories of Personal Information Shared / Disclosed;Categories of Personal Information Sold,1,ra1,2,annotation_in_sentence,C3PA_Dataset/Htmls/DB/148.html,C3PA_Dataset/Annotations/DB/148.csv
DB_148,DB_148_S188,"For the purposes of the CCPA, MediaMath may disclose all of the categories of personal information collected on the Platform to the categories of third parties as described in Section 7 below, for purposes that may be considered a “sale” and/or “share” under the CCPA as amended by CPRA.",MULTI_LABEL,Categories of Personal Information Shared / Disclosed;Categories of Personal Information Sold,2,ra1;ra6,5,annotation_in_sentence,C3PA_Dataset/Htmls/DB/148.html,C3PA_Dataset/Annotations/DB/148.csv
DB_148,DB_148_S385,"Depending on where you are located, which MediaMath entity is the data controller of your data, and where you reside, these may include the right to access your personal data, correct certain personal data, erase your personal data, object to certain processing of your personal data, withdraw your consent to any processing of your personal data carried out on the basis of consent, restrict certain processing of your personal data, receive personal data in portable format, and not be subject to decisions based solely on automated processing that have legal or similarly significant effects.",MULTI_LABEL,Description of Right to Correct Information;Description of Right to Delete;Description of Right to Know PI Collected;Description of Right to Limit use of PI,1,ra1,4,annotation_in_sentence,C3PA_Dataset/Htmls/DB/148.html,C3PA_Dataset/Annotations/DB/148.csv
DB_148,DB_148_S386,"To the extent required and permitted by applicable law, we will provide you with the right to and we will honor (1) Access: access to the personal data we hold about you and also allow you to, (2) Correct: correct inaccurate information in certain situations (e.g., if you submit your email address on the Website), (3) Withdrawal: the withdrawal of your consent to any processing of your personal data carried out on the basis of consent, (4) Deletion: delete your personal data, (5) Object: your objection to processing, (6) Restrict: restrict certain processing of your personal data, or (7) Portability: port your personal data and (8) Automated Processing: ensure that you are not subject to decisions based solely on automated processing that have legal or similarly significant effects.",MULTI_LABEL,Description of Right to Correct Information;Description of Right to Delete;Description of Right to Know PI Collected;Description of Right to Limit use of PI;Others,1,ra1,7,annotation_in_sentence,C3PA_Dataset/Htmls/DB/148.html,C3PA_Dataset/Annotations/DB/148.csv
DB_149,DB_149_S27,You can learn more about Google’s practices at https://policies.google.com/technologies/partner-Websites and view its opt-out options at https://tools.google.com/dlpage/gaoptout.,MULTI_LABEL,Description of Right to Opt-out of sale of PI;Methods to exercise rights,1,ra5,2,annotation_in_sentence,C3PA_Dataset/Htmls/DB/149.html,C3PA_Dataset/Annotations/DB/149.csv
DB_149,DB_149_S59,"We share a unique identifier, like a user ID or hashed e-mail address, with LinkedIn to facilitate the service.",MULTI_LABEL,Categories of Personal Information Collected;Categories of Personal Information Shared / Disclosed,1,ra5,2,annotation_in_sentence,C3PA_Dataset/Htmls/DB/149.html,C3PA_Dataset/Annotations/DB/149.csv
DB_149,DB_149_S61,"For information on how LinkedIn Ads collects and processes data, as well as how you can control information sent to LinkedIn, review LinkedIn’s “Manage Advertising Preferences” page located here (https://www.linkedin.com/help/linkedin/answer/62931/manage-advertising-preferences?lang=en).",MULTI_LABEL,Description of Right to Opt-out of sale of PI;Methods to exercise rights,1,ra5,2,annotation_in_sentence,C3PA_Dataset/Htmls/DB/149.html,C3PA_Dataset/Annotations/DB/149.csv
DB_149,DB_149_S125,"Identifiers, such as your name, address, phone number, email address, date of birth or other similar identifiers.",MULTI_LABEL,Categories of Personal Information Shared / Disclosed;Categories of Personal Information Sold,1,ra5,2,annotation_in_sentence;sentence_in_annotation,C3PA_Dataset/Htmls/DB/149.html,C3PA_Dataset/Annotations/DB/149.csv
DB_149,DB_149_S140,Commercial Information,MULTI_LABEL,Categories of Personal Information Shared / Disclosed;Categories of Personal Information Sold,1,ra5,2,annotation_in_sentence,C3PA_Dataset/Htmls/DB/149.html,C3PA_Dataset/Annotations/DB/149.csv
DB_149,DB_149_S142,Biometric Information,MULTI_LABEL,Categories of Personal Information Shared / Disclosed;Categories of Personal Information Sold,1,ra5,2,annotation_in_sentence,C3PA_Dataset/Htmls/DB/149.html,C3PA_Dataset/Annotations/DB/149.csv
DB_149,DB_149_S143,Internet/Network Information,MULTI_LABEL,Categories of Personal Information Shared / Disclosed;Categories of Personal Information Sold,1,ra5,2,annotation_in_sentence,C3PA_Dataset/Htmls/DB/149.html,C3PA_Dataset/Annotations/DB/149.csv
DB_149,DB_149_S145,Geolocation Data,MULTI_LABEL,Categories of Personal Information Shared / Disclosed;Categories of Personal Information Sold,1,ra5,2,annotation_in_sentence,C3PA_Dataset/Htmls/DB/149.html,C3PA_Dataset/Annotations/DB/149.csv
DB_149,DB_149_S147,Sensory Information,MULTI_LABEL,Categories of Personal Information Shared / Disclosed;Categories of Personal Information Sold,1,ra5,2,annotation_in_sentence,C3PA_Dataset/Htmls/DB/149.html,C3PA_Dataset/Annotations/DB/149.csv
DB_149,DB_149_S151,"Non-Public Education Information (20 U.S.C. § 1232g, 34 C.F.R. Part 99)",MULTI_LABEL,Categories of Personal Information Shared / Disclosed;Categories of Personal Information Sold,1,ra5,2,annotation_in_sentence,C3PA_Dataset/Htmls/DB/149.html,C3PA_Dataset/Annotations/DB/149.csv
DB_149,DB_149_S155,Inferences,MULTI_LABEL,Categories of Personal Information Shared / Disclosed;Categories of Personal Information Sold,1,ra5,2,annotation_in_sentence,C3PA_Dataset/Htmls/DB/149.html,C3PA_Dataset/Annotations/DB/149.csv
DB_15,DB_15_S54,"When engaging in market research surveys, we may also collect race and ethnicity.",MULTI_LABEL,Categories of Personal Information Collected;Description of Right to Know PI Collected,1,ra5,2,annotation_in_sentence,C3PA_Dataset/Htmls/DB/15.html,C3PA_Dataset/Annotations/DB/15.csv
DB_15,DB_15_S156,Learn how to opt out of targeted advertising including by opting out of the sharing or selling your personal information by visiting Your Privacy Choices .,MULTI_LABEL,Description of Right to Opt-out of sale of PI;Methods to exercise rights,2,ra4;ra5,4,annotation_in_sentence,C3PA_Dataset/Htmls/DB/15.html,C3PA_Dataset/Annotations/DB/15.csv
DB_15,DB_15_S182,"California residents have rights to access, correct, and delete their personal information as well as other rights described below.",MULTI_LABEL,Description of Right to Correct Information;Description of Right to Delete;Description of Right to Know PI Collected;Description of Right to Know PI sold / shared,1,ra3,4,annotation_in_sentence,C3PA_Dataset/Htmls/DB/15.html,C3PA_Dataset/Annotations/DB/15.csv
DB_150,DB_150_S17,"To gather additional leads, we also use third party provided web analytics tools that identify online and digital identifiers, such as  the Internet Protocol address, device identifier, a unique Resonate identifier, cookie identifier, and domain of a visitor to the Website and the pages viewed during the visit.",MULTI_LABEL,Categories of Personal Information Collected;Categories of Personal Information Shared / Disclosed;Categories of Personal Information Sold,1,ra5,3,annotation_in_sentence,C3PA_Dataset/Htmls/DB/150.html,C3PA_Dataset/Annotations/DB/150.csv
DB_150,DB_150_S47,We may also work with partners to collect data from browsers or devices to help predict possible relationships among different browsers and devices to help us provide more relevant advertising across such devices and browsers.,MULTI_LABEL,Categories of Personal Information Collected;Categories of Personal Information Shared / Disclosed;Categories of Personal Information Sold,1,ra5,3,annotation_in_sentence,C3PA_Dataset/Htmls/DB/150.html,C3PA_Dataset/Annotations/DB/150.csv
DB_150,DB_150_S49,"This information we collect and receive includes online and digital identifiers such as cookies and a unique Resonate ID, commercial or transactional records or interests in certain products or services, Internet activity such as websites and mobile apps visited and used and the ads you interact with, and other information about linked to the information listed above such as interests we infer from that information.",MULTI_LABEL,Categories of Personal Information Collected;Categories of Personal Information Shared / Disclosed;Categories of Personal Information Sold,1,ra5,3,annotation_in_sentence,C3PA_Dataset/Htmls/DB/150.html,C3PA_Dataset/Annotations/DB/150.csv
DB_150,DB_150_S66,"We, and/or our data partners, also use the information associated with the cookie or collected through the survey to improve our services and to calculate and measure the effectiveness, reach and/or frequency of our advertising campaigns.",MULTI_LABEL,Categories of Personal Information Collected;Categories of Personal Information Shared / Disclosed,1,ra5,2,annotation_in_sentence;sentence_in_annotation,C3PA_Dataset/Htmls/DB/150.html,C3PA_Dataset/Annotations/DB/150.csv
DB_150,DB_150_S74,CHOICE,MULTI_LABEL,Description of Right to Opt-out of sale of PI;Methods to exercise rights,1,ra5,2,sentence_in_annotation,C3PA_Dataset/Htmls/DB/150.html,C3PA_Dataset/Annotations/DB/150.csv
DB_150,DB_150_S93,"The right to know the categories and specific pieces of personal information we collect, use, disclose, and sell about you, the categories of sources from which we collected your personal information, our purposes for collecting or selling your personal information, the categories of your personal information that we have either sold or disclosed for a business purpose, and the categories of third parties with which we have shared personal information;",MULTI_LABEL,Description of Right to Know PI Collected;Description of Right to Know PI sold / shared,1,ra1,2,annotation_in_sentence,C3PA_Dataset/Htmls/DB/150.html,C3PA_Dataset/Annotations/DB/150.csv
DB_150,DB_150_S164,"If you have questions or concerns about our Privacy Policy, please contact us by sending an email to: info@resonate.com or by mail to:",MULTI_LABEL,Categories of Personal Information Collected;Categories of Personal Information Shared / Disclosed,1,ra2,2,annotation_in_sentence,C3PA_Dataset/Htmls/DB/150.html,C3PA_Dataset/Annotations/DB/150.csv
DB_151,DB_151_S182,"If you are a California resident, you have the right to request deletion or correction of business-related information or HR information we have about you.",MULTI_LABEL,Description of Right to Correct Information;Description of Right to Delete,1,ra1,2,annotation_in_sentence,C3PA_Dataset/Htmls/DB/151.html,C3PA_Dataset/Annotations/DB/151.csv
DB_152,DB_152_S177,"We may also disclose your PII and Non-PII to our parent companies, affiliates, subcontractors, vendors, and other businesses who provide data processing services to us, or who otherwise process PII for purposes that are either described in this Privacy Policy or notified to you when we collect your PII.",MULTI_LABEL,Categories of Personal Information Shared / Disclosed;Categories of Personal Information Sold,1,ra5,2,sentence_in_annotation,C3PA_Dataset/Htmls/DB/152.html,C3PA_Dataset/Annotations/DB/152.csv
DB_152,DB_152_S188,You have several choices when it comes to opting out of the collection of information about your web browsing activities through cookies.,MULTI_LABEL,Description of Right to Limit use of PI;Description of Right to Opt-out of sale of PI,1,ra1,2,annotation_in_sentence,C3PA_Dataset/Htmls/DB/152.html,C3PA_Dataset/Annotations/DB/152.csv
DB_152,DB_152_S213,LiveRamp,MULTI_LABEL,Categories of Personal Information Collected;Categories of Personal Information Shared / Disclosed,1,ra5,2,sentence_in_annotation,C3PA_Dataset/Htmls/DB/152.html,C3PA_Dataset/Annotations/DB/152.csv
DB_152,DB_152_S215,You may opt out of this use here.,MULTI_LABEL,Description of Right to Opt-out of sale of PI;Methods to exercise rights,2,ra1;ra5,3,annotation_in_sentence,C3PA_Dataset/Htmls/DB/152.html,C3PA_Dataset/Annotations/DB/152.csv
DB_152,DB_152_S217,"If you are a healthcare professional (“HCP”), you may request that your NPI number and other personal information be removed from PulsePoint’s NPI database at any time by submitting a request here.",MULTI_LABEL,Description of Right to Delete;Methods to exercise rights,1,ra1,2,annotation_in_sentence,C3PA_Dataset/Htmls/DB/152.html,C3PA_Dataset/Annotations/DB/152.csv
DB_152,DB_152_S362,You may Opt Out at DO NOT SELL MY INFORMATION And see other disclosures in this Privacy.,MULTI_LABEL,Description of Right to Opt-out of sale of PI;Methods to exercise rights,1,ra5,2,annotation_in_sentence,C3PA_Dataset/Htmls/DB/152.html,C3PA_Dataset/Annotations/DB/152.csv
DB_152,DB_152_S367,"Depending upon the source, the PII may include information such as email address, gender, or certain specific demographic and other information.",MULTI_LABEL,Categories of Personal Information Shared / Disclosed;Categories of Personal Information Sold,1,ra5,2,annotation_in_sentence,C3PA_Dataset/Htmls/DB/152.html,C3PA_Dataset/Annotations/DB/152.csv
DB_152,DB_152_S577,"You may opt-out of receiving marketing material or personalized advertising from PulsePoint, and/or may request that your NPI number and other personal information be removed from PulsePoint’s NPI database at any time by contacting us via e-mail at privacy@pulsepoint.com",MULTI_LABEL,Description of Right to Opt-out of sale of PI;Methods to exercise rights,1,ra5,2,annotation_in_sentence,C3PA_Dataset/Htmls/DB/152.html,C3PA_Dataset/Annotations/DB/152.csv
DB_154,DB_154_S239,"For testing, research, analysis, and product development, including to develop and improve our website and services.",MULTI_LABEL,Categories of Personal Information Collected;Categories of Personal Information Shared / Disclosed,1,ra5,2,annotation_in_sentence,C3PA_Dataset/Htmls/DB/154.html,C3PA_Dataset/Annotations/DB/154.csv
DB_154,DB_154_S240,"To respond to law enforcement requests and as required by applicable law, court order, or governmental regulations.",MULTI_LABEL,Categories of Personal Information Collected;Categories of Personal Information Shared / Disclosed,1,ra5,2,annotation_in_sentence,C3PA_Dataset/Htmls/DB/154.html,C3PA_Dataset/Annotations/DB/154.csv
DB_154,DB_154_S438,This website uses cookies to enhance user experience and to analyze performance and traffic on our website.,MULTI_LABEL,Categories of Personal Information Collected;Categories of Personal Information Shared / Disclosed;Others,1,ra2,3,annotation_in_sentence,C3PA_Dataset/Htmls/DB/154.html,C3PA_Dataset/Annotations/DB/154.csv
DB_155,DB_155_S148,Inform you of the personal information we collect (and provide you with a copy of your personal information) and how we use it.,MULTI_LABEL,Description of Right to Know PI Collected;Description of Right to Know PI sold / shared,1,ra1,2,annotation_in_sentence,C3PA_Dataset/Htmls/DB/155.html,C3PA_Dataset/Annotations/DB/155.csv
DB_155,DB_155_S238,"Under the CCPA you have the right to request that we (a) disclose to you what personal information we collect, use, disclose, and sell, (b) delete personal information we collected or maintain about you, and (c) do not sell your personal information (CCPA “opt-out”).",MULTI_LABEL,Description of Right to Delete;Description of Right to Know PI Collected;Description of Right to Know PI sold / shared,1,ra1,3,annotation_in_sentence,C3PA_Dataset/Htmls/DB/155.html,C3PA_Dataset/Annotations/DB/155.csv
DB_156,DB_156_S108,To stop such disclosures and “sales” please use the opt-out form accessible here.,MULTI_LABEL,Description of Right to Opt-out of sale of PI;Methods to exercise rights,3,ra1;ra2;ra5,5,annotation_in_sentence,C3PA_Dataset/Htmls/DB/156.html,C3PA_Dataset/Annotations/DB/156.csv
DB_156,DB_156_S333,"To make such a request to opt-out of ‘sales’ of your business information, please use the form accessible here, and – for other requests – please send us an e-mail to privacy@growbots.com.",MULTI_LABEL,Description of Right to Opt-out of sale of PI;Methods to exercise rights,2,ra1;ra5,3,annotation_in_sentence,C3PA_Dataset/Htmls/DB/156.html,C3PA_Dataset/Annotations/DB/156.csv
DB_157,DB_157_S61,"study and analyze the functionality of the Business Services, Clients’ and individuals' interactions with the Property and activities,",MULTI_LABEL,Categories of Personal Information Shared / Disclosed;Categories of Personal Information Sold,1,ra5,2,annotation_in_sentence,C3PA_Dataset/Htmls/DB/157.html,C3PA_Dataset/Annotations/DB/157.csv
DB_157,DB_157_S78,"To tailor content, advertisements, and offers;",MULTI_LABEL,Categories of Personal Information Shared / Disclosed;Categories of Personal Information Sold,1,ra5,2,annotation_in_sentence,C3PA_Dataset/Htmls/DB/157.html,C3PA_Dataset/Annotations/DB/157.csv
DB_157,DB_157_S80,To provide the Business Services to you and our sponsors;,MULTI_LABEL,Categories of Personal Information Shared / Disclosed;Categories of Personal Information Sold,1,ra5,2,annotation_in_sentence,C3PA_Dataset/Htmls/DB/157.html,C3PA_Dataset/Annotations/DB/157.csv
DB_157,DB_157_S133,Cookies.,MULTI_LABEL,Categories of Personal Information Collected;Categories of Personal Information Shared / Disclosed,1,ra5,2,sentence_in_annotation,C3PA_Dataset/Htmls/DB/157.html,C3PA_Dataset/Annotations/DB/157.csv
DB_157,DB_157_S235,Identifiers.,MULTI_LABEL,Categories of Personal Information Collected;Categories of Personal Information Sold,1,ra5,2,sentence_in_annotation,C3PA_Dataset/Htmls/DB/157.html,C3PA_Dataset/Annotations/DB/157.csv
DB_157,DB_157_S239,"Personal information categories described in the California Customer Records statute such as a name, address, or telephone number.",MULTI_LABEL,Categories of Personal Information Collected;Categories of Personal Information Shared / Disclosed,1,ra5,2,annotation_in_sentence,C3PA_Dataset/Htmls/DB/157.html,C3PA_Dataset/Annotations/DB/157.csv
DB_158,DB_158_S48,"In order to provide certain aspects of its services, Cognism requires a business email address to be recorded against profiles in its database.",MULTI_LABEL,Categories of Personal Information Shared / Disclosed;Categories of Personal Information Sold,1,ra5,2,annotation_in_sentence,C3PA_Dataset/Htmls/DB/158.html,C3PA_Dataset/Annotations/DB/158.csv
DB_158,DB_158_S50,We also hold hashed personal email addresses.,MULTI_LABEL,Categories of Personal Information Shared / Disclosed;Categories of Personal Information Sold,1,ra5,2,annotation_in_sentence,C3PA_Dataset/Htmls/DB/158.html,C3PA_Dataset/Annotations/DB/158.csv
DB_158,DB_158_S85,"This includes external third-party service providers, such as accountants, auditors, experts, lawyers and other outside professional advisors; IT systems, support and hosting service providers; technical engineers; data storage and cloud providers and similar third-party vendors and outsourced service providers that assist us in carrying out business activities.",MULTI_LABEL,Categories of Personal Information Shared / Disclosed;Categories of Personal Information Sold,1,ra5,2,annotation_in_sentence,C3PA_Dataset/Htmls/DB/158.html,C3PA_Dataset/Annotations/DB/158.csv
DB_158,DB_158_S96,to administer platform log-ins (where applicable) and to deliver our services to our clients or their customers under the agreed terms of service;,MULTI_LABEL,Categories of Personal Information Shared / Disclosed;Categories of Personal Information Sold,1,ra5,3,annotation_in_sentence,C3PA_Dataset/Htmls/DB/158.html,C3PA_Dataset/Annotations/DB/158.csv
DB_158,DB_158_S205,opt-out of the sale of your personal information (fill in your details here: Do Not Sell My Info);,MULTI_LABEL,Description of Right to Opt-out of sale of PI;Methods to exercise rights,2,ra1;ra5,4,annotation_in_sentence,C3PA_Dataset/Htmls/DB/158.html,C3PA_Dataset/Annotations/DB/158.csv
DB_158,DB_158_S206,not be discriminated against for exercising any of your rights under the California Consumer Privacy Act of 2018 (CCPA).,MULTI_LABEL,Categories of Personal Information Collected;Description of Right to Non-discrimination on exercising rights,3,ra1;ra2;ra5,3,annotation_in_sentence,C3PA_Dataset/Htmls/DB/158.html,C3PA_Dataset/Annotations/DB/158.csv
DB_159,DB_159_S107,"Notwithstanding any other provision, we partner with third parties that collect information across various channels, including offline and online, for purposes of delivering more relevant advertising to you or your business.",MULTI_LABEL,Categories of Personal Information Collected;Categories of Personal Information Shared / Disclosed,1,ra5,2,sentence_in_annotation,C3PA_Dataset/Htmls/DB/159.html,C3PA_Dataset/Annotations/DB/159.csv
DB_159,DB_159_S146,the right to object to data processing;,MULTI_LABEL,Description of Right to Opt-out of sale of PI;Others,2,ra1;ra5,3,annotation_in_sentence;sentence_in_annotation,C3PA_Dataset/Htmls/DB/159.html,C3PA_Dataset/Annotations/DB/159.csv
DB_16,DB_16_S78,You may “opt out” of our marketing database by submitting an “opt out” request via our secure online webform.,MULTI_LABEL,Description of Right to Opt-out of sale of PI;Methods to exercise rights,1,ra3,2,annotation_in_sentence,C3PA_Dataset/Htmls/DB/16.html,C3PA_Dataset/Annotations/DB/16.csv
DB_16,DB_16_S99,Our (or other companies’) servers send your device a cookie when you visit a website.,MULTI_LABEL,Description of Right to Know PI Collected;Description of Right to Know PI sold / shared,1,ra5,2,annotation_in_sentence,C3PA_Dataset/Htmls/DB/16.html,C3PA_Dataset/Annotations/DB/16.csv
DB_16,DB_16_S104,"We or our service providers, and other online marketing platforms that we or they work with, may use cookies to, among other things, “remember” you, determine visitor patterns and trends, collect information about your activities on our clients’ sites, or interact with the advertising you see.",MULTI_LABEL,Description of Right to Know PI Collected;Description of Right to Know PI sold / shared,1,ra5,2,annotation_in_sentence,C3PA_Dataset/Htmls/DB/16.html,C3PA_Dataset/Annotations/DB/16.csv
DB_16,DB_16_S166,"Under such laws you may be able to ask us to provide access to certain information we hold about you, in some cases in a portable format, if technically feasible, update or correct your information, delete certain information, opt-out of selling or sharing information, or  restrict the use of your information.",MULTI_LABEL,Description of Right to Correct Information;Description of Right to Delete;Description of Right to Know PI Collected;Description of Right to Limit use of PI;Description of Right to Opt-out of sale of PI,1,ra4,5,annotation_in_sentence,C3PA_Dataset/Htmls/DB/16.html,C3PA_Dataset/Annotations/DB/16.csv
DB_16,DB_16_S207,2) OUR DISCLOSURE AND SALE OF PERSONAL INFORMATION,MULTI_LABEL,Categories of Personal Information Shared / Disclosed;Categories of Personal Information Sold,1,ra4,2,annotation_in_sentence,C3PA_Dataset/Htmls/DB/16.html,C3PA_Dataset/Annotations/DB/16.csv
DB_162,DB_162_S84,Right to request access to data – You have the right to ask for copies of your personal information.,MULTI_LABEL,Description of Right to Know PI Collected;Description of Right to Know PI sold / shared,2,ra1;ra5,3,annotation_in_sentence,C3PA_Dataset/Htmls/DB/162.html,C3PA_Dataset/Annotations/DB/162.csv
DB_163,DB_163_S151,Opt out of certain uses of your personal information.,MULTI_LABEL,Description of Right to Limit use of PI;Description of Right to Opt-out of sale of PI,1,ra1,2,annotation_in_sentence,C3PA_Dataset/Htmls/DB/163.html,C3PA_Dataset/Annotations/DB/163.csv
DB_164,DB_164_S38,We may use your Personal Information to send you information about our company and our products or services or to contact you when necessary.,MULTI_LABEL,Categories of Personal Information Collected;Categories of Personal Information Shared / Disclosed;Categories of Personal Information Sold,1,ra1,3,annotation_in_sentence,C3PA_Dataset/Htmls/DB/164.html,C3PA_Dataset/Annotations/DB/164.csv
DB_164,DB_164_S76,"To unsubscribe from receiving email messages from us, from our affiliates or from other third parties, click on the “Unsubscribe” link contained in each email.",MULTI_LABEL,Description of Right to Opt-out of sale of PI;Methods to exercise rights,2,ra1;ra5,3,annotation_in_sentence,C3PA_Dataset/Htmls/DB/164.html,C3PA_Dataset/Annotations/DB/164.csv
DB_164,DB_164_S122,PrivateRecords may make your Personal Information available to third parties for their marketing purposes as described in this Privacy Policy.,MULTI_LABEL,Description of Right to Know PI sold / shared;Description of Right to Opt-out of sale of PI,2,ra1;ra5,2,annotation_in_sentence,C3PA_Dataset/Htmls/DB/164.html,C3PA_Dataset/Annotations/DB/164.csv
DB_164,DB_164_S202,"To evaluate or conduct a merger, divestiture, restructuring, reorganization, dissolution, or other sale or transfer of some or all of our assets, whether as a going concern or as part of bankruptcy, liquidation, or similar proceeding, in which personal information held by us is among the assets transferred.",MULTI_LABEL,Categories of Personal Information Shared / Disclosed;Categories of Personal Information Sold,1,ra5,2,annotation_in_sentence,C3PA_Dataset/Htmls/DB/164.html,C3PA_Dataset/Annotations/DB/164.csv
DB_165,DB_165_S105,"B. You may request to Know, Delete and Opt-out your information at this page: https://www.OpenPeopleSearch.com/Consumers or by calling our toll-free hotline, 1-866-505-7170.",MULTI_LABEL,Description of Right to Delete;Description of Right to Know PI Collected;Description of Right to Opt-out of sale of PI;Methods to exercise rights,3,ra1;ra2;ra6,8,annotation_in_sentence,C3PA_Dataset/Htmls/DB/165.html,C3PA_Dataset/Annotations/DB/165.csv
DB_166,DB_166_S57,"We do not sell, rent or trade, or share your business contact information with other companies for their own marketing purposes.",MULTI_LABEL,Categories of Personal Information Shared / Disclosed;Categories of Personal Information Sold,2,ra2;ra5,4,annotation_in_sentence,C3PA_Dataset/Htmls/DB/166.html,C3PA_Dataset/Annotations/DB/166.csv
DB_166,DB_166_S71,You may “opt out” of our marketing database by submitting an “opt out” request via our secure online webform.,MULTI_LABEL,Description of Right to Opt-out of sale of PI;Methods to exercise rights,1,ra5,2,sentence_in_annotation,C3PA_Dataset/Htmls/DB/166.html,C3PA_Dataset/Annotations/DB/166.csv
DB_166,DB_166_S75,"If you would like to opt out of direct mail advertising in general, we recommend that you visit the DMA Choice website, at thedma.org.",MULTI_LABEL,Description of Right to Opt-out of sale of PI;Methods to exercise rights,1,ra5,2,annotation_in_sentence,C3PA_Dataset/Htmls/DB/166.html,C3PA_Dataset/Annotations/DB/166.csv
DB_166,DB_166_S78,"If you wish to opt out of online targeted ads (sometimes referred to as “interest-based” or “personalized” advertising), you can also visit the opt-out portals operated by the industry groups the National Advertising Initiative (NAI) or the Digital Advertising Alliance (DAA), and you can learn more about how those opt-outs work on those linked web pages.",MULTI_LABEL,Description of Right to Opt-out of sale of PI;Methods to exercise rights,1,ra5,2,annotation_in_sentence,C3PA_Dataset/Htmls/DB/166.html,C3PA_Dataset/Annotations/DB/166.csv
DB_166,DB_166_S92,Our (or other companies’) servers send your device a cookie when you visit a website.,MULTI_LABEL,Categories of Personal Information Collected;Categories of Personal Information Shared / Disclosed,1,ra5,2,annotation_in_sentence,C3PA_Dataset/Htmls/DB/166.html,C3PA_Dataset/Annotations/DB/166.csv
DB_166,DB_166_S94,"When you access web pages (such as the website of a marketer), pixel tags may generate a generic notice of the visit and permit our partners (or sometimes, us) to read the cookies that a respective company or server has deployed.",MULTI_LABEL,Categories of Personal Information Collected;Categories of Personal Information Shared / Disclosed,1,ra5,2,annotation_in_sentence,C3PA_Dataset/Htmls/DB/166.html,C3PA_Dataset/Annotations/DB/166.csv
DB_166,DB_166_S97,"We or our service providers, and other online marketing platforms that we or they work with, may use cookies to, among other things, “remember” you, determine visitor patterns and trends, collect information about your activities on our clients’ sites, or interact with the advertising you see.",MULTI_LABEL,Categories of Personal Information Collected;Categories of Personal Information Shared / Disclosed,1,ra5,2,annotation_in_sentence,C3PA_Dataset/Htmls/DB/166.html,C3PA_Dataset/Annotations/DB/166.csv
DB_166,DB_166_S101,You may be able to set your browser to warn you before accepting certain cookies or to refuse certain cookies.,MULTI_LABEL,Description of Right to Opt-out of sale of PI;Methods to exercise rights,1,ra5,2,annotation_in_sentence,C3PA_Dataset/Htmls/DB/166.html,C3PA_Dataset/Annotations/DB/166.csv
DB_166,DB_166_S159,"Under such laws you may be able to ask us to provide access to certain information we hold about you, in some cases in a portable format, if technically feasible, update or correct your information, delete certain information, opt-out of selling or sharing information, or  restrict the use of your information.",MULTI_LABEL,Description of Right to Correct Information;Description of Right to Delete;Description of Right to Know PI Collected;Description of Right to Know PI sold / shared;Description of Right to Limit use of PI;Description of Right to Opt-out of sale of PI,1,ra5,6,annotation_in_sentence,C3PA_Dataset/Htmls/DB/166.html,C3PA_Dataset/Annotations/DB/166.csv
DB_166,DB_166_S183,Characteristics of Sensitive  Information under state or US law,MULTI_LABEL,Categories of Personal Information Shared / Disclosed;Categories of Personal Information Sold,1,ra5,2,annotation_in_sentence;sentence_in_annotation,C3PA_Dataset/Htmls/DB/166.html,C3PA_Dataset/Annotations/DB/166.csv
DB_166,DB_166_S194,Professional or employment-related information,MULTI_LABEL,Categories of Personal Information Shared / Disclosed;Categories of Personal Information Sold,1,ra5,2,sentence_in_annotation,C3PA_Dataset/Htmls/DB/166.html,C3PA_Dataset/Annotations/DB/166.csv
DB_166,DB_166_S267,"Without being discriminated against for exercising these rights, you may have the right to request that we disclose what personal information we collect from you, to delete that information, and to opt-out of the sale of your personal information, subject to certain restrictions.",MULTI_LABEL,Description of Right to Delete;Description of Right to Know PI Collected;Description of Right to Non-discrimination on exercising rights;Description of Right to Opt-out of sale of PI,3,ra1;ra2;ra5,12,annotation_in_sentence;sentence_in_annotation,C3PA_Dataset/Htmls/DB/166.html,C3PA_Dataset/Annotations/DB/166.csv
DB_166,DB_166_S272,"Right to Know: You may have the right to request that a business disclose personal information that it has collected, sold, or shared about you.",MULTI_LABEL,Description of Right to Know PI Collected;Description of Right to Know PI sold / shared,3,ra1;ra2;ra5,6,annotation_in_sentence,C3PA_Dataset/Htmls/DB/166.html,C3PA_Dataset/Annotations/DB/166.csv
DB_167,DB_167_S27,What is collected,MULTI_LABEL,Categories of Personal Information Shared / Disclosed;Categories of Personal Information Sold,1,ra5,2,annotation_in_sentence;sentence_in_annotation,C3PA_Dataset/Htmls/DB/167.html,C3PA_Dataset/Annotations/DB/167.csv
DB_167,DB_167_S32,Personal Information listed in the California Customer Records Statute,MULTI_LABEL,Categories of Personal Information Shared / Disclosed;Categories of Personal Information Sold,1,ra5,2,annotation_in_sentence;sentence_in_annotation,C3PA_Dataset/Htmls/DB/167.html,C3PA_Dataset/Annotations/DB/167.csv
DB_167,DB_167_S33,"Name, signature, address, telephone number",MULTI_LABEL,Categories of Personal Information Shared / Disclosed;Categories of Personal Information Sold,1,ra5,2,annotation_in_sentence;sentence_in_annotation,C3PA_Dataset/Htmls/DB/167.html,C3PA_Dataset/Annotations/DB/167.csv
DB_167,DB_167_S36,"Records of services purchased, or considered",MULTI_LABEL,Categories of Personal Information Shared / Disclosed;Categories of Personal Information Sold,1,ra5,2,sentence_in_annotation,C3PA_Dataset/Htmls/DB/167.html,C3PA_Dataset/Annotations/DB/167.csv
DB_167,DB_167_S38,Internet or other similar network activity,MULTI_LABEL,Categories of Personal Information Shared / Disclosed;Categories of Personal Information Sold,1,ra5,2,annotation_in_sentence;sentence_in_annotation,C3PA_Dataset/Htmls/DB/167.html,C3PA_Dataset/Annotations/DB/167.csv
DB_167,DB_167_S39,Interaction with our website and online Services,MULTI_LABEL,Categories of Personal Information Shared / Disclosed;Categories of Personal Information Sold,1,ra5,2,sentence_in_annotation,C3PA_Dataset/Htmls/DB/167.html,C3PA_Dataset/Annotations/DB/167.csv
DB_167,DB_167_S86,"Consistent with the requirements of the CCPA, Atlantic Fox recognizes Users’ rights to know and access specific Personal Information about them and to request deletion of specific Personal Information about them.",MULTI_LABEL,Description of Right to Delete;Description of Right to Know PI Collected,1,ra1,2,annotation_in_sentence,C3PA_Dataset/Htmls/DB/167.html,C3PA_Dataset/Annotations/DB/167.csv
DB_168,DB_168_S149,"If you would prefer that we do not share your Personal Data on a going-forward basis with our affiliates or with unaffiliated third parties for their marketing purposes, you may cease this sharing by sending an e-mail to unsubscribe@moodys.com.",MULTI_LABEL,Description of Right to Opt-out of sale of PI;Methods to exercise rights,1,ra1,2,annotation_in_sentence,C3PA_Dataset/Htmls/DB/168.html,C3PA_Dataset/Annotations/DB/168.csv
DB_168,DB_168_S190,"Unless we specifically request for information to comply with applicable anti-money laundering laws and other applicable laws, we ask that you not send us, and you not disclose, any sensitive Personal Data (e.g., social security numbers, passport numbers, information related to racial or ethnic origin, political opinions, religion or other beliefs, health, biometrics or genetic characteristics, criminal background or trade union membership) on or through this Site or otherwise to us.",MULTI_LABEL,Categories of Personal Information Collected;Categories of Personal Information Shared / Disclosed;Others,2,ra2;ra6,3,annotation_in_sentence,C3PA_Dataset/Htmls/DB/168.html,C3PA_Dataset/Annotations/DB/168.csv
DB_168,DB_168_S206,"You can request information about our collection, use and disclosure of your Personal Data over the past twelve (12) months concerning: (i) the categories of Personal Data we collected about you, (ii) the business or commercial purpose for collecting your Personal Data, (iii) the categories of sources from which your Personal Data is collected, and (iv) the categories of third parties with whom we share your Personal Data.",MULTI_LABEL,Description of Right to Know PI Collected;Description of Right to Know PI sold / shared,1,ra1,3,annotation_in_sentence,C3PA_Dataset/Htmls/DB/168.html,C3PA_Dataset/Annotations/DB/168.csv
DB_168,DB_168_S209,You can request to receive a copy of your Personal Data in a commonly used and machine-readable format.,MULTI_LABEL,Description of Right to Know PI Collected;Description of Right to Know PI sold / shared,3,ra1;ra2;ra6,4,annotation_in_sentence,C3PA_Dataset/Htmls/DB/168.html,C3PA_Dataset/Annotations/DB/168.csv
DB_169,DB_169_S152,"• If you would prefer that we do not share your Personal Data on a going-forward basis with our affiliates or with unaffiliated third parties for their marketing purposes, you may cease this sharing by sending an e-mail to unsubscribe@moodys.com.",MULTI_LABEL,Description of Right to Opt-out of sale of PI;Methods to exercise rights,1,ra1,2,annotation_in_sentence,C3PA_Dataset/Htmls/DB/169.html,C3PA_Dataset/Annotations/DB/169.csv
DB_169,DB_169_S157,"How you can access, change or suppress your Personal Data",MULTI_LABEL,Description of Right to Correct Information;Description of Right to Know PI Collected,1,ra1,2,annotation_in_sentence,C3PA_Dataset/Htmls/DB/169.html,C3PA_Dataset/Annotations/DB/169.csv
DB_169,DB_169_S209,"• You can request information about our collection, use and disclosure of your Personal Data over the past twelve (12) months concerning: (i) the categories of Personal Data we collected about you, (ii) the business or commercial purpose for collecting or selling your Personal Data, (iii) the categories of sources from which your Personal Data is collected, and (iv) the categories of third parties with whom we share or sell your Personal Data.",MULTI_LABEL,Description of Right to Know PI Collected;Description of Right to Know PI sold / shared,1,ra1,4,annotation_in_sentence,C3PA_Dataset/Htmls/DB/169.html,C3PA_Dataset/Annotations/DB/169.csv
DB_169,DB_169_S210,You can request two separate lists disclosing (a) the categories of your Personal Data we have sold and (b) the categories of your Personal Data we have shared in connection with a business purpose.,MULTI_LABEL,Description of Right to Know PI Collected;Description of Right to Know PI sold / shared,3,ra1;ra2;ra6,5,annotation_in_sentence;sentence_in_annotation,C3PA_Dataset/Htmls/DB/169.html,C3PA_Dataset/Annotations/DB/169.csv
DB_17,DB_17_S476,You may opt out of the Google Analytics service with Google’s Browser Add-on that’s available at https://tools.google.com/dlpage/gaoptout/,MULTI_LABEL,Description of Right to Opt-out of sale of PI;Methods to exercise rights,1,ra1,2,annotation_in_sentence,C3PA_Dataset/Htmls/DB/17.html,C3PA_Dataset/Annotations/DB/17.csv
DB_17,DB_17_S489,You can choose to disable the HotJar service at https://www.hotjar.com/opt-out.,MULTI_LABEL,Description of Right to Limit use of PI;Methods to exercise rights,1,ra1,2,annotation_in_sentence,C3PA_Dataset/Htmls/DB/17.html,C3PA_Dataset/Annotations/DB/17.csv
DB_171,DB_171_S65,Our (or other companies’) servers send your device a cookie when you visit a website.,MULTI_LABEL,Categories of Personal Information Collected;Categories of Personal Information Shared / Disclosed,1,ra5,2,annotation_in_sentence,C3PA_Dataset/Htmls/DB/171.html,C3PA_Dataset/Annotations/DB/171.csv
DB_171,DB_171_S71,Cookies are used in this way to provide relevant content to you and replace non-relevant communications with ads that better match your interests.,MULTI_LABEL,Categories of Personal Information Shared / Disclosed;Categories of Personal Information Sold,1,ra1,2,annotation_in_sentence,C3PA_Dataset/Htmls/DB/171.html,C3PA_Dataset/Annotations/DB/171.csv
DB_171,DB_171_S138,"Our Business Purposes – our business purposes for (a) collecting and (b) sharing Personal Information, which are generally the same.",MULTI_LABEL,Categories of Personal Information Collected;Categories of Personal Information Shared / Disclosed;Categories of Personal Information Sold,1,ra1,3,annotation_in_sentence,C3PA_Dataset/Htmls/DB/171.html,C3PA_Dataset/Annotations/DB/171.csv
DB_171,DB_171_S207,YOUR CALIFORNIA RIGHTS AND CHOICES,MULTI_LABEL,Description of Right to Delete;Description of Right to Know PI Collected;Description of Right to Opt-out of sale of PI,1,ra5,3,sentence_in_annotation,C3PA_Dataset/Htmls/DB/171.html,C3PA_Dataset/Annotations/DB/171.csv
DB_171,DB_171_S208,"Without being discriminated against for exercising these rights, California residents have the right to request that we disclose what personal information we collect from you, to delete that information, and to opt-out of the sale of your personal information, subject to certain restrictions.",MULTI_LABEL,Description of Right to Delete;Description of Right to Know PI Collected;Description of Right to Non-discrimination on exercising rights;Description of Right to Opt-out of sale of PI,2,ra1;ra2,8,annotation_in_sentence,C3PA_Dataset/Htmls/DB/171.html,C3PA_Dataset/Annotations/DB/171.csv
DB_172,DB_172_S4,"We base our policy on your right to 1) make choices to opt out, 2) have your data protected, 3) give you access to the data we collect and the ability to make corrections.",MULTI_LABEL,Description of Right to Correct Information;Description of Right to Know PI Collected;Description of Right to Opt-out of sale of PI,1,ra1,3,annotation_in_sentence,C3PA_Dataset/Htmls/DB/172.html,C3PA_Dataset/Annotations/DB/172.csv
DB_172,DB_172_S30,"You have the right to (1) request to know more about the categories and specific pieces of personal information we collect, use, and disclose about you, (2) request deletion of your personal information, (3) opt out of any sales of your personal information, if we engage in that activity in the future, and (4) not be discriminated against for exercising these rights.",MULTI_LABEL,Description of Right to Delete;Description of Right to Opt-out of sale of PI,1,ra1,2,annotation_in_sentence,C3PA_Dataset/Htmls/DB/172.html,C3PA_Dataset/Annotations/DB/172.csv
DB_172,DB_172_S99,You can also opt out of your data being sold to third parties or accessing your personal information via the form at the bottom of this page.,MULTI_LABEL,Description of Right to Opt-out of sale of PI;Methods to exercise rights,1,ra1,2,annotation_in_sentence,C3PA_Dataset/Htmls/DB/172.html,C3PA_Dataset/Annotations/DB/172.csv
DB_172,DB_172_S115,"We may share, license or sell your information to third parties for various marketing purposes, including online (e.g., e-mail marketing and digital targeting/re-targeting) and offline (e.g., direct mail and telemarketing) marketing programs.",MULTI_LABEL,Categories of Personal Information Shared / Disclosed;Categories of Personal Information Sold,1,ra1,2,annotation_in_sentence,C3PA_Dataset/Htmls/DB/172.html,C3PA_Dataset/Annotations/DB/172.csv
DB_172,DB_172_S202,Opting-Out of Your Data being Sold to Third Parties or Accessing Your Personal Information:,MULTI_LABEL,Description of Right to Know PI Collected;Description of Right to Opt-out of sale of PI,1,ra1,2,annotation_in_sentence,C3PA_Dataset/Htmls/DB/172.html,C3PA_Dataset/Annotations/DB/172.csv
DB_172,DB_172_S204,You may opt-out of your data being shared with third parties or request access to your personal information by submitting the form below.,MULTI_LABEL,Description of Right to Opt-out of sale of PI;Methods to exercise rights,2,ra1;ra5,2,annotation_in_sentence,C3PA_Dataset/Htmls/DB/172.html,C3PA_Dataset/Annotations/DB/172.csv
DB_173,DB_173_S50,You have the ability to remove the data from BusinessWatch Network databases at any time by going to the BusinessWatch Network Data Removal Form.,MULTI_LABEL,Description of Right to Delete;Methods to exercise rights,2,ra1;ra5,4,annotation_in_sentence,C3PA_Dataset/Htmls/DB/173.html,C3PA_Dataset/Annotations/DB/173.csv
DB_174,DB_174_S36,"We do not, and have not in the preceding 12 months, “shared” personal information about you with third parties for cross-context behavioral advertising.",MULTI_LABEL,Categories of Personal Information Shared / Disclosed;Categories of Personal Information Sold,3,ra1;ra2;ra6,4,annotation_in_sentence,C3PA_Dataset/Htmls/DB/174.html,C3PA_Dataset/Annotations/DB/174.csv
DB_175,DB_175_S59,"·       If you would like to opt-out of direct mail advertising in general, we recommend that you visit the DMA Choice website, at dmachoice.thedma.org.",MULTI_LABEL,Description of Right to Opt-out of sale of PI;Methods to exercise rights,1,ra5,2,annotation_in_sentence,C3PA_Dataset/Htmls/DB/175.html,C3PA_Dataset/Annotations/DB/175.csv
DB_175,DB_175_S61,"·       If you wish to opt out of online targeted ads (sometimes referred to as “interest-based” or “personalized” advertising), you can visit the opt-out portals operated by the industry groups the National Advertising Initiative (NAI) or the Digital Advertising Alliance (DAA), and you can learn more about how those opt-outs work on those linked web pages.",MULTI_LABEL,Description of Right to Opt-out of sale of PI;Methods to exercise rights,1,ra5,2,annotation_in_sentence,C3PA_Dataset/Htmls/DB/175.html,C3PA_Dataset/Annotations/DB/175.csv
DB_175,DB_175_S163,"Our Business Purposes – our business purposes for (a) collecting and (b) sharing Personal Information, which are generally the same.",MULTI_LABEL,Categories of Personal Information Collected;Categories of Personal Information Shared / Disclosed;Categories of Personal Information Sold,1,ra1,3,annotation_in_sentence,C3PA_Dataset/Htmls/DB/175.html,C3PA_Dataset/Annotations/DB/175.csv
DB_175,DB_175_S165,"Your California Privacy Rights and Choices – what rights you have under the CCPA, for instance, to request that we “opt out” your information from our marketing database (also called “do not sell” rights), or to request categories and personal information that we may have collected about you.",MULTI_LABEL,Description of Right to Know PI Collected;Description of Right to Opt-out of sale of PI,1,ra1,2,annotation_in_sentence,C3PA_Dataset/Htmls/DB/175.html,C3PA_Dataset/Annotations/DB/175.csv
DB_175,DB_175_S166,"Sometimes, we act only as a “service provider” to our clients (for instance, if they provide information to us for analytics, processing or other data management services), in which case any consumer requests for opt-out, deletion or access to data must be made through that client: we therefore will forward any such requests to a named client, as feasible.",MULTI_LABEL,Description of Right to Delete;Description of Right to Know PI Collected;Description of Right to Opt-out of sale of PI,1,ra2,3,annotation_in_sentence,C3PA_Dataset/Htmls/DB/175.html,C3PA_Dataset/Annotations/DB/175.csv
DB_175,DB_175_S209,Your California Rights and Choices,MULTI_LABEL,Description of Right to Delete;Description of Right to Non-discrimination on exercising rights,1,ra5,2,sentence_in_annotation,C3PA_Dataset/Htmls/DB/175.html,C3PA_Dataset/Annotations/DB/175.csv
DB_175,DB_175_S210,"California residents have the right to request that we disclose what personal information we collect from you, to delete that information, and to opt-out of the sale of your personal information, subject to certain restrictions and without being discriminated against for exercising these rights.",MULTI_LABEL,Description of Right to Delete;Description of Right to Know PI Collected;Description of Right to Non-discrimination on exercising rights;Description of Right to Opt-out of sale of PI,2,ra1;ra2,7,annotation_in_sentence,C3PA_Dataset/Htmls/DB/175.html,C3PA_Dataset/Annotations/DB/175.csv
DB_176,DB_176_S33,Promoting AdAdapted through sales and marketing,MULTI_LABEL,Categories of Personal Information Shared / Disclosed;Categories of Personal Information Sold,1,ra5,2,annotation_in_sentence,C3PA_Dataset/Htmls/DB/176.html,C3PA_Dataset/Annotations/DB/176.csv
DB_178,DB_178_S32,Information Requests: We send you information you request about the Blackbaud Services.,MULTI_LABEL,Categories of Personal Information Collected;Categories of Personal Information Shared / Disclosed;Categories of Personal Information Sold,1,ra4,3,annotation_in_sentence,C3PA_Dataset/Htmls/DB/178.html,C3PA_Dataset/Annotations/DB/178.csv
DB_178,DB_178_S33,"Marketing Communications: We may contact you about promotions, customer stories, Blackbaud news and updates, or thought leadership content.",MULTI_LABEL,Categories of Personal Information Collected;Categories of Personal Information Shared / Disclosed;Categories of Personal Information Sold,1,ra4,3,annotation_in_sentence,C3PA_Dataset/Htmls/DB/178.html,C3PA_Dataset/Annotations/DB/178.csv
DB_178,DB_178_S39,"Customers: If you’re a Blackbaud customer, we may use your personal data to provide Services you request and in connection with payments.",MULTI_LABEL,Categories of Personal Information Collected;Categories of Personal Information Shared / Disclosed;Categories of Personal Information Sold,1,ra4,3,annotation_in_sentence,C3PA_Dataset/Htmls/DB/178.html,C3PA_Dataset/Annotations/DB/178.csv
DB_178,DB_178_S40,"Improving Blackbaud: We use aggregated and personal data about you and/or your constituents’ use of our websites and the Blackbaud Services to develop, improve, and test those services.",MULTI_LABEL,Categories of Personal Information Collected;Categories of Personal Information Shared / Disclosed;Categories of Personal Information Sold,1,ra4,3,annotation_in_sentence,C3PA_Dataset/Htmls/DB/178.html,C3PA_Dataset/Annotations/DB/178.csv
DB_178,DB_178_S49,"We also don’t collect, use, or disclose any sensitive personal information, as defined under applicable state or federal law.",MULTI_LABEL,Categories of Personal Information Collected;Categories of Personal Information Shared / Disclosed,1,ra4,2,annotation_in_sentence,C3PA_Dataset/Htmls/DB/178.html,C3PA_Dataset/Annotations/DB/178.csv
DB_178,DB_178_S81,"These web beacons allow third parties to obtain information such as the IP address of the computer that downloaded the page on which the beacon appears, the URL of the page on which the beacon appears, the time the page containing the beacon was viewed, the type of browser used to view the page, and the information in cookies set by the third party.",MULTI_LABEL,Categories of Personal Information Collected;Categories of Personal Information Shared / Disclosed,3,ra4;ra5;ra6,3,annotation_in_sentence;sentence_in_annotation,C3PA_Dataset/Htmls/DB/178.html,C3PA_Dataset/Annotations/DB/178.csv
DB_178,DB_178_S85,We also may use this information to enhance our website.,MULTI_LABEL,Categories of Personal Information Shared / Disclosed;Categories of Personal Information Sold,1,ra4,2,annotation_in_sentence,C3PA_Dataset/Htmls/DB/178.html,C3PA_Dataset/Annotations/DB/178.csv
DB_178,DB_178_S93,"We also may use the information to communicate with you, or the other people you select, about our products and services or our partners may use such information to communicate with you about the contests, sweepstakes or other promotions or their products and services.",MULTI_LABEL,Categories of Personal Information Collected;Categories of Personal Information Shared / Disclosed,1,ra5,2,annotation_in_sentence,C3PA_Dataset/Htmls/DB/178.html,C3PA_Dataset/Annotations/DB/178.csv
DB_178,DB_178_S125,"We don’t collect, use, or disclose any sensitive personal information, as defined under state or federal law.",MULTI_LABEL,Categories of Personal Information Collected;Categories of Personal Information Shared / Disclosed,2,ra4;ra5,3,annotation_in_sentence,C3PA_Dataset/Htmls/DB/178.html,C3PA_Dataset/Annotations/DB/178.csv
DB_178,DB_178_S126,We also disclose the foregoing types of data to our service providers for the purposes of rendering services to us.,MULTI_LABEL,Categories of Personal Information Collected;Categories of Personal Information Shared / Disclosed;Categories of Personal Information Sold,1,ra4,3,annotation_in_sentence,C3PA_Dataset/Htmls/DB/178.html,C3PA_Dataset/Annotations/DB/178.csv
DB_178,DB_178_S136,"The additional privacy protections provided by those laws include: the right to know what information we collect, disclose, and sell; the right to access a copy of your data; the right to request deletion or correction of your data; and the right to opt out of the sale of your data or the sharing of your data for purposes of targeted behavioral advertising.",MULTI_LABEL,Description of Right to Correct Information;Description of Right to Delete;Description of Right to Know PI Collected;Description of Right to Know PI sold / shared;Description of Right to Limit use of PI;Description of Right to Opt-out of sale of PI,2,ra5;ra6,12,annotation_in_sentence,C3PA_Dataset/Htmls/DB/178.html,C3PA_Dataset/Annotations/DB/178.csv
DB_178,DB_178_S138,"In the sections above titled “Collection and Use of Personal Information” and “Target Analytics®,” we have included descriptions of: the data we collect; the categories of sources of such information;  the purposes for which we use, sell, share, and disclose the data; the types of data we sell and the categories of third parties to whom the data is sold; and the disclosure of data to third parties for business purposes.",MULTI_LABEL,Categories of Personal Information Collected;Categories of Personal Information Shared / Disclosed,1,ra6,4,annotation_in_sentence,C3PA_Dataset/Htmls/DB/178.html,C3PA_Dataset/Annotations/DB/178.csv
DB_179,DB_179_S22,Our customers then utilize this data to market their products and services and to better understand their own clientele.,MULTI_LABEL,Categories of Personal Information Shared / Disclosed;Categories of Personal Information Sold,1,ra4,2,annotation_in_sentence,C3PA_Dataset/Htmls/DB/179.html,C3PA_Dataset/Annotations/DB/179.csv
DB_179,DB_179_S24,This data is used by clients and businesses in their online and offline marketing programs and for Alesco’s own internal marketing efforts.,MULTI_LABEL,Categories of Personal Information Collected;Categories of Personal Information Shared / Disclosed;Categories of Personal Information Sold,1,ra5,3,annotation_in_sentence,C3PA_Dataset/Htmls/DB/179.html,C3PA_Dataset/Annotations/DB/179.csv
DB_179,DB_179_S25,"This PII data includes information such as name, postal address, phone number, email address and social media identifiers.",MULTI_LABEL,Categories of Personal Information Shared / Disclosed;Categories of Personal Information Sold,1,ra5,2,annotation_in_sentence,C3PA_Dataset/Htmls/DB/179.html,C3PA_Dataset/Annotations/DB/179.csv
DB_179,DB_179_S40,The business purposes for which we’ve shared their personal information,MULTI_LABEL,Description of Right to Know PI Collected;Description of Right to Know PI sold / shared;Others,3,ra4;ra5;ra6,3,annotation_in_sentence;sentence_in_annotation,C3PA_Dataset/Htmls/DB/179.html,C3PA_Dataset/Annotations/DB/179.csv
DB_179,DB_179_S41,The categories of third parties with whom we’ve shared their personal information,MULTI_LABEL,Description of Right to Know PI Collected;Description of Right to Know PI sold / shared,3,ra4;ra5;ra6,3,annotation_in_sentence;sentence_in_annotation,C3PA_Dataset/Htmls/DB/179.html,C3PA_Dataset/Annotations/DB/179.csv
DB_179,DB_179_S42,"Access to the specific pieces of personal information we’ve collected and to request deletion of that personal information, subject to certain exceptions",MULTI_LABEL,Description of Right to Delete;Description of Right to Know PI Collected,2,ra4;ra5,3,annotation_in_sentence,C3PA_Dataset/Htmls/DB/179.html,C3PA_Dataset/Annotations/DB/179.csv
DB_179,DB_179_S59,"If you are a California resident, you have the right to request that Alesco Data disclose the specific personal information and categories we have collected about you.",MULTI_LABEL,Description of Right to Know PI Collected;Description of Right to Know PI sold / shared,3,ra4;ra5;ra6,4,annotation_in_sentence,C3PA_Dataset/Htmls/DB/179.html,C3PA_Dataset/Annotations/DB/179.csv
DB_179,DB_179_S61,You can also request to have your personal information deleted that has been collected about you.,MULTI_LABEL,Description of Right to Correct Information;Description of Right to Delete,3,ra4;ra5;ra6,3,annotation_in_sentence,C3PA_Dataset/Htmls/DB/179.html,C3PA_Dataset/Annotations/DB/179.csv
DB_18,DB_18_S17,"We provide the ability for anyone to request access to their profile, to remove and delete their profile, and opt of having their business info sold.",MULTI_LABEL,Description of Right to Delete;Description of Right to Know PI Collected;Description of Right to Opt-out of sale of PI,1,ra4,3,annotation_in_sentence,C3PA_Dataset/Htmls/DB/18.html,C3PA_Dataset/Annotations/DB/18.csv
DB_18,DB_18_S18,Other Collection Methods and Uses,MULTI_LABEL,Categories of Personal Information Collected;Categories of Personal Information Shared / Disclosed;Categories of Personal Information Sold,1,ra4,3,annotation_in_sentence,C3PA_Dataset/Htmls/DB/18.html,C3PA_Dataset/Annotations/DB/18.csv
DB_18,DB_18_S19,"Visitors to our website may submit information that includes their name, email address and other business information to learn more about our services, products, participate in surveys, webinars, and other activities.",MULTI_LABEL,Categories of Personal Information Collected;Categories of Personal Information Shared / Disclosed;Categories of Personal Information Sold,3,ra3;ra4;ra5,5,annotation_in_sentence,C3PA_Dataset/Htmls/DB/18.html,C3PA_Dataset/Annotations/DB/18.csv
DB_18,DB_18_S57,For more information about Google’s partner service and how to opt out of tracking of analytics click here.,MULTI_LABEL,Description of Right to Opt-out of sale of PI;Methods to exercise rights,1,ra5,2,annotation_in_sentence,C3PA_Dataset/Htmls/DB/18.html,C3PA_Dataset/Annotations/DB/18.csv
DB_18,DB_18_S138,Right to Access and Correct,MULTI_LABEL,Description of Right to Correct Information;Description of Right to Limit use of PI,1,ra4,2,annotation_in_sentence,C3PA_Dataset/Htmls/DB/18.html,C3PA_Dataset/Annotations/DB/18.csv
DB_180,DB_180_S24,"Demographic information: billing address, approximate location (at the level of city/metro area only), gender, race, sexual orientation and immigration (visa) status;",MULTI_LABEL,Categories of Personal Information Collected;Categories of Personal Information Shared / Disclosed;Categories of Personal Information Sold,3,ra4;ra5;ra6,5,annotation_in_sentence,C3PA_Dataset/Htmls/DB/180.html,C3PA_Dataset/Annotations/DB/180.csv
DB_180,DB_180_S25,Photos: your professional social network picture;,MULTI_LABEL,Categories of Personal Information Collected;Categories of Personal Information Shared / Disclosed;Categories of Personal Information Sold,1,ra5,3,annotation_in_sentence,C3PA_Dataset/Htmls/DB/180.html,C3PA_Dataset/Annotations/DB/180.csv
DB_180,DB_180_S26,"Inferences drawn from the categories described above in order to make predictions concerning your job-related skills, predicted salary range, and potential fit for employer job searches.",MULTI_LABEL,Categories of Personal Information Shared / Disclosed;Categories of Personal Information Sold;Others,1,ra5,3,annotation_in_sentence,C3PA_Dataset/Htmls/DB/180.html,C3PA_Dataset/Annotations/DB/180.csv
DB_180,DB_180_S28,"Other Identifiers: IP address; account name, company name, and address;",MULTI_LABEL,Categories of Personal Information Collected;Categories of Personal Information Shared / Disclosed;Categories of Personal Information Sold,1,ra4,3,sentence_in_annotation,C3PA_Dataset/Htmls/DB/180.html,C3PA_Dataset/Annotations/DB/180.csv
DB_180,DB_180_S30,"Our partners, such as Stripe, may collect financial information (including payment card information) directly from you; however, we will not have access to this information.",MULTI_LABEL,Categories of Personal Information Collected;Categories of Personal Information Shared / Disclosed,2,ra4;ra5,2,annotation_in_sentence,C3PA_Dataset/Htmls/DB/180.html,C3PA_Dataset/Annotations/DB/180.csv
DB_180,DB_180_S39,We collect Internet or other electronic activity passively using tools like browser cookies.,MULTI_LABEL,Categories of Personal Information Collected;Categories of Personal Information Shared / Disclosed;Categories of Personal Information Sold,2,ra4;ra5,4,annotation_in_sentence,C3PA_Dataset/Htmls/DB/180.html,C3PA_Dataset/Annotations/DB/180.csv
DB_180,DB_180_S56,"Analytical Purposes: We use your other identifiers, and internet activity and browsing history to analyze, research and better understand how users access and use our Site and Services, both on an aggregated and individualized basis, to maintain, support, and improve our Site and Services, to respond to user preferences, and for research and analytical purposes.",MULTI_LABEL,Categories of Personal Information Collected;Categories of Personal Information Shared / Disclosed;Categories of Personal Information Sold,1,ra4,3,annotation_in_sentence,C3PA_Dataset/Htmls/DB/180.html,C3PA_Dataset/Annotations/DB/180.csv
DB_180,DB_180_S59,To allow business customers and Business Users to contact you about job opportunities and interact with you through HTM events; and,MULTI_LABEL,Categories of Personal Information Collected;Categories of Personal Information Shared / Disclosed;Categories of Personal Information Sold,1,ra4,3,annotation_in_sentence,C3PA_Dataset/Htmls/DB/180.html,C3PA_Dataset/Annotations/DB/180.csv
DB_180,DB_180_S61,"Maintenance and Improvement of the Sites and Services: We use your contact information, other identifiers and internet activity and browsing history to:",MULTI_LABEL,Categories of Personal Information Collected;Categories of Personal Information Shared / Disclosed;Categories of Personal Information Sold,1,ra4,3,annotation_in_sentence,C3PA_Dataset/Htmls/DB/180.html,C3PA_Dataset/Annotations/DB/180.csv
DB_180,DB_180_S72,"For example, we use a payment processor (i.e. Stripe) to process payments.",MULTI_LABEL,Categories of Personal Information Collected;Categories of Personal Information Shared / Disclosed;Categories of Personal Information Sold,1,ra5,3,annotation_in_sentence,C3PA_Dataset/Htmls/DB/180.html,C3PA_Dataset/Annotations/DB/180.csv
DB_180,DB_180_S79,"Specifically, we share this information with our customers to help them find talented Candidates who may meet their employment needs, and to help them contact and engage with Candidates regarding opportunities that fit those Candidates’ skill sets and professional backgrounds.",MULTI_LABEL,Categories of Personal Information Collected;Categories of Personal Information Shared / Disclosed;Categories of Personal Information Sold,2,ra4;ra5,4,annotation_in_sentence,C3PA_Dataset/Htmls/DB/180.html,C3PA_Dataset/Annotations/DB/180.csv
DB_180,DB_180_S90,"You will have the opportunity to opt out of any such transfer if, in our discretion, it will result in the handling of your Personal Information in a way that differs materially from this Privacy Policy.",MULTI_LABEL,Description of Right to Limit use of PI;Description of Right to Opt-out of sale of PI,2,ra5;ra6,3,annotation_in_sentence,C3PA_Dataset/Htmls/DB/180.html,C3PA_Dataset/Annotations/DB/180.csv
DB_180,DB_180_S138,"If you are a Business User, you can review, correct, update, delete, or change most of your Personal Information used to establish your account by using your account settings.",MULTI_LABEL,Description of Right to Correct Information;Description of Right to Delete;Description of Right to Know PI Collected;Methods to exercise rights,3,ra4;ra5;ra6,8,annotation_in_sentence,C3PA_Dataset/Htmls/DB/180.html,C3PA_Dataset/Annotations/DB/180.csv
DB_180,DB_180_S147,"You may also amend or update inaccurate or incomplete personal information, request deletion of your personal information, or request that we no longer use it.",MULTI_LABEL,Description of Right to Correct Information;Description of Right to Delete;Description of Right to Limit use of PI;Description of Right to Opt-out of sale of PI,3,ra4;ra5;ra6,8,annotation_in_sentence,C3PA_Dataset/Htmls/DB/180.html,C3PA_Dataset/Annotations/DB/180.csv
DB_180,DB_180_S148,"Under certain circumstances we will not be able to fulfill your request, such as when it interferes with our regulatory obligations, affects legal matters, we cannot verify your identity, or it involves disproportionate cost or effort.",MULTI_LABEL,Description of Right to Delete;Methods to exercise rights,2,ra4;ra5,2,annotation_in_sentence,C3PA_Dataset/Htmls/DB/180.html,C3PA_Dataset/Annotations/DB/180.csv
DB_180,DB_180_S154,"To opt out or exercise other rights described above, you will need to verify your identity by providing us with your first and last name and an email address that we have on file for you and we will remove your information from our system.",MULTI_LABEL,Description of Right to Opt-out of sale of PI;Methods to exercise rights,2,ra4;ra5,2,annotation_in_sentence,C3PA_Dataset/Htmls/DB/180.html,C3PA_Dataset/Annotations/DB/180.csv
DB_180,DB_180_S241,"If you are a Candidate, we share the Non-user Personal Information described above with our customers, through HTM’s paid services, so that they may reach out to you for career opportunities that you may have interest in, and which may better fit to your professional background.",MULTI_LABEL,Categories of Personal Information Shared / Disclosed;Categories of Personal Information Sold,2,ra5;ra6,2,annotation_in_sentence,C3PA_Dataset/Htmls/DB/180.html,C3PA_Dataset/Annotations/DB/180.csv
DB_180,DB_180_S243,"If you are a Business User, your information provided in your user account is confidential to HTM, and we neither sell your Personal Information nor share your Personal Information with third parties, except that your Personal Information may be shared with your company’s Admin and other users who have the authority to view your Personal Information in order to provide Services to the customer of ours with whom you are employed.",MULTI_LABEL,Categories of Personal Information Shared / Disclosed;Categories of Personal Information Sold,3,ra4;ra5;ra6,3,annotation_in_sentence;sentence_in_annotation,C3PA_Dataset/Htmls/DB/180.html,C3PA_Dataset/Annotations/DB/180.csv
DB_180,DB_180_S250,"You can request HTM to disclose categories of Personal Information collected, sold or disclosed; categories of sources of where the information was collected; Business or Commercial Purposes of collecting or selling the information; categories of third parties to whom the information was disclosed or sold; and specific piece of information collected by HTM.",MULTI_LABEL,Description of Right to Know PI Collected;Description of Right to Know PI sold / shared,1,ra6,3,annotation_in_sentence,C3PA_Dataset/Htmls/DB/180.html,C3PA_Dataset/Annotations/DB/180.csv
DB_181,DB_181_S14,"We provide this information to our customers, who are businesses trying to reach business professionals for their own business-to-business sales, marketing, and recruiting activities.",MULTI_LABEL,Categories of Personal Information Shared / Disclosed;Categories of Personal Information Sold,1,ra4,2,annotation_in_sentence,C3PA_Dataset/Htmls/DB/181.html,C3PA_Dataset/Annotations/DB/181.csv
DB_181,DB_181_S42,We use this Business Information to improve the size and quality of our Directory.,MULTI_LABEL,Categories of Personal Information Collected;Categories of Personal Information Shared / Disclosed;Categories of Personal Information Sold;Description of Right to Know PI Collected,2,ra4;ra5,4,annotation_in_sentence,C3PA_Dataset/Htmls/DB/181.html,C3PA_Dataset/Annotations/DB/181.csv
DB_181,DB_181_S63,We do not collect data from custom fields or notes in the email client.,MULTI_LABEL,Categories of Personal Information Collected;Description of Right to Know PI Collected,2,ra4;ra5,2,annotation_in_sentence;sentence_in_annotation,C3PA_Dataset/Htmls/DB/181.html,C3PA_Dataset/Annotations/DB/181.csv
DB_181,DB_181_S89,"We use the information submitted to update a Professional Profile solely for purposes of verifying such person’s identity, updating their Professional Profile information, and honoring such person’s privacy preferences.",MULTI_LABEL,Categories of Personal Information Collected;Categories of Personal Information Shared / Disclosed;Categories of Personal Information Sold;Description of Right to Know PI Collected,2,ra4;ra5,4,annotation_in_sentence,C3PA_Dataset/Htmls/DB/181.html,C3PA_Dataset/Annotations/DB/181.csv
DB_181,DB_181_S97,"Information that may be collected includes information such as age, gender, education, employment history, job titles, salary, years of experience, and benefit information and is governed by Comparably’s privacy policy, available here.",MULTI_LABEL,Categories of Personal Information Collected;Categories of Personal Information Shared / Disclosed,2,ra4;ra5,3,annotation_in_sentence,C3PA_Dataset/Htmls/DB/181.html,C3PA_Dataset/Annotations/DB/181.csv
DB_181,DB_181_S109,We will use that information solely for the purpose of fulfilling the purchase request.,MULTI_LABEL,Categories of Personal Information Collected;Categories of Personal Information Shared / Disclosed;Categories of Personal Information Sold,1,ra4,3,annotation_in_sentence,C3PA_Dataset/Htmls/DB/181.html,C3PA_Dataset/Annotations/DB/181.csv
DB_181,DB_181_S110,"We will store credit card or other payment information in an encrypted form and will not sell, share, or use it again without prior consent. (",MULTI_LABEL,Categories of Personal Information Collected;Categories of Personal Information Shared / Disclosed;Categories of Personal Information Sold;Description of Right to Know PI sold / shared,2,ra4;ra5,4,annotation_in_sentence,C3PA_Dataset/Htmls/DB/181.html,C3PA_Dataset/Annotations/DB/181.csv
DB_181,DB_181_S113,"Our data analytics tools and capabilities enable our customers to collect, store, analyze, and share the contents of audio, video, image, and text-based communications such as phone calls, video calls, emails, chats, webinars, and meetings, along with associated data and documentation.",MULTI_LABEL,Categories of Personal Information Collected;Categories of Personal Information Shared / Disclosed;Description of Right to Know PI sold / shared,2,ra4;ra5,3,annotation_in_sentence;sentence_in_annotation,C3PA_Dataset/Htmls/DB/181.html,C3PA_Dataset/Annotations/DB/181.csv
DB_181,DB_181_S115,"We may reproduce, analyze, summarize, and disclose these files, recordings, and any results of our Services with such customers and their relevant personnel and other team members, and customers may share this information with their personnel or others.",MULTI_LABEL,Description of Right to Know PI Collected;Description of Right to Know PI sold / shared,1,ra5,2,sentence_in_annotation,C3PA_Dataset/Htmls/DB/181.html,C3PA_Dataset/Annotations/DB/181.csv
DB_181,DB_181_S117,We may collect biometric information of Chorus customers when such customers have provided us with their consent to do so.,MULTI_LABEL,Categories of Personal Information Collected;Categories of Personal Information Shared / Disclosed,2,ra4;ra5,3,annotation_in_sentence,C3PA_Dataset/Htmls/DB/181.html,C3PA_Dataset/Annotations/DB/181.csv
DB_181,DB_181_S123,"This information is collected to provide you with certain app features, such as meeting briefs with meeting and contact details within the app.",MULTI_LABEL,Categories of Personal Information Collected;Categories of Personal Information Shared / Disclosed;Categories of Personal Information Sold;Description of Right to Know PI Collected,2,ra4;ra5,4,annotation_in_sentence,C3PA_Dataset/Htmls/DB/181.html,C3PA_Dataset/Annotations/DB/181.csv
DB_181,DB_181_S132,"Depending on the specific Services being used, we may collect email header information, email subjects, email bodies and attachments, and calendar meeting information such as meeting participants, meeting description, subject, and date and time of the meeting.",MULTI_LABEL,Categories of Personal Information Collected;Description of Right to Know PI Collected,2,ra4;ra5,3,annotation_in_sentence,C3PA_Dataset/Htmls/DB/181.html,C3PA_Dataset/Annotations/DB/181.csv
DB_181,DB_181_S141,Creation of aggregated information.,MULTI_LABEL,Categories of Personal Information Collected;Categories of Personal Information Shared / Disclosed;Categories of Personal Information Sold,1,ra4,3,annotation_in_sentence,C3PA_Dataset/Htmls/DB/181.html,C3PA_Dataset/Annotations/DB/181.csv
DB_181,DB_181_S145,We use scoring models and algorithms that evaluate selected data points to produce a score predicting the likeliness of a candidate to respond to a recruiter’s outreach efforts.,MULTI_LABEL,Categories of Personal Information Collected;Categories of Personal Information Shared / Disclosed;Categories of Personal Information Sold,1,ra4,3,annotation_in_sentence,C3PA_Dataset/Htmls/DB/181.html,C3PA_Dataset/Annotations/DB/181.csv
DB_181,DB_181_S224,"Google Analytics uses cookies or other tracking technologies to help us analyze how users interact with and use the Site, compile reports on the Site’s activity, and provide other services related to Site activity and usage.",MULTI_LABEL,Categories of Personal Information Collected;Categories of Personal Information Shared / Disclosed;Categories of Personal Information Sold,1,ra4,3,annotation_in_sentence,C3PA_Dataset/Htmls/DB/181.html,C3PA_Dataset/Annotations/DB/181.csv
DB_181,DB_181_S225,"The technologies used by Google may collect information such as IP address, time of visit, whether a visitor is a return visitor, and any referring website.",MULTI_LABEL,Categories of Personal Information Collected;Categories of Personal Information Shared / Disclosed,2,ra4;ra5,2,annotation_in_sentence,C3PA_Dataset/Htmls/DB/181.html,C3PA_Dataset/Annotations/DB/181.csv
DB_181,DB_181_S231,D. Advertising Choices and Control,MULTI_LABEL,Description of Right to Know PI Collected;Description of Right to Know PI sold / shared,1,ra5,2,sentence_in_annotation,C3PA_Dataset/Htmls/DB/181.html,C3PA_Dataset/Annotations/DB/181.csv
DB_181,DB_181_S241,A. How To Change or Delete Professional Information,MULTI_LABEL,Description of Right to Correct Information;Description of Right to Delete;Description of Right to Know PI Collected,1,ra4,3,annotation_in_sentence,C3PA_Dataset/Htmls/DB/181.html,C3PA_Dataset/Annotations/DB/181.csv
DB_181,DB_181_S253,B. How To Change or Delete Company Information,MULTI_LABEL,Description of Right to Correct Information;Description of Right to Delete,1,ra4,2,annotation_in_sentence,C3PA_Dataset/Htmls/DB/181.html,C3PA_Dataset/Annotations/DB/181.csv
DB_181,DB_181_S388,ZoomInfo,MULTI_LABEL,Description of Right to Correct Information;Description of Right to Delete;Description of Right to Know PI Collected;Description of Right to Know PI sold / shared;Description of Right to Opt-out of sale of PI;Methods to exercise rights,3,ra4;ra5;ra6,12,sentence_in_annotation,C3PA_Dataset/Htmls/DB/181.html,C3PA_Dataset/Annotations/DB/181.csv
DB_182,DB_182_S373,Sharing with or selling with third parties,MULTI_LABEL,Categories of Personal Information Shared / Disclosed;Categories of Personal Information Sold,1,ra4,2,annotation_in_sentence,C3PA_Dataset/Htmls/DB/182.html,C3PA_Dataset/Annotations/DB/182.csv
DB_183,DB_183_S24,"Upon receipt of a verifiable consumer request, a covered business must disclose the following: (1) the categories of personal information collected about the consumer; (2) the categories of sources from which personal information is collected; (3) the business or commercial purposes for collecting or selling the personal information; and (4) the categories of third parties with which the personal information is shared; and (5) the specific pieces of personal information collected about that consumer.",MULTI_LABEL,Description of Right to Know PI Collected;Description of Right to Know PI sold / shared,2,ra1;ra4,4,annotation_in_sentence,C3PA_Dataset/Htmls/DB/183.html,C3PA_Dataset/Annotations/DB/183.csv
DB_184,DB_184_S28,We generally use this information in statistical and aggregate formats to assess the effectiveness of our Website and Application and to better understand your priorities and interests.,MULTI_LABEL,Categories of Personal Information Collected;Categories of Personal Information Shared / Disclosed;Categories of Personal Information Sold,1,ra4,3,annotation_in_sentence,C3PA_Dataset/Htmls/DB/184.html,C3PA_Dataset/Annotations/DB/184.csv
DB_184,DB_184_S39,"We may work with third parties, including Google Analytics, who collect information about your use of our Website, other websites, and/or online services over time for non-advertising purposes.",MULTI_LABEL,Categories of Personal Information Collected;Description of Right to Know PI sold / shared,2,ra4;ra5,2,annotation_in_sentence,C3PA_Dataset/Htmls/DB/184.html,C3PA_Dataset/Annotations/DB/184.csv
DB_184,DB_184_S41,"To opt out of Google Analytics, click 	here.",MULTI_LABEL,Description of Right to Opt-out of sale of PI;Methods to exercise rights,1,ra5,2,annotation_in_sentence,C3PA_Dataset/Htmls/DB/184.html,C3PA_Dataset/Annotations/DB/184.csv
DB_184,DB_184_S68,Certain domestic and international laws provide individuals with rights related to their personal information.,MULTI_LABEL,Description of Right to Correct Information;Description of Right to Delete;Description of Right to Know PI Collected,1,ra5,3,sentence_in_annotation,C3PA_Dataset/Htmls/DB/184.html,C3PA_Dataset/Annotations/DB/184.csv
DB_184,DB_184_S69,"These rights may include the rights, subject to certain exceptions, to access specific pieces of personal information, correct any errors to personal information, object to the processing of personal information, and delete the personal information.",MULTI_LABEL,Description of Right to Correct Information;Description of Right to Delete;Description of Right to Know PI Collected;Description of Right to Limit use of PI,1,ra1,4,annotation_in_sentence,C3PA_Dataset/Htmls/DB/184.html,C3PA_Dataset/Annotations/DB/184.csv
DB_184,DB_184_S72,"We provide the right to access and delete personal information, subject to certain exceptions.",MULTI_LABEL,Description of Right to Delete;Description of Right to Know PI Collected;Description of Right to Know PI sold / shared,3,ra1;ra4;ra5,6,annotation_in_sentence,C3PA_Dataset/Htmls/DB/184.html,C3PA_Dataset/Annotations/DB/184.csv
DB_184,DB_184_S75,"If you would like to submit a request to opt out of the sale of your personal information, you may also exercise your right on our 	Data Subject Rights Page.",MULTI_LABEL,Description of Right to Opt-out of sale of PI;Methods to exercise rights,2,ra4;ra5,3,annotation_in_sentence,C3PA_Dataset/Htmls/DB/184.html,C3PA_Dataset/Annotations/DB/184.csv
DB_184,DB_184_S84,"For more information about your choices in relation to your personal information, including your choice to access and delete your personal information, please visit click 	here.",MULTI_LABEL,Description of Right to Delete;Methods to exercise rights,2,ra1;ra5,2,annotation_in_sentence,C3PA_Dataset/Htmls/DB/184.html,C3PA_Dataset/Annotations/DB/184.csv
DB_184,DB_184_S91,"These tags may collect data about your Web browsing over time and across digital properties, including information about the possible relationships among different browsers and devices.",MULTI_LABEL,Categories of Personal Information Collected;Categories of Personal Information Shared / Disclosed,2,ra1;ra5,3,annotation_in_sentence,C3PA_Dataset/Htmls/DB/184.html,C3PA_Dataset/Annotations/DB/184.csv
DB_185,DB_185_S89,Disclosure of Information,MULTI_LABEL,Categories of Personal Information Collected;Categories of Personal Information Shared / Disclosed;Categories of Personal Information Sold,1,ra4,3,annotation_in_sentence,C3PA_Dataset/Htmls/DB/185.html,C3PA_Dataset/Annotations/DB/185.csv
DB_185,DB_185_S100,"We do not disclose or sell to third parties the information we collect directly from our customers that is disclosed to us in connection with the performance of services for our customers, except as necessary to perform such services.",MULTI_LABEL,Categories of Personal Information Shared / Disclosed;Categories of Personal Information Sold,2,ra4;ra6,3,annotation_in_sentence,C3PA_Dataset/Htmls/DB/185.html,C3PA_Dataset/Annotations/DB/185.csv
DB_185,DB_185_S111,"We (or third parties we engage) may use cookies or similar technologies in the Site to analyze trends, administer the Site, track users’ movements within the Site, and to gather demographic information automatically regarding your use of the Site through the use of cookies.",MULTI_LABEL,Categories of Personal Information Collected;Description of Right to Know PI Collected;Description of Right to Know PI sold / shared,2,ra4;ra5,4,annotation_in_sentence,C3PA_Dataset/Htmls/DB/185.html,C3PA_Dataset/Annotations/DB/185.csv
DB_185,DB_185_S113,"The type of information we collect as a result of a cookie being stored on your computer includes the Internet protocol (IP) address used to connect your computer to the Internet; computer and connection information such as browser type and version, operating system, and platform; and click stream data, including date and time, and may from time to time collect or supply third parties with, pseudonymized, aggregated user data for the purposes of site usage analysis, quality control and improving the Site.",MULTI_LABEL,Categories of Personal Information Collected;Categories of Personal Information Shared / Disclosed,2,ra4;ra5,3,annotation_in_sentence,C3PA_Dataset/Htmls/DB/185.html,C3PA_Dataset/Annotations/DB/185.csv
DB_185,DB_185_S155,"In the preceding 12 months, we have disclosed the following categories of personal information of California residents for a business purpose, and may have sold the following categories of personal information of California residents to third parties (including data aggregators, our customers or other third parties):",MULTI_LABEL,Categories of Personal Information Shared / Disclosed;Categories of Personal Information Sold,1,ra4,2,annotation_in_sentence,C3PA_Dataset/Htmls/DB/185.html,C3PA_Dataset/Annotations/DB/185.csv
DB_186,DB_186_S284,To maintain a database of Candidates: We keep a database of Candidates’ profiles enhanced with machine learning and AI.,MULTI_LABEL,Categories of Personal Information Collected;Description of Right to Know PI Collected,2,ra4;ra5,2,annotation_in_sentence,C3PA_Dataset/Htmls/DB/186.html,C3PA_Dataset/Annotations/DB/186.csv
DB_186,DB_186_S311,"This information may be used to, among other things, analyze and track data, determine the popularity of certain content and better understand online activity.",MULTI_LABEL,Categories of Personal Information Collected;Categories of Personal Information Sold,1,ra4,2,annotation_in_sentence,C3PA_Dataset/Htmls/DB/186.html,C3PA_Dataset/Annotations/DB/186.csv
DB_186,DB_186_S365,"FOR BUSINESS CONTACTS: If you would at any time like to review or change the information in your account or terminate your account, you can log into your account settings and update your user account.",MULTI_LABEL,Description of Right to Correct Information;Methods to exercise rights,1,ra4,2,annotation_in_sentence,C3PA_Dataset/Htmls/DB/186.html,C3PA_Dataset/Annotations/DB/186.csv
DB_186,DB_186_S370,Business Contacts may opt out of receiving targeted advertising on websites through members of the Network Advertising Initiative by clicking here or the Digital Advertising Alliance by clicking here.,MULTI_LABEL,Description of Right to Opt-out of sale of PI;Methods to exercise rights,1,ra5,2,annotation_in_sentence,C3PA_Dataset/Htmls/DB/186.html,C3PA_Dataset/Annotations/DB/186.csv
DB_186,DB_186_S388,"California Civil Code Section 1798.83, also known as the “Shine The Light” law, permits our users who are California residents to request and obtain from us, once a year and free of charge, information about categories of personal information (if any) we disclosed to third parties for direct marketing purposes and the names and addresses of all third parties with which we shared personal information in the immediately preceding calendar year.",MULTI_LABEL,Description of Right to Know PI Collected;Description of Right to Know PI sold / shared;Others,1,ra6,3,annotation_in_sentence,C3PA_Dataset/Htmls/DB/186.html,C3PA_Dataset/Annotations/DB/186.csv
DB_186,DB_186_S560,Source of the PI,MULTI_LABEL,Description of Right to Know PI Collected;Description of Right to Know PI sold / shared,1,ra5,2,annotation_in_sentence,C3PA_Dataset/Htmls/DB/186.html,C3PA_Dataset/Annotations/DB/186.csv
DB_186,DB_186_S561,Purpose for collection,MULTI_LABEL,Description of Right to Know PI Collected;Description of Right to Know PI sold / shared,1,ra5,2,annotation_in_sentence,C3PA_Dataset/Htmls/DB/186.html,C3PA_Dataset/Annotations/DB/186.csv
DB_187,DB_187_S133,"The right to know the categories and specific pieces of personal information we collect, use, disclose, and sell about you, the categories of sources from which we collected your personal information, our purposes for collecting or selling your personal information, the categories of your personal information that we have either sold or disclosed for a business purpose, and the categories of third parties with which we have shared personal information.",MULTI_LABEL,Description of Right to Know PI Collected;Description of Right to Know PI sold / shared,2,ra1;ra4,4,annotation_in_sentence,C3PA_Dataset/Htmls/DB/187.html,C3PA_Dataset/Annotations/DB/187.csv
DB_187,DB_187_S199,Cookies and 'Do Not Track' Signals,MULTI_LABEL,Categories of Personal Information Collected;Description of Right to Know PI Collected,1,ra5,2,sentence_in_annotation,C3PA_Dataset/Htmls/DB/187.html,C3PA_Dataset/Annotations/DB/187.csv
DB_188,DB_188_S50,"Cookies, Web Beacons, and Embedded Scripts",MULTI_LABEL,Categories of Personal Information Collected;Categories of Personal Information Shared / Disclosed;Categories of Personal Information Sold,1,ra4,3,sentence_in_annotation,C3PA_Dataset/Htmls/DB/188.html,C3PA_Dataset/Annotations/DB/188.csv
DB_188,DB_188_S53,"MaxMind uses cookies and other technologies to identify your device, identify authorized users of the MaxMind Account Portal, track affiliate referrals, complete online purchases through MaxMind's shopping carts, and similar Services monitoring activities.",MULTI_LABEL,Categories of Personal Information Collected;Categories of Personal Information Shared / Disclosed;Categories of Personal Information Sold,2,ra4;ra5,4,annotation_in_sentence,C3PA_Dataset/Htmls/DB/188.html,C3PA_Dataset/Annotations/DB/188.csv
DB_188,DB_188_S54,"MaxMind may also use web beacons, small graphic images or other web programming code (also known as ""1x1 GIFs"" or ""clear GIFs""), which may be included in our web pages and e-mail messages.",MULTI_LABEL,Categories of Personal Information Collected;Categories of Personal Information Shared / Disclosed;Categories of Personal Information Sold,2,ra1;ra4,4,annotation_in_sentence,C3PA_Dataset/Htmls/DB/188.html,C3PA_Dataset/Annotations/DB/188.csv
DB_188,DB_188_S56,"Web beacons or similar technologies may be used for a number of purposes, including, without limitation, to count visitors to the Services, to monitor how users navigate the Services, to count how many e-mails that were sent were actually opened or to count how many particular articles or links were actually viewed.",MULTI_LABEL,Categories of Personal Information Collected;Categories of Personal Information Shared / Disclosed;Categories of Personal Information Sold;Description of Right to Know PI Collected,3,ra1;ra4;ra5,6,annotation_in_sentence,C3PA_Dataset/Htmls/DB/188.html,C3PA_Dataset/Annotations/DB/188.csv
DB_188,DB_188_S129,Customers,MULTI_LABEL,Categories of Personal Information Collected;Categories of Personal Information Shared / Disclosed,1,ra5,2,sentence_in_annotation,C3PA_Dataset/Htmls/DB/188.html,C3PA_Dataset/Annotations/DB/188.csv
DB_188,DB_188_S150,MaxMind works with certain other parties (including analytics companies) to provide us with information regarding traffic on and use of the Services.,MULTI_LABEL,Categories of Personal Information Collected;Categories of Personal Information Shared / Disclosed;Categories of Personal Information Sold,1,ra4,3,annotation_in_sentence,C3PA_Dataset/Htmls/DB/188.html,C3PA_Dataset/Annotations/DB/188.csv
DB_188,DB_188_S260,"Right to Know, Correct, and Delete",MULTI_LABEL,Description of Right to Correct Information;Description of Right to Delete;Description of Right to Know PI Collected;Description of Right to Know PI sold / shared,2,ra1;ra4,7,annotation_in_sentence,C3PA_Dataset/Htmls/DB/188.html,C3PA_Dataset/Annotations/DB/188.csv
DB_188,DB_188_S269,"In addition, subject to exceptions, you have the right to correct or delete the personal information we have collected from you.",MULTI_LABEL,Description of Right to Correct Information;Description of Right to Delete,3,ra1;ra4;ra5,6,annotation_in_sentence,C3PA_Dataset/Htmls/DB/188.html,C3PA_Dataset/Annotations/DB/188.csv
DB_19,DB_19_S76,Data You or Our Customers Provide To Us,MULTI_LABEL,Categories of Personal Information Collected;Categories of Personal Information Shared / Disclosed;Categories of Personal Information Sold,1,ra4,3,sentence_in_annotation,C3PA_Dataset/Htmls/DB/19.html,C3PA_Dataset/Annotations/DB/19.csv
DB_19,DB_19_S82,"Shopping Data: Some Customers provide us with data about their buyers’ shopping habits, including non-financial transactional data, product codes and check-out activity in addition to the browsing data that we collect.",MULTI_LABEL,Categories of Personal Information Collected;Categories of Personal Information Shared / Disclosed;Categories of Personal Information Sold,1,ra4,3,annotation_in_sentence,C3PA_Dataset/Htmls/DB/19.html,C3PA_Dataset/Annotations/DB/19.csv
DB_19,DB_19_S91,Data We Receive in Our Corporate Capacity: We also collect data from our own Customers and visitors to our website(s).,MULTI_LABEL,Categories of Personal Information Collected;Categories of Personal Information Shared / Disclosed;Categories of Personal Information Sold,2,ra3;ra4,4,annotation_in_sentence,C3PA_Dataset/Htmls/DB/19.html,C3PA_Dataset/Annotations/DB/19.csv
DB_19,DB_19_S102,Activity on Customers’ Digital Properties: This is data about your browsing activity on a Customer’s website or application.,MULTI_LABEL,Categories of Personal Information Collected;Categories of Personal Information Shared / Disclosed;Categories of Personal Information Sold,1,ra4,3,annotation_in_sentence,C3PA_Dataset/Htmls/DB/19.html,C3PA_Dataset/Annotations/DB/19.csv
DB_19,DB_19_S108,"Campaign Performance Data: This data includes information about how well our Customers’ ads and campaigns have performed, whether on our platform or on other advertising platforms.",MULTI_LABEL,Categories of Personal Information Collected;Categories of Personal Information Shared / Disclosed;Categories of Personal Information Sold,2,ra3;ra4,4,annotation_in_sentence,C3PA_Dataset/Htmls/DB/19.html,C3PA_Dataset/Annotations/DB/19.csv
DB_19,DB_19_S117,Email Communications: Customers may provide us with access to their email communications from their prospects when they have engaged us to provide email marketing services.,MULTI_LABEL,Categories of Personal Information Collected;Categories of Personal Information Sold,2,ra4;ra5,2,annotation_in_sentence,C3PA_Dataset/Htmls/DB/19.html,C3PA_Dataset/Annotations/DB/19.csv
DB_19,DB_19_S124,We may also infer contact data based on email addresses and email naming conventions.,MULTI_LABEL,Categories of Personal Information Collected;Categories of Personal Information Shared / Disclosed;Categories of Personal Information Sold,1,ra4,3,annotation_in_sentence,C3PA_Dataset/Htmls/DB/19.html,C3PA_Dataset/Annotations/DB/19.csv
DB_19,DB_19_S154,"Reporting may include ad metrics, such as traffic on certain Digital Properties, measuring impact of campaigns, impressions (ads served), clicks (ads you clicked on) and conversions.",MULTI_LABEL,Categories of Personal Information Collected;Categories of Personal Information Shared / Disclosed;Categories of Personal Information Sold,1,ra4,3,annotation_in_sentence,C3PA_Dataset/Htmls/DB/19.html,C3PA_Dataset/Annotations/DB/19.csv
DB_19,DB_19_S157,Licensing Data:  When we receive an email address for a U.S. resident or obtain attribute data from third party data providers or derive an email address we may license that data to our Customers.,MULTI_LABEL,Categories of Personal Information Collected;Categories of Personal Information Shared / Disclosed;Categories of Personal Information Sold,2,ra4;ra5,4,annotation_in_sentence,C3PA_Dataset/Htmls/DB/19.html,C3PA_Dataset/Annotations/DB/19.csv
DB_190,DB_190_S197,"If as a Business Partner you wish to verify, correct, update or request the deactivation of your information, you may go to the Outbrain dashboard in order to edit your profile preferences or contact us at support@outbrain.com.",MULTI_LABEL,Description of Right to Correct Information;Description of Right to Delete;Methods to exercise rights,2,ra4;ra5,5,annotation_in_sentence,C3PA_Dataset/Htmls/DB/190.html,C3PA_Dataset/Annotations/DB/190.csv
DB_190,DB_190_S305,"(c) Personal information that we collect, use and share",MULTI_LABEL,Categories of Personal Information Collected;Categories of Personal Information Shared / Disclosed;Categories of Personal Information Sold,1,ra4,3,annotation_in_sentence,C3PA_Dataset/Htmls/DB/190.html,C3PA_Dataset/Annotations/DB/190.csv
DB_191,DB_191_S12,"You can access, delete and control certain uses of your information as explained below.",MULTI_LABEL,Categories of Personal Information Sold;Description of Right to Delete;Description of Right to Know PI Collected;Description of Right to Limit use of PI,2,ra1;ra5,6,annotation_in_sentence;sentence_in_annotation,C3PA_Dataset/Htmls/DB/191.html,C3PA_Dataset/Annotations/DB/191.csv
DB_191,DB_191_S35,"Use and Sharing of Personal Information:  We may use the personal information we collect for the following purposes, and have done so in the past:",MULTI_LABEL,Categories of Personal Information Collected;Categories of Personal Information Shared / Disclosed,1,ra1,2,annotation_in_sentence,C3PA_Dataset/Htmls/DB/191.html,C3PA_Dataset/Annotations/DB/191.csv
DB_191,DB_191_S36,· To sell to our direct marketing customers.,MULTI_LABEL,Categories of Personal Information Shared / Disclosed;Categories of Personal Information Sold,2,ra1;ra4,3,annotation_in_sentence,C3PA_Dataset/Htmls/DB/191.html,C3PA_Dataset/Annotations/DB/191.csv
DB_191,DB_191_S52,"Analytics and Tracking Technologies:Cookies and other Tracking Technologies –  We or our third-party partners may store some information on your device or device hard drive as a “cookie” or similar type of file (such as clear gifs, web beacons, tags, and similar technologies that work on mobile devices) to collect data related to usage of the Website and for the purpose of facilitating and enhancing your communication and interaction with the Website.",MULTI_LABEL,Categories of Personal Information Collected;Categories of Personal Information Shared / Disclosed,1,ra5,2,annotation_in_sentence,C3PA_Dataset/Htmls/DB/191.html,C3PA_Dataset/Annotations/DB/191.csv
DB_191,DB_191_S53,"Such data may include, without limitation, the address of the websites you visited before and after you visited the Website, the type of browser you are using, your Internet Protocol (IP) address, what pages in the Website you visit and what links you clicked on, and geolocation data.",MULTI_LABEL,Categories of Personal Information Collected;Categories of Personal Information Shared / Disclosed;Categories of Personal Information Sold,1,ra5,3,annotation_in_sentence,C3PA_Dataset/Htmls/DB/191.html,C3PA_Dataset/Annotations/DB/191.csv
DB_191,DB_191_S55,"However, some of the information we collect may include data, such as IP address data or the identifiers associated with your device that are unique to your computer or device (e.g., IDFA for iOS and Android ID for Android).",MULTI_LABEL,Categories of Personal Information Collected;Categories of Personal Information Shared / Disclosed;Categories of Personal Information Sold,1,ra5,3,annotation_in_sentence,C3PA_Dataset/Htmls/DB/191.html,C3PA_Dataset/Annotations/DB/191.csv
DB_191,DB_191_S65,"If you want to stop or restrict the placement of cookies or flush any cookies that may already be on your computer or device, please refer to and adjust your web browser preferences.",MULTI_LABEL,Description of Right to Opt-out of sale of PI;Methods to exercise rights,2,ra1;ra5,3,annotation_in_sentence,C3PA_Dataset/Htmls/DB/191.html,C3PA_Dataset/Annotations/DB/191.csv
DB_191,DB_191_S87,"You have the right to request that BH Marketing Group LLC dba US Marketing Group disclose certain information to you about our collection, use, disclosure or sale of your personal information over the past 12 months.",MULTI_LABEL,Categories of Personal Information Collected;Description of Right to Know PI sold / shared,1,ra1,2,annotation_in_sentence,C3PA_Dataset/Htmls/DB/191.html,C3PA_Dataset/Annotations/DB/191.csv
DB_191,DB_191_S93,· The categories of third-parties with whom we share that personal information.,MULTI_LABEL,Description of Right to Know PI Collected;Description of Right to Know PI sold / shared,2,ra1;ra5,2,annotation_in_sentence,C3PA_Dataset/Htmls/DB/191.html,C3PA_Dataset/Annotations/DB/191.csv
DB_192,DB_192_S377,We use and disclose certain of your sensitive personal information for OBA and cross-contextual behavioral advertising.,MULTI_LABEL,Categories of Personal Information Collected;Categories of Personal Information Shared / Disclosed;Categories of Personal Information Sold,3,ra1;ra4;ra5,5,annotation_in_sentence,C3PA_Dataset/Htmls/DB/192.html,C3PA_Dataset/Annotations/DB/192.csv
DB_193,DB_193_S76,To opt-out of this type of advertising please visit the Liveramp opt-out link here.,MULTI_LABEL,Description of Right to Non-discrimination on exercising rights;Methods to exercise rights,2,ra1;ra5,2,annotation_in_sentence,C3PA_Dataset/Htmls/DB/193.html,C3PA_Dataset/Annotations/DB/193.csv
DB_193,DB_193_S162,"Since most of the information we collect is pseudonymous and not connected to your name or email address, we may need to request additional information from you, such as your cookie or mobile advertising ID, to identify you and comply with your request.",MULTI_LABEL,Categories of Personal Information Collected;Methods to exercise rights,1,ra1,2,annotation_in_sentence,C3PA_Dataset/Htmls/DB/193.html,C3PA_Dataset/Annotations/DB/193.csv
DB_194,DB_194_S157,"CUSTOMER RECORDS: Paper and electronic customer records containing personal information, such as name, signature, address, telephone number, employment, bank account number, credit card number, debit card number, or any other payment information.",MULTI_LABEL,Categories of Personal Information Collected;Categories of Personal Information Shared / Disclosed,1,ra6,4,annotation_in_sentence,C3PA_Dataset/Htmls/DB/194.html,C3PA_Dataset/Annotations/DB/194.csv
DB_194,DB_194_S161,"PURCHASE HISTORY AND TENDENCIES: Commercial information, including products or services purchased, obtained, or considered, or other purchasing or consuming histories or tendencies.",MULTI_LABEL,Categories of Personal Information Collected;Categories of Personal Information Shared / Disclosed,1,ra6,4,annotation_in_sentence,C3PA_Dataset/Htmls/DB/194.html,C3PA_Dataset/Annotations/DB/194.csv
DB_194,DB_194_S173,"AUDIO/VISUAL: Audio, electronic, visual, thermal, olfactory, or similar information.",MULTI_LABEL,Categories of Personal Information Collected;Categories of Personal Information Shared / Disclosed,1,ra6,4,annotation_in_sentence,C3PA_Dataset/Htmls/DB/194.html,C3PA_Dataset/Annotations/DB/194.csv
DB_194,DB_194_S191,"PROTECTED CLASSIFICATIONS: Characteristics of protected classifications under California or federal law such as ethnicity, sex, age, religion, and national origin.",MULTI_LABEL,Categories of Personal Information Collected;Categories of Personal Information Shared / Disclosed;Categories of Personal Information Sold,1,ra6,4,annotation_in_sentence,C3PA_Dataset/Htmls/DB/194.html,C3PA_Dataset/Annotations/DB/194.csv
DB_195,DB_195_S186,"Specific to Google Analytics, opt-out by visiting https://tools.google.com/dlpage/gaoptout/",MULTI_LABEL,Description of Right to Opt-out of sale of PI;Methods to exercise rights,1,ra5,2,annotation_in_sentence,C3PA_Dataset/Htmls/DB/195.html,C3PA_Dataset/Annotations/DB/195.csv
DB_195,DB_195_S236,"Performing services, including maintaining or servicing accounts, providing customer service, processing or fulfilling orders and transactions, verifying Publisher information, processing payments, or providing analytic services.",MULTI_LABEL,Categories of Personal Information Shared / Disclosed;Categories of Personal Information Sold,1,ra5,2,annotation_in_sentence;sentence_in_annotation,C3PA_Dataset/Htmls/DB/195.html,C3PA_Dataset/Annotations/DB/195.csv
DB_195,DB_195_S263,"Publishers: We may disclose Personal Information that identifies a device or browser to Publishers and their service providers in order to provide the Sovrn Services, such as measuring the effectiveness of advertising, advertising attribution, and preventing advertising fraud, or to indicate Reader preferences for Interest-Based Advertising.",MULTI_LABEL,Categories of Personal Information Collected;Categories of Personal Information Sold,1,ra4,2,annotation_in_sentence,C3PA_Dataset/Htmls/DB/195.html,C3PA_Dataset/Annotations/DB/195.csv
DB_195,DB_195_S385,"Personal information “sold,” “shared” or disclosed, where ‘sale’ is defined under California law as disclosing a California resident’s Personal Information to a third party for monetary or other valuable consideration.",MULTI_LABEL,Categories of Personal Information Collected;Categories of Personal Information Shared / Disclosed;Categories of Personal Information Sold,1,ra1,3,annotation_in_sentence,C3PA_Dataset/Htmls/DB/195.html,C3PA_Dataset/Annotations/DB/195.csv
DB_196,DB_196_S71,"Device Information – information about the devices and software you use to access the Site – primarily the internet browser or mobile device that you use, the website or source that linked or referred you to the Site, your IP address or device ID (or other persistent identifier that uniquely identifies your computer or mobile device on the Internet), the operating system of your computer or mobile device, device screen size and other similar hardware and software information, and language preference",MULTI_LABEL,Categories of Personal Information Shared / Disclosed;Categories of Personal Information Sold,1,ra5,2,annotation_in_sentence;sentence_in_annotation,C3PA_Dataset/Htmls/DB/196.html,C3PA_Dataset/Annotations/DB/196.csv
DB_196,DB_196_S74,"We, or our authorized third parties, automatically collect log data when you access and use the Site for all Site Vistors, even if you have not created an account or logged in.",MULTI_LABEL,Categories of Personal Information Collected;Categories of Personal Information Shared / Disclosed,1,ra5,2,annotation_in_sentence,C3PA_Dataset/Htmls/DB/196.html,C3PA_Dataset/Annotations/DB/196.csv
DB_196,DB_196_S76,"Location Information – based on this Device and Usage Information – mainly IP address – we are also able to determine general location information (country, city).",MULTI_LABEL,Categories of Personal Information Collected;Categories of Personal Information Shared / Disclosed;Categories of Personal Information Sold,1,ra5,3,annotation_in_sentence,C3PA_Dataset/Htmls/DB/196.html,C3PA_Dataset/Annotations/DB/196.csv
DB_196,DB_196_S77,"We (and certain authorized third parties) uses cookies and similar technologies in order to collect Device, Usage and Location Information.",MULTI_LABEL,Categories of Personal Information Collected;Categories of Personal Information Shared / Disclosed,2,ra4;ra5,2,annotation_in_sentence,C3PA_Dataset/Htmls/DB/196.html,C3PA_Dataset/Annotations/DB/196.csv
DB_196,DB_196_S212,"Please note that any opt-out choice you exercise through these programs will apply to interest-based advertising by the third parties you select, but will still allow the collection of data for other purposes, including research, analytics, and internal operations.",MULTI_LABEL,Categories of Personal Information Collected;Description of Right to Opt-out of sale of PI;Methods to exercise rights,2,ra1;ra4,3,annotation_in_sentence,C3PA_Dataset/Htmls/DB/196.html,C3PA_Dataset/Annotations/DB/196.csv
DB_197,DB_197_S78,"If you are purchasing a recurring billing subscription, we store limited Billing Information (i.e., encrypted card information and expiration date).",MULTI_LABEL,Categories of Personal Information Collected;Categories of Personal Information Shared / Disclosed,1,ra5,2,annotation_in_sentence,C3PA_Dataset/Htmls/DB/197.html,C3PA_Dataset/Annotations/DB/197.csv
DB_197,DB_197_S139,"If you wish to not have this information used for the purpose of serving you targeted ads, you may opt-out by clicking here.",MULTI_LABEL,Description of Right to Opt-out of sale of PI;Methods to exercise rights,2,ra1;ra5,4,annotation_in_sentence,C3PA_Dataset/Htmls/DB/197.html,C3PA_Dataset/Annotations/DB/197.csv
DB_197,DB_197_S206,"If for any reason you are concerned about the personal information in your account, you may contact Customer Care to assist with updating your personal information in your account.",MULTI_LABEL,Description of Right to Correct Information;Methods to exercise rights,1,ra1,2,annotation_in_sentence,C3PA_Dataset/Htmls/DB/197.html,C3PA_Dataset/Annotations/DB/197.csv
DB_197,DB_197_S218,"Note that despite any request for removal of or change to personal information, we may need to retain certain information for recordkeeping purposes and there may also be residual information that will remain within our databases and other records, which will not be removed or changed.",MULTI_LABEL,Categories of Personal Information Collected;Description of Right to Correct Information;Description of Right to Delete,1,ra1,3,annotation_in_sentence,C3PA_Dataset/Htmls/DB/197.html,C3PA_Dataset/Annotations/DB/197.csv
DB_197,DB_197_S250,"If you wish to request removal of your information from our directory, please click here.",MULTI_LABEL,Description of Right to Delete;Methods to exercise rights,1,ra1,2,annotation_in_sentence,C3PA_Dataset/Htmls/DB/197.html,C3PA_Dataset/Annotations/DB/197.csv
DB_198,DB_198_S29,"In addition to disclosures of information in the ordinary course of business, we may disclose personal information as necessary to comply with a legal obligation or to respond to a regulator, such as in response to a subpoena.",MULTI_LABEL,Categories of Personal Information Shared / Disclosed;Categories of Personal Information Sold,3,ra1;ra5;ra6,4,annotation_in_sentence,C3PA_Dataset/Htmls/DB/198.html,C3PA_Dataset/Annotations/DB/198.csv
DB_198,DB_198_S36,SimioCloud gives consumers the opportunity to opt-out of our database at no cost.,MULTI_LABEL,Description of Right to Opt-out of sale of PI;Methods to exercise rights,2,ra1;ra6,2,annotation_in_sentence,C3PA_Dataset/Htmls/DB/198.html,C3PA_Dataset/Annotations/DB/198.csv
DB_199,DB_199_S303,The right to limit use and disclosure of sensitive personal information.,MULTI_LABEL,Description of Right to Know PI sold / shared;Description of Right to Limit use of PI,3,ra1;ra5;ra6,3,annotation_in_sentence;sentence_in_annotation,C3PA_Dataset/Htmls/DB/199.html,C3PA_Dataset/Annotations/DB/199.csv
DB_2,DB_2_S82,"The additional privacy protections provided by those laws include: including the right to know what information we collect, disclose, and sell; the right to access a copy of your data; the right to request deletion or correction of your data; and the right to opt out of the sale of your data or the sharing of your data for purposes of targeted behavioral advertising.",MULTI_LABEL,Description of Right to Correct Information;Description of Right to Delete;Description of Right to Know PI Collected;Description of Right to Know PI sold / shared;Description of Right to Opt-out of sale of PI,3,ra1;ra2;ra3,16,annotation_in_sentence,C3PA_Dataset/Htmls/DB/2.html,C3PA_Dataset/Annotations/DB/2.csv
DB_2,DB_2_S86,"We also don’t collect, use, or disclose any sensitive personal information, as defined under applicable state or federal law.",MULTI_LABEL,Categories of Personal Information Collected;Categories of Personal Information Shared / Disclosed;Categories of Personal Information Sold,1,ra3,3,annotation_in_sentence,C3PA_Dataset/Htmls/DB/2.html,C3PA_Dataset/Annotations/DB/2.csv
DB_20,DB_20_S105,"You have the right to request that Taboola provide you with access to the Personal Data we hold about you, correct your Personal Data, delete your Personal Data, and cease or restrict processing of your Personal Data.",MULTI_LABEL,Description of Right to Correct Information;Description of Right to Delete;Description of Right to Know PI Collected;Description of Right to Limit use of PI;Description of Right to Opt-out of sale of PI,2,ra1;ra3,7,annotation_in_sentence,C3PA_Dataset/Htmls/DB/20.html,C3PA_Dataset/Annotations/DB/20.csv
DB_200,DB_200_S220,Information,MULTI_LABEL,Categories of Personal Information Shared / Disclosed;Description of Right to Correct Information;Description of Right to Delete,1,ra5,3,sentence_in_annotation,C3PA_Dataset/Htmls/DB/200.html,C3PA_Dataset/Annotations/DB/200.csv
DB_202,DB_202_S33,"The information may also be used by third parties to whom we sell or transfer the information for purposes of their products and services, such as research, fraud detection, financial services and other lines of business.",MULTI_LABEL,Categories of Personal Information Shared / Disclosed;Categories of Personal Information Sold,1,ra4,2,annotation_in_sentence,C3PA_Dataset/Htmls/DB/202.html,C3PA_Dataset/Annotations/DB/202.csv
DB_202,DB_202_S34,"We may use your information to match it with other public and private data sources in order to enhance our records, such as appending additional information to your profile, or the records of our clients and business partners, such as providing them with your profile information to append to their existing records about you.",MULTI_LABEL,Categories of Personal Information Collected;Categories of Personal Information Shared / Disclosed,2,ra4;ra5,3,annotation_in_sentence,C3PA_Dataset/Htmls/DB/202.html,C3PA_Dataset/Annotations/DB/202.csv
DB_202,DB_202_S53,"In the preceding twelve (12) months, Datonics has sold the categories of personal information in the chart set forth above.",MULTI_LABEL,Categories of Personal Information Sold;Others,2,ra4;ra5,2,annotation_in_sentence,C3PA_Dataset/Htmls/DB/202.html,C3PA_Dataset/Annotations/DB/202.csv
DB_203,DB_203_S17,Sometimes we collect combinations of these types of information.,MULTI_LABEL,Categories of Personal Information Collected;Categories of Personal Information Shared / Disclosed,3,ra1;ra5;ra6,3,sentence_in_annotation,C3PA_Dataset/Htmls/DB/203.html,C3PA_Dataset/Annotations/DB/203.csv
DB_205,DB_205_S82,"We may share your Personal Information with third parties in certain circumstances, including as necessary to provide you with our Services or certain aspects thereof, or in our discretion to third parties for our or their own purposes.",MULTI_LABEL,Categories of Personal Information Collected;Categories of Personal Information Shared / Disclosed,2,ra4;ra5,3,annotation_in_sentence,C3PA_Dataset/Htmls/DB/205.html,C3PA_Dataset/Annotations/DB/205.csv
DB_205,DB_205_S84,"You may review and under certain circumstances, update your Personal Information by contacting us at privacy@hellofyllo.com.",MULTI_LABEL,Description of Right to Correct Information;Description of Right to Know PI Collected;Methods to exercise rights,3,ra1;ra4;ra5,8,annotation_in_sentence,C3PA_Dataset/Htmls/DB/205.html,C3PA_Dataset/Annotations/DB/205.csv
DB_205,DB_205_S116,"In addition to the information that we collect from you for our own Services, we may collect information from you for third parties for purposes such as ad targeting, optimization and reporting, as well as our other legitimate business purposes.",MULTI_LABEL,Categories of Personal Information Collected;Categories of Personal Information Shared / Disclosed;Categories of Personal Information Sold,2,ra1;ra4,3,annotation_in_sentence,C3PA_Dataset/Htmls/DB/205.html,C3PA_Dataset/Annotations/DB/205.csv
DB_205,DB_205_S130,"We use Business Information to create accounts for businesses, to communicate changes to the Services, to improve the Services, to provide anonymous reporting for our internal purposes and for reporting to third parties, and to market Fyllo products and services, and those services of our Partners to such businesses.",MULTI_LABEL,Categories of Personal Information Collected;Categories of Personal Information Shared / Disclosed;Categories of Personal Information Sold,1,ra4,3,annotation_in_sentence,C3PA_Dataset/Htmls/DB/205.html,C3PA_Dataset/Annotations/DB/205.csv
DB_205,DB_205_S148,"Business Information: We may sell or otherwise distribute to third parties any Business Information that you provide to us as we determine in our sole discretion, regardless of whether such Business Information is Personal Information or Non-Personal Information.",MULTI_LABEL,Categories of Personal Information Shared / Disclosed;Categories of Personal Information Sold,2,ra4;ra5,3,annotation_in_sentence,C3PA_Dataset/Htmls/DB/205.html,C3PA_Dataset/Annotations/DB/205.csv
DB_205,DB_205_S151,Please contact us at privacy@hellofyllo.com to initiate any deletion and prevent our further use or distribution of your Business Information.,MULTI_LABEL,Description of Right to Delete;Description of Right to Opt-out of sale of PI;Methods to exercise rights,1,ra5,3,annotation_in_sentence,C3PA_Dataset/Htmls/DB/205.html,C3PA_Dataset/Annotations/DB/205.csv
DB_205,DB_205_S158,You can opt-out of our sharing of your information with third parties for their unaffiliated marketing purposes using our Do Not Sell link.,MULTI_LABEL,Description of Right to Opt-out of sale of PI;Methods to exercise rights,2,ra1;ra5,4,annotation_in_sentence,C3PA_Dataset/Htmls/DB/205.html,C3PA_Dataset/Annotations/DB/205.csv
DB_206,DB_206_S34,USE OF INFORMATION.,MULTI_LABEL,Categories of Personal Information Collected;Categories of Personal Information Shared / Disclosed;Categories of Personal Information Sold,2,ra4;ra5,5,sentence_in_annotation,C3PA_Dataset/Htmls/DB/206.html,C3PA_Dataset/Annotations/DB/206.csv
DB_206,DB_206_S42,"(c)           We use the information provided to us to assist third parties to promote their and third-party campaigns, products, and services to consumer that might be of interest to consumer.",MULTI_LABEL,Categories of Personal Information Collected;Categories of Personal Information Shared / Disclosed;Categories of Personal Information Sold,1,ra4,3,annotation_in_sentence,C3PA_Dataset/Htmls/DB/206.html,C3PA_Dataset/Annotations/DB/206.csv
DB_206,DB_206_S44,"(e)          Third-parties will use the information when we share, or lease, it to provide consumer with their services and products.",MULTI_LABEL,Categories of Personal Information Shared / Disclosed;Categories of Personal Information Sold,2,ra4;ra5,3,annotation_in_sentence,C3PA_Dataset/Htmls/DB/206.html,C3PA_Dataset/Annotations/DB/206.csv
DB_206,DB_206_S51,We share all categories of information set out in this policy with third-party Service Providers we employ to perform technical or analytical functions on our behalf.,MULTI_LABEL,Categories of Personal Information Shared / Disclosed;Categories of Personal Information Sold,1,ra4,2,sentence_in_annotation,C3PA_Dataset/Htmls/DB/206.html,C3PA_Dataset/Annotations/DB/206.csv
DB_206,DB_206_S54,"We share all categories of information set out in this Privacy Policy with third-parties including unaffiliated entities, service providers, and data aggregators who will provide consumer with their marketing opportunities, products, or services.",MULTI_LABEL,Categories of Personal Information Shared / Disclosed;Categories of Personal Information Sold,2,ra1;ra4,3,sentence_in_annotation,C3PA_Dataset/Htmls/DB/206.html,C3PA_Dataset/Annotations/DB/206.csv
DB_207,DB_207_S24,"This data may include personal information about you such as your device identifiers, location, browsing history, and specific interests, and it may be collected from a variety of partners, such as Publishers operating news, dating, weather, health, retail, gaming, or streaming websites and apps.",MULTI_LABEL,Categories of Personal Information Shared / Disclosed;Categories of Personal Information Sold,1,ra5,2,annotation_in_sentence,C3PA_Dataset/Htmls/DB/207.html,C3PA_Dataset/Annotations/DB/207.csv
DB_207,DB_207_S26,"Using cookies and other persistent identifiers that track your online activity, we collect data about you across different websites and apps, and across different devices.",MULTI_LABEL,Categories of Personal Information Shared / Disclosed;Categories of Personal Information Sold,1,ra5,2,annotation_in_sentence,C3PA_Dataset/Htmls/DB/207.html,C3PA_Dataset/Annotations/DB/207.csv
DB_207,DB_207_S79,To understand your activity and preferences over time,MULTI_LABEL,Categories of Personal Information Collected;Categories of Personal Information Shared / Disclosed;Categories of Personal Information Sold,1,ra4,3,sentence_in_annotation,C3PA_Dataset/Htmls/DB/207.html,C3PA_Dataset/Annotations/DB/207.csv
DB_207,DB_207_S108,Some of these transfers of data may considered “sales” or “sharing” of data under privacy laws applicable to you; you can opt out of any “sales” or “sharing” of data by clicking here,MULTI_LABEL,Description of Right to Opt-out of sale of PI;Methods to exercise rights,1,ra5,2,annotation_in_sentence,C3PA_Dataset/Htmls/DB/207.html,C3PA_Dataset/Annotations/DB/207.csv
DB_207,DB_207_S165,"The Publishers and Advertising Partners we work with can also map their own unique identifiers against our OpenX identifier via a process called “cookie syncing,” so that they can use data they have collected independently on our Ad Exchange.",MULTI_LABEL,Categories of Personal Information Shared / Disclosed;Categories of Personal Information Sold,2,ra4;ra5,4,annotation_in_sentence,C3PA_Dataset/Htmls/DB/207.html,C3PA_Dataset/Annotations/DB/207.csv
DB_207,DB_207_S167,"For example, certain Advertising Partners may be more willing to serve you an advertisement for a particular product if they know, via insights learned from cookie syncing, that you have seen and clicked on advertisements for the same or similar products in the past.",MULTI_LABEL,Categories of Personal Information Collected;Categories of Personal Information Shared / Disclosed;Categories of Personal Information Sold,1,ra5,3,annotation_in_sentence,C3PA_Dataset/Htmls/DB/207.html,C3PA_Dataset/Annotations/DB/207.csv
DB_207,DB_207_S168,"We also use cookies for frequency capping, meaning that we may use data they collect to limit the number of times you see an advertisement, as well as to help measure the effectiveness of our Advertising Partners’ advertising campaigns.",MULTI_LABEL,Categories of Personal Information Collected;Categories of Personal Information Shared / Disclosed;Categories of Personal Information Sold,1,ra4,3,annotation_in_sentence,C3PA_Dataset/Htmls/DB/207.html,C3PA_Dataset/Annotations/DB/207.csv
DB_209,DB_209_S67,"If you do not wish to participate in any of Lucid’s online measurement and research services, please click here to receive an opt-out cookie.",MULTI_LABEL,Description of Right to Opt-out of sale of PI;Methods to exercise rights,2,ra1;ra5,3,annotation_in_sentence,C3PA_Dataset/Htmls/DB/209.html,C3PA_Dataset/Annotations/DB/209.csv
DB_209,DB_209_S74,"These third-party surveys or devices may use cookies, web beacons or other technology to collect information about your visits to our Sites (or other third-party sites) in order to present surveys that may be applicable to you.",MULTI_LABEL,Categories of Personal Information Shared / Disclosed;Categories of Personal Information Sold,1,ra4,2,annotation_in_sentence,C3PA_Dataset/Htmls/DB/209.html,C3PA_Dataset/Annotations/DB/209.csv
DB_209,DB_209_S85,Purpose & Use of Collected Personal Information,MULTI_LABEL,Categories of Personal Information Collected;Categories of Personal Information Shared / Disclosed;Categories of Personal Information Sold,2,ra1;ra4,4,annotation_in_sentence,C3PA_Dataset/Htmls/DB/209.html,C3PA_Dataset/Annotations/DB/209.csv
DB_209,DB_209_S94,"We may combine and synchronize information that your device transmits, information that you actively submit and information that we obtain from third party sources (including suppliers of market research sample and data marketing platforms that may direct you to our Sites to answer demographic questions about yourself in preparation for your completion of surveys, and web publishers, advertisers, data brokers and online service providers that may have obtained information from you or your devices via cookies, pixels,  and other tracking technologies).",MULTI_LABEL,Categories of Personal Information Collected;Categories of Personal Information Shared / Disclosed;Categories of Personal Information Sold,1,ra1,3,sentence_in_annotation,C3PA_Dataset/Htmls/DB/209.html,C3PA_Dataset/Annotations/DB/209.csv
DB_209,DB_209_S196,"If you register as a Buyer or Supplier, you can update, correct, or delete your user information and email subscription preferences by going to the log-in section of our Sites.",MULTI_LABEL,Description of Right to Correct Information;Description of Right to Delete;Methods to exercise rights,2,ra1;ra4,4,annotation_in_sentence,C3PA_Dataset/Htmls/DB/209.html,C3PA_Dataset/Annotations/DB/209.csv
DB_209,DB_209_S197,You have the right to access the Personal Information we hold about you.,MULTI_LABEL,Description of Right to Know PI Collected;Description of Right to Know PI sold / shared,3,ra1;ra4;ra5,4,annotation_in_sentence,C3PA_Dataset/Htmls/DB/209.html,C3PA_Dataset/Annotations/DB/209.csv
DB_209,DB_209_S199,"You have the right to correct, amend, or delete that information where it is inaccurate, or has been processed in violation of the Privacy Shield Principles, except where the burden or expense of providing access would be disproportionate to the risks to the individual’s privacy in the case in question, or where the rights of persons other than the individual would be violated.",MULTI_LABEL,Description of Right to Correct Information;Description of Right to Delete,2,ra1;ra5,4,annotation_in_sentence,C3PA_Dataset/Htmls/DB/209.html,C3PA_Dataset/Annotations/DB/209.csv
DB_211,DB_211_S38,"Information about you and your household, such as your adult household members’ dates of birth or age, gender and marital status, and your pets.",MULTI_LABEL,Categories of Personal Information Shared / Disclosed;Categories of Personal Information Sold,1,ra5,2,annotation_in_sentence,C3PA_Dataset/Htmls/DB/211.html,C3PA_Dataset/Annotations/DB/211.csv
DB_211,DB_211_S78,"As of January 1, 2023, the right to opt-out of sharing your personal information with third parties for the purposes of targeted behavioral advertising; and",MULTI_LABEL,Description of Right to Limit use of PI;Description of Right to Opt-out of sale of PI,3,ra1;ra4;ra5,4,annotation_in_sentence,C3PA_Dataset/Htmls/DB/211.html,C3PA_Dataset/Annotations/DB/211.csv
DB_211,DB_211_S79,"As of January 1, 2023, the right to request correction of inaccurate personal information and to request to limit disclosure or use of your sensitive personal information.",MULTI_LABEL,Description of Right to Correct Information;Description of Right to Limit use of PI,3,ra1;ra4;ra5,5,annotation_in_sentence,C3PA_Dataset/Htmls/DB/211.html,C3PA_Dataset/Annotations/DB/211.csv
DB_211,DB_211_S121,"We may collect PII, such as your name, email address, mailing address, telephone number, contact preferences, and other identifiers as part of our effort to transact business with you and to answer your inquiries.",MULTI_LABEL,Categories of Personal Information Shared / Disclosed;Categories of Personal Information Sold,1,ra5,2,annotation_in_sentence,C3PA_Dataset/Htmls/DB/211.html,C3PA_Dataset/Annotations/DB/211.csv
DB_212,DB_212_S86,You can opt-out of our marketing emails at any time (see the “WHAT ARE YOUR PRIVACY RIGHTS” below).,MULTI_LABEL,Description of Right to Opt-out of sale of PI;Methods to exercise rights,1,ra5,2,annotation_in_sentence,C3PA_Dataset/Htmls/DB/212.html,C3PA_Dataset/Annotations/DB/212.csv
DB_212,DB_212_S160,"These may include the right (i) to request access and obtain a copy of your personal information, (ii) to request rectification or erasure; (iii) to restrict the processing of your personal information; and (iv) if applicable, to data portability.",MULTI_LABEL,Description of Right to Correct Information;Description of Right to Delete;Description of Right to Know PI Collected,1,ra5,3,annotation_in_sentence,C3PA_Dataset/Htmls/DB/212.html,C3PA_Dataset/Annotations/DB/212.csv
DB_212,DB_212_S312,"Based on the applicable laws of your country, you may have the right to request access to the personal information we collect from you, change that information, or delete it in some circumstances.",MULTI_LABEL,Description of Right to Correct Information;Description of Right to Delete;Description of Right to Know PI Collected;Description of Right to Know PI sold / shared,2,ra1;ra5,7,annotation_in_sentence,C3PA_Dataset/Htmls/DB/212.html,C3PA_Dataset/Annotations/DB/212.csv
DB_213,DB_213_S73,"Information Visitors Choose to Share: We may collect your full name, physical address, telephone number, and email address if you provide it to us.",MULTI_LABEL,Categories of Personal Information Shared / Disclosed;Categories of Personal Information Sold,1,ra5,2,annotation_in_sentence,C3PA_Dataset/Htmls/DB/213.html,C3PA_Dataset/Annotations/DB/213.csv
DB_213,DB_213_S99,Interest-Based Audiences and Targeting Ads:,MULTI_LABEL,Categories of Personal Information Shared / Disclosed;Categories of Personal Information Sold,1,ra5,2,annotation_in_sentence,C3PA_Dataset/Htmls/DB/213.html,C3PA_Dataset/Annotations/DB/213.csv
DB_213,DB_213_S103,Ad Measurement:,MULTI_LABEL,Categories of Personal Information Shared / Disclosed;Categories of Personal Information Sold,1,ra5,2,annotation_in_sentence;sentence_in_annotation,C3PA_Dataset/Htmls/DB/213.html,C3PA_Dataset/Annotations/DB/213.csv
DB_214,DB_214_S44,You have the right to request access to your personal information.,MULTI_LABEL,Description of Right to Know PI Collected;Description of Right to Know PI sold / shared,3,ra1;ra5;ra6,4,annotation_in_sentence,C3PA_Dataset/Htmls/DB/214.html,C3PA_Dataset/Annotations/DB/214.csv
DB_214,DB_214_S48,You have the right to opt-out of sharing.,MULTI_LABEL,Description of Right to Opt-out of sale of PI;Others,3,ra1;ra5;ra6,3,annotation_in_sentence,C3PA_Dataset/Htmls/DB/214.html,C3PA_Dataset/Annotations/DB/214.csv
DB_216,DB_216_S18,"Purpose of Processing – Rhetorik processes this information so that it may be licenced on a subscription basis to organisations for their sales, marketing, analytical, or recruiting purposes, or to other organisations who may license it to their customers for the same purposes (“partners”).",MULTI_LABEL,Categories of Personal Information Collected;Categories of Personal Information Shared / Disclosed;Categories of Personal Information Sold,2,ra4;ra5,4,annotation_in_sentence,C3PA_Dataset/Htmls/DB/216.html,C3PA_Dataset/Annotations/DB/216.csv
DB_217,DB_217_S87,Identifiers of Contacts are sold and disclosed to Users.,MULTI_LABEL,Categories of Personal Information Shared / Disclosed;Categories of Personal Information Sold,2,ra4;ra5,3,annotation_in_sentence;sentence_in_annotation,C3PA_Dataset/Htmls/DB/217.html,C3PA_Dataset/Annotations/DB/217.csv
DB_217,DB_217_S102,Company name and job title for of Contacts are sold and disclosed to Users.,MULTI_LABEL,Categories of Personal Information Shared / Disclosed;Categories of Personal Information Sold,1,ra4,2,annotation_in_sentence,C3PA_Dataset/Htmls/DB/217.html,C3PA_Dataset/Annotations/DB/217.csv
DB_217,DB_217_S155,Profile information is sold and disclosed to Users.,MULTI_LABEL,Categories of Personal Information Shared / Disclosed;Categories of Personal Information Sold,1,ra4,2,annotation_in_sentence,C3PA_Dataset/Htmls/DB/217.html,C3PA_Dataset/Annotations/DB/217.csv
DB_218,DB_218_S49,How We Use the Information,MULTI_LABEL,Categories of Personal Information Collected;Categories of Personal Information Shared / Disclosed;Categories of Personal Information Sold,1,ra4,3,annotation_in_sentence,C3PA_Dataset/Htmls/DB/218.html,C3PA_Dataset/Annotations/DB/218.csv
DB_218,DB_218_S66,"3.How We Share Information with Customers, Third Parties, including Service Providers",MULTI_LABEL,Categories of Personal Information Shared / Disclosed;Categories of Personal Information Sold,1,ra4,2,annotation_in_sentence,C3PA_Dataset/Htmls/DB/218.html,C3PA_Dataset/Annotations/DB/218.csv
DB_218,DB_218_S81,"•First, if you would like to opt out, you may follow the link at thebottom of our website or click here: “Do Not Sell My Personal Information” to have your personal information removed from ourdatabase.",MULTI_LABEL,Description of Right to Opt-out of sale of PI;Methods to exercise rights,2,ra1;ra5,4,annotation_in_sentence,C3PA_Dataset/Htmls/DB/218.html,C3PA_Dataset/Annotations/DB/218.csv
DB_218,DB_218_S84,"•If you would like to opt-out of direct mail advertising in general, werecommend that you visit the DMA Choice website,at dmachoice.thedma.org.",MULTI_LABEL,Description of Right to Opt-out of sale of PI;Methods to exercise rights,2,ra1;ra5,3,annotation_in_sentence,C3PA_Dataset/Htmls/DB/218.html,C3PA_Dataset/Annotations/DB/218.csv
DB_218,DB_218_S87,"• If you wish to opt out of online targeted ads (sometimes referred to as “interest-based” or “personalized” advertising), you can visit the opt-out portals operated by the industry groups the National Advertising Initiative (NAI) or the Digital Advertising Alliance (DAA), and you can learn more about how those opt-outs work on those linked web pages.",MULTI_LABEL,Description of Right to Opt-out of sale of PI;Methods to exercise rights,3,ra1;ra4;ra5,4,annotation_in_sentence,C3PA_Dataset/Htmls/DB/218.html,C3PA_Dataset/Annotations/DB/218.csv
DB_218,DB_218_S98,"We may work with third parties or service providers to provide or enhance our services (e.g. for purposes of tailoring ads, or placing browser cookies), or to offer marketers ways to access or use our Information, often in de-identified form.",MULTI_LABEL,Categories of Personal Information Collected;Categories of Personal Information Shared / Disclosed,1,ra1,2,annotation_in_sentence,C3PA_Dataset/Htmls/DB/218.html,C3PA_Dataset/Annotations/DB/218.csv
DB_218,DB_218_S108,"We or our service providers, and other online marketing platforms that we or they work with, may use cookies to, among other things, “remember” you, determine visitor patterns and trends, collect information about your activities on our clients’ sites, or interact with the advertising you see.",MULTI_LABEL,Categories of Personal Information Collected;Categories of Personal Information Shared / Disclosed;Categories of Personal Information Sold,1,ra4,3,annotation_in_sentence,C3PA_Dataset/Htmls/DB/218.html,C3PA_Dataset/Annotations/DB/218.csv
DB_218,DB_218_S113,You may be able to set your browser to warn you before accepting certain cookies or to refuse certain cookies.,MULTI_LABEL,Description of Right to Opt-out of sale of PI;Methods to exercise rights,2,ra1;ra5,3,annotation_in_sentence,C3PA_Dataset/Htmls/DB/218.html,C3PA_Dataset/Annotations/DB/218.csv
DB_218,DB_218_S139,"For instance, we share the Information with tech and customer support providers, marketing and advertising providers, other data providers (such as to enhance or verify our Information), security and data hygiene vendors, payment vendors (as to our business to business information), and other companies that may help us deliver or develop Services.",MULTI_LABEL,Categories of Personal Information Shared / Disclosed;Categories of Personal Information Sold,1,ra5,2,sentence_in_annotation,C3PA_Dataset/Htmls/DB/218.html,C3PA_Dataset/Annotations/DB/218.csv
DB_218,DB_218_S189,"Our Business Purposes – our business purposes for (a) collecting and (b) sharing Personal Information, which are generally the same.",MULTI_LABEL,Categories of Personal Information Collected;Categories of Personal Information Shared / Disclosed;Categories of Personal Information Sold,1,ra1,3,annotation_in_sentence,C3PA_Dataset/Htmls/DB/218.html,C3PA_Dataset/Annotations/DB/218.csv
DB_218,DB_218_S278,Our Business Purposes for Collecting and Sharing Personal Information,MULTI_LABEL,Categories of Personal Information Collected;Categories of Personal Information Shared / Disclosed;Categories of Personal Information Sold,1,ra4,3,annotation_in_sentence,C3PA_Dataset/Htmls/DB/218.html,C3PA_Dataset/Annotations/DB/218.csv
DB_218,DB_218_S304,"California residents have the right to request that we disclose what personal information we collect from you, to delete that information, and to opt-out of the sale of your personal information, subject to certain restrictions and without being discriminated against for exercising these rights.",MULTI_LABEL,Description of Right to Delete;Description of Right to Know PI Collected;Description of Right to Non-discrimination on exercising rights;Description of Right to Opt-out of sale of PI,2,ra1;ra4,7,annotation_in_sentence,C3PA_Dataset/Htmls/DB/218.html,C3PA_Dataset/Annotations/DB/218.csv
DB_218,DB_218_S316,"California residents have the right to request that we disclose what categories of your personal information that we collect, use, or sell.",MULTI_LABEL,Description of Right to Know PI Collected;Description of Right to Know PI sold / shared,1,ra1,2,sentence_in_annotation,C3PA_Dataset/Htmls/DB/218.html,C3PA_Dataset/Annotations/DB/218.csv
DB_218,DB_218_S336,"Thus, if you want to avoid being placed in our database in the future, and avoid having your data “sold” to marketers, then you should exercise your “opt out” rights, described in section A above and on our “Do Not Sell My Personal Information” page: we will then maintain your information on a suppression list, to “suppress” your data if we later acquire it.",MULTI_LABEL,Categories of Personal Information Collected;Description of Right to Opt-out of sale of PI;Methods to exercise rights,2,ra1;ra5,3,annotation_in_sentence,C3PA_Dataset/Htmls/DB/218.html,C3PA_Dataset/Annotations/DB/218.csv
DB_219,DB_219_S140,The below table explains our practices in the preceding 12 months related to the categories and types of Personal Information that we collect about you and the categories of third parties that we disclosed and/or sold this information to.,MULTI_LABEL,Categories of Personal Information Collected;Categories of Personal Information Shared / Disclosed;Categories of Personal Information Sold,1,ra1,3,annotation_in_sentence,C3PA_Dataset/Htmls/DB/219.html,C3PA_Dataset/Annotations/DB/219.csv
DB_219,DB_219_S150,Personal Information listed in the California Customer Records statute (which may overlap with other categories),MULTI_LABEL,Categories of Personal Information Collected;Categories of Personal Information Shared / Disclosed;Categories of Personal Information Sold,1,ra1,3,annotation_in_sentence,C3PA_Dataset/Htmls/DB/219.html,C3PA_Dataset/Annotations/DB/219.csv
DB_221,DB_221_S237,"We analyze all new emails in your Inbox using automated algorithms and, in the event, they are received as answer to emails sent via campaigns and the single send email option, we will store them (with all text information, attaches, and images) and record the results of the analysis to provide accurate campaign functioning, campaign statistics, demonstrate the content of the emails to the user (to which Snovio does not have access), and ensure operability of the Remind Me feature in case the sent email receives no reply.",MULTI_LABEL,Categories of Personal Information Collected;Categories of Personal Information Shared / Disclosed,1,ra6,2,annotation_in_sentence,C3PA_Dataset/Htmls/DB/221.html,C3PA_Dataset/Annotations/DB/221.csv
DB_221,DB_221_S258,"If you do not want your personal data to be included as part of our service, you may opt-out by contacting us at help@snov.io or opt-out from all mailing lists on the Platform through this form.",MULTI_LABEL,Description of Right to Opt-out of sale of PI;Methods to exercise rights,1,ra5,2,annotation_in_sentence,C3PA_Dataset/Htmls/DB/221.html,C3PA_Dataset/Annotations/DB/221.csv
DB_221,DB_221_S331,"Notwithstanding any of the aforementioned periods of data storage, you may request to delete your personal data by sending us an email at help@snov.io or contacting us in another way convenient for you.",MULTI_LABEL,Description of Right to Delete;Methods to exercise rights,2,ra1;ra5,4,annotation_in_sentence,C3PA_Dataset/Htmls/DB/221.html,C3PA_Dataset/Annotations/DB/221.csv
DB_221,DB_221_S462,"Under the California Consumer Privacy Act (the “CCPA”), California residents have certain rights regarding our collection, use, and sharing of their personal information.",MULTI_LABEL,Description of Right to Know PI Collected;Description of Right to Know PI sold / shared,1,ra6,2,annotation_in_sentence,C3PA_Dataset/Htmls/DB/221.html,C3PA_Dataset/Annotations/DB/221.csv
DB_223,DB_223_S180,"To opt out of Tailored Advertising by VentiveIQ and other NAI member companies, please visit: https://optout.networkadvertising.org",MULTI_LABEL,Description of Right to Opt-out of sale of PI;Methods to exercise rights,2,ra4;ra5,3,annotation_in_sentence,C3PA_Dataset/Htmls/DB/223.html,C3PA_Dataset/Annotations/DB/223.csv
DB_224,DB_224_S8,"We do not sell, rent or trade your personal information.",MULTI_LABEL,Categories of Personal Information Shared / Disclosed;Categories of Personal Information Sold,3,ra1;ra4;ra5,5,annotation_in_sentence,C3PA_Dataset/Htmls/DB/224.html,C3PA_Dataset/Annotations/DB/224.csv
DB_224,DB_224_S11,"The individual information we collect through forms on our websites are used to: facilitate the online experience through enhanced navigation, answer inquiries, provide requested information, and improve the structure and content of the site.",MULTI_LABEL,Categories of Personal Information Shared / Disclosed;Categories of Personal Information Sold,1,ra1,2,annotation_in_sentence,C3PA_Dataset/Htmls/DB/224.html,C3PA_Dataset/Annotations/DB/224.csv
DB_224,DB_224_S37,"Redi Data does not sell, rent or otherwise transmit personal information to other organizations that it collects on this site.",MULTI_LABEL,Categories of Personal Information Shared / Disclosed;Categories of Personal Information Sold,2,ra4;ra5,4,annotation_in_sentence,C3PA_Dataset/Htmls/DB/224.html,C3PA_Dataset/Annotations/DB/224.csv
DB_224,DB_224_S74,"The Californian Consumer Privacy Act (CCPA) requires us to provide California residents with some additional information about the categories of personal information we collect, share, where we get that personal information, and how and why we use it.",MULTI_LABEL,Description of Right to Know PI Collected;Description of Right to Know PI sold / shared,2,ra1;ra5,4,annotation_in_sentence,C3PA_Dataset/Htmls/DB/224.html,C3PA_Dataset/Annotations/DB/224.csv
DB_224,DB_224_S89,"The right to access the specific pieces of their personal information we’ve collected and to request that we delete personal information, subject to certain exceptions (see below);",MULTI_LABEL,Description of Right to Delete;Description of Right to Know PI Collected;Description of Right to Know PI sold / shared,2,ra1;ra5,5,annotation_in_sentence,C3PA_Dataset/Htmls/DB/224.html,C3PA_Dataset/Annotations/DB/224.csv
DB_224,DB_224_S107,"Redi-Data does not sell, rent or otherwise transmit personal information to other organizations that it collects on this site.",MULTI_LABEL,Categories of Personal Information Shared / Disclosed;Categories of Personal Information Sold,3,ra1;ra4;ra5,6,sentence_in_annotation,C3PA_Dataset/Htmls/DB/224.html,C3PA_Dataset/Annotations/DB/224.csv
DB_225,DB_225_S3,We use this information in order to improve and customize your browsing experience and for analytics and metrics about our visitors both on this website and other media.,MULTI_LABEL,Categories of Personal Information Collected;Categories of Personal Information Shared / Disclosed;Categories of Personal Information Sold,1,ra1,3,annotation_in_sentence,C3PA_Dataset/Htmls/DB/225.html,C3PA_Dataset/Annotations/DB/225.csv
DB_225,DB_225_S13,"If you create an account, you will be asked to provide name and email address.",MULTI_LABEL,Categories of Personal Information Shared / Disclosed;Categories of Personal Information Sold,1,ra5,2,sentence_in_annotation,C3PA_Dataset/Htmls/DB/225.html,C3PA_Dataset/Annotations/DB/225.csv
DB_225,DB_225_S21,"If you subscribe to receive such communications, we will collect your email address.",MULTI_LABEL,Categories of Personal Information Shared / Disclosed;Categories of Personal Information Sold,1,ra5,2,sentence_in_annotation,C3PA_Dataset/Htmls/DB/225.html,C3PA_Dataset/Annotations/DB/225.csv
DB_225,DB_225_S23,"Download ReportIf you choose to download a report from the Lightcast website, we may collect your first and last name and email, along with your organization.",MULTI_LABEL,Categories of Personal Information Shared / Disclosed;Categories of Personal Information Sold,1,ra5,2,annotation_in_sentence,C3PA_Dataset/Htmls/DB/225.html,C3PA_Dataset/Annotations/DB/225.csv
DB_225,DB_225_S118,"The right to request what personal information (or what categories of personal information) of yours we have collected, used, disclosed, and sold within the 12 months preceding your request.",MULTI_LABEL,Description of Right to Know PI Collected;Description of Right to Know PI sold / shared,3,ra1;ra4;ra5,6,annotation_in_sentence;sentence_in_annotation,C3PA_Dataset/Htmls/DB/225.html,C3PA_Dataset/Annotations/DB/225.csv
DB_225,DB_225_S130,"If you request that we delete your information, we will no longer be able to provide you services and features that require your personal information, but we will not limit your access to any other features because of your request for information, request to delete, or request to opt out.",MULTI_LABEL,Description of Right to Delete;Description of Right to Non-discrimination on exercising rights,2,ra4;ra5,3,annotation_in_sentence;sentence_in_annotation,C3PA_Dataset/Htmls/DB/225.html,C3PA_Dataset/Annotations/DB/225.csv
DB_227,DB_227_S181,"Information collected via Mobile Devices: To provide location-based services on the mobile-optimized versions of products, we may collect and use precise location data, including the real-time geographic location of your mobile device or computer.",MULTI_LABEL,Categories of Personal Information Shared / Disclosed;Categories of Personal Information Sold,1,ra5,2,annotation_in_sentence,C3PA_Dataset/Htmls/DB/227.html,C3PA_Dataset/Annotations/DB/227.csv
DB_227,DB_227_S323,"In certain instances, the data collected will be used purely for internal compliance with applicable laws, unless further notice or consent requirements have been fulfilled.",MULTI_LABEL,Categories of Personal Information Collected;Categories of Personal Information Shared / Disclosed;Categories of Personal Information Sold,2,ra1;ra5,4,annotation_in_sentence,C3PA_Dataset/Htmls/DB/227.html,C3PA_Dataset/Annotations/DB/227.csv
DB_227,DB_227_S674,"Please see the Privacy Notice above under the section ""Our Purpose for Collecting Information”.",MULTI_LABEL,Categories of Personal Information Collected;Categories of Personal Information Shared / Disclosed;Categories of Personal Information Sold,2,ra1;ra6,4,annotation_in_sentence,C3PA_Dataset/Htmls/DB/227.html,C3PA_Dataset/Annotations/DB/227.csv
DB_228,DB_228_S44,You have a choice to opt-out from the digital advertising data that is gathered during your visit by clicking here.,MULTI_LABEL,Description of Right to Opt-out of sale of PI;Methods to exercise rights,1,ra5,2,annotation_in_sentence,C3PA_Dataset/Htmls/DB/228.html,C3PA_Dataset/Annotations/DB/228.csv
DB_228,DB_228_S62,We may send you promotional emails regarding special offers about our Services.,MULTI_LABEL,Categories of Personal Information Collected;Categories of Personal Information Shared / Disclosed,1,ra6,2,annotation_in_sentence,C3PA_Dataset/Htmls/DB/228.html,C3PA_Dataset/Annotations/DB/228.csv
DB_228,DB_228_S68,"In the event that we, or any of our businesses, are sold or disposed of as a going concern, whether by merger, sale of assets or otherwise, or in the event of an insolvency, bankruptcy or receivership, personal information may be one of the assets sold or merged in connection with that transaction.",MULTI_LABEL,Categories of Personal Information Shared / Disclosed;Categories of Personal Information Sold,1,ra6,2,annotation_in_sentence;sentence_in_annotation,C3PA_Dataset/Htmls/DB/228.html,C3PA_Dataset/Annotations/DB/228.csv
DB_228,DB_228_S80,"Removal: If you wish to delete your personal information in your account, you have the ability to do so online by logging into your account.",MULTI_LABEL,Description of Right to Delete;Methods to exercise rights,3,ra1;ra5;ra6,5,annotation_in_sentence,C3PA_Dataset/Htmls/DB/228.html,C3PA_Dataset/Annotations/DB/228.csv
DB_229,DB_229_S320,"Financial information, such as credit or debit card information (solely in relation to our B2B transactions with our customers).",MULTI_LABEL,Categories of Personal Information Collected;Categories of Personal Information Shared / Disclosed,1,ra6,2,annotation_in_sentence,C3PA_Dataset/Htmls/DB/229.html,C3PA_Dataset/Annotations/DB/229.csv
DB_229,DB_229_S325,"Commercial information and preferences, such as product purchase history, and contact information (name, job, title, work email, phone, and address) (solely in relation to our B2B transactions with our customers).",MULTI_LABEL,Categories of Personal Information Collected;Categories of Personal Information Shared / Disclosed,1,ra6,2,annotation_in_sentence,C3PA_Dataset/Htmls/DB/229.html,C3PA_Dataset/Annotations/DB/229.csv
DB_23,DB_23_S108,Pixel tags are used in combination with cookies to track the activity on a site by a particular device.,MULTI_LABEL,Categories of Personal Information Collected;Categories of Personal Information Shared / Disclosed;Categories of Personal Information Sold,1,ra4,3,annotation_in_sentence,C3PA_Dataset/Htmls/DB/23.html,C3PA_Dataset/Annotations/DB/23.csv
DB_23,DB_23_S371,"Our Business Purposes –  our business purposes for (a) collecting and (b) sharing Personal Information, which are generally the same.",MULTI_LABEL,Categories of Personal Information Collected;Categories of Personal Information Shared / Disclosed,1,ra3,2,annotation_in_sentence,C3PA_Dataset/Htmls/DB/23.html,C3PA_Dataset/Annotations/DB/23.csv
DB_23,DB_23_S485,"Without being discriminated against for exercising these rights, California residents have the right to request that we disclose what personal information we collect from you, to delete that information, and to opt-out of the sale of your personal information, subject to certain restrictions.",MULTI_LABEL,Description of Right to Delete;Description of Right to Know PI Collected;Description of Right to Non-discrimination on exercising rights;Description of Right to Opt-out of sale of PI,2,ra3;ra4,8,annotation_in_sentence,C3PA_Dataset/Htmls/DB/23.html,C3PA_Dataset/Annotations/DB/23.csv
DB_230,DB_230_S11,"When You Communicate with Us When you ask to be contacted or have questions about our products and services, we collect the following identifiers that may, alone or in combination with other information, constitute Personal Data:Name;",MULTI_LABEL,Categories of Personal Information Shared / Disclosed;Categories of Personal Information Sold,1,ra5,2,annotation_in_sentence,C3PA_Dataset/Htmls/DB/230.html,C3PA_Dataset/Annotations/DB/230.csv
DB_230,DB_230_S33,"By using a browser plugin available at http://www.google.com/ads/preferences/plugin/ provided by Google, you can opt out of Google Analytics.",MULTI_LABEL,Description of Right to Opt-out of sale of PI;Methods to exercise rights,1,ra5,2,sentence_in_annotation,C3PA_Dataset/Htmls/DB/230.html,C3PA_Dataset/Annotations/DB/230.csv
DB_230,DB_230_S76,To provide insights and data to our third-party partners for various commercial purposes;,MULTI_LABEL,Categories of Personal Information Shared / Disclosed;Categories of Personal Information Sold,2,ra4;ra5,3,annotation_in_sentence,C3PA_Dataset/Htmls/DB/230.html,C3PA_Dataset/Annotations/DB/230.csv
DB_230,DB_230_S105,"To request the disclosure of the business purpose for collecting or selling Personal Data; the categories of third parties with whom it is shared, and the categories of sources from which Personal Data is collected;",MULTI_LABEL,Description of Right to Know PI Collected;Description of Right to Know PI sold / shared,2,ra1;ra5,4,annotation_in_sentence;sentence_in_annotation,C3PA_Dataset/Htmls/DB/230.html,C3PA_Dataset/Annotations/DB/230.csv
DB_24,DB_24_S55,"We may transfer, sell or assign personal information to third parties as a result of a sale of all or substantially all of our assets relating to this portion of our business or in connection with a merger, consolidation, change in control, reorganization or liquidation.",MULTI_LABEL,Categories of Personal Information Shared / Disclosed;Categories of Personal Information Sold,2,ra1;ra3,4,annotation_in_sentence,C3PA_Dataset/Htmls/DB/24.html,C3PA_Dataset/Annotations/DB/24.csv
DB_25,DB_25_S37,These parties include such companies as software and hardware vendors and other information providers.,MULTI_LABEL,Categories of Personal Information Shared / Disclosed;Categories of Personal Information Sold,2,ra4;ra5,4,annotation_in_sentence,C3PA_Dataset/Htmls/DB/25.html,C3PA_Dataset/Annotations/DB/25.csv
DB_25,DB_25_S38,"BW may also provide aggregated information, such as the number of visitors to the Site or the results of a survey, with our partners and third parties to develop suggestions to improve our Site accessibility and the services provided on the Site.",MULTI_LABEL,Categories of Personal Information Shared / Disclosed;Categories of Personal Information Sold,2,ra4;ra5,2,annotation_in_sentence,C3PA_Dataset/Htmls/DB/25.html,C3PA_Dataset/Annotations/DB/25.csv
DB_25,DB_25_S65,"For more information about how Google Analytics collects and uses data when you use our Site, visit https://www.google.com/policies/privacy/partners/, and to opt out of Google Analytics, visit https://tools.google.com/dlpage/gaoptout/.",MULTI_LABEL,Description of Right to Opt-out of sale of PI;Methods to exercise rights,1,ra5,2,annotation_in_sentence,C3PA_Dataset/Htmls/DB/25.html,C3PA_Dataset/Annotations/DB/25.csv
DB_25,DB_25_S81,"The right to know the categories and specific pieces of personal information we may collect, use, disclose, and sell about you, the categories of sources from which we collected your personal information, our purposes for collecting or selling your personal information, the categories of your personal information that we have either sold or disclosed for a business purpose, and the categories of third parties with which we have shared personal information.",MULTI_LABEL,Description of Right to Know PI Collected;Description of Right to Know PI sold / shared,1,ra4,2,annotation_in_sentence,C3PA_Dataset/Htmls/DB/25.html,C3PA_Dataset/Annotations/DB/25.csv
DB_27,DB_27_S133,"The right to know the categories and specific pieces of personal information we collect, use, disclose, and sell about you, the categories of sources from which we collected your personal information, our purposes for collecting or selling your personal information, the categories of your personal information that we have either sold or disclosed for a business purpose, and the categories of third parties with which we have shared personal information.",MULTI_LABEL,Description of Right to Know PI Collected;Description of Right to Know PI sold / shared,2,ra1;ra3,4,annotation_in_sentence,C3PA_Dataset/Htmls/DB/27.html,C3PA_Dataset/Annotations/DB/27.csv
DB_28,DB_28_S63,"Data processing services may be performed on business or consumer/individual information, (known as “client information”) some of which may be personally identifiable.",MULTI_LABEL,Categories of Personal Information Collected;Categories of Personal Information Shared / Disclosed;Categories of Personal Information Sold,2,ra3;ra4,4,annotation_in_sentence,C3PA_Dataset/Htmls/DB/28.html,C3PA_Dataset/Annotations/DB/28.csv
DB_29,DB_29_S81,"To manage our customer, vendor and partner relationships.",MULTI_LABEL,Categories of Personal Information Shared / Disclosed;Categories of Personal Information Sold,2,ra4;ra5,3,annotation_in_sentence,C3PA_Dataset/Htmls/DB/29.html,C3PA_Dataset/Annotations/DB/29.csv
DB_29,DB_29_S181,"Access your Personal Information, rectify it, restrict or object to its processing, or request its deletion.",MULTI_LABEL,Description of Right to Correct Information;Description of Right to Delete;Description of Right to Know PI Collected;Description of Right to Know PI sold / shared;Description of Right to Limit use of PI,2,ra3;ra4,9,annotation_in_sentence,C3PA_Dataset/Htmls/DB/29.html,C3PA_Dataset/Annotations/DB/29.csv
DB_29,DB_29_S325,"Corporate Transactions: Evaluating or conducting a merger, divestiture, restructuring, reorganization, dissolution, or other sale or transfer of some or all of our assets, whether as a going concern or as part of bankruptcy, liquidation, or similar proceeding, in which Personal Information held by us about our web site users is among the assets transferred.",MULTI_LABEL,Categories of Personal Information Shared / Disclosed;Categories of Personal Information Sold,1,ra5,2,annotation_in_sentence,C3PA_Dataset/Htmls/DB/29.html,C3PA_Dataset/Annotations/DB/29.csv
DB_3,DB_3_S31,The categories of third parties with whom the business shares personal information.,MULTI_LABEL,Categories of Personal Information Shared / Disclosed;Description of Right to Know PI sold / shared,2,ra1;ra3,2,annotation_in_sentence,C3PA_Dataset/Htmls/DB/3.html,C3PA_Dataset/Annotations/DB/3.csv
DB_3,DB_3_S58,"Currently, the Company does not offer users a means by which to completely delete personal data in order to maintain a master suppression file.",MULTI_LABEL,Description of Right to Delete;Others,2,ra1;ra3,2,annotation_in_sentence,C3PA_Dataset/Htmls/DB/3.html,C3PA_Dataset/Annotations/DB/3.csv
DB_31,DB_31_S40,access your Personal Information;,MULTI_LABEL,Description of Right to Know PI Collected;Description of Right to Know PI sold / shared,3,ra1;ra2;ra3,4,annotation_in_sentence,C3PA_Dataset/Htmls/DB/31.html,C3PA_Dataset/Annotations/DB/31.csv
DB_31,DB_31_S45,receive your Personal Information in a usable electronic format and transmit it to a third party (right to data portability).,MULTI_LABEL,Categories of Personal Information Collected;Description of Right to Know PI Collected,2,ra1;ra3,2,annotation_in_sentence,C3PA_Dataset/Htmls/DB/31.html,C3PA_Dataset/Annotations/DB/31.csv
DB_31,DB_31_S110,"If you have interacted with ACBJ in other ways, such as by subscribing to or signing up for one of our business journals, services, or events, we may be selling your personal information in other ways, such as by sharing your name, email, or postal address with third parties for their marketing purposes.",MULTI_LABEL,Categories of Personal Information Collected;Categories of Personal Information Sold,2,ra1;ra2,2,annotation_in_sentence,C3PA_Dataset/Htmls/DB/31.html,C3PA_Dataset/Annotations/DB/31.csv
DB_32,DB_32_S40,"Commercial Information, such as products and services purchased from us through the use of our Sites.",MULTI_LABEL,Categories of Personal Information Shared / Disclosed;Categories of Personal Information Sold,1,ra5,2,annotation_in_sentence,C3PA_Dataset/Htmls/DB/32.html,C3PA_Dataset/Annotations/DB/32.csv
DB_32,DB_32_S42,"Internet or other Electronic Activity Information, such as your browsing history, search history, which pages you visit on the Sites, other pages you visit on the Internet, and which browser you used to view the Sites.",MULTI_LABEL,Categories of Personal Information Shared / Disclosed;Categories of Personal Information Sold,1,ra5,2,annotation_in_sentence,C3PA_Dataset/Htmls/DB/32.html,C3PA_Dataset/Annotations/DB/32.csv
DB_32,DB_32_S45,"Profile Information, such as information about your preferences and characteristics (including inferences drawn from other personal information).",MULTI_LABEL,Categories of Personal Information Collected;Categories of Personal Information Shared / Disclosed;Categories of Personal Information Sold,1,ra5,3,annotation_in_sentence,C3PA_Dataset/Htmls/DB/32.html,C3PA_Dataset/Annotations/DB/32.csv
DB_32,DB_32_S128,"The right to know and access your Personal Information, such as the categories of Personal Information we have collected, the sources of Personal Information, the purposes of collection, and how we used, disclosed, sold, or shared Personal Information;",MULTI_LABEL,Description of Right to Know PI Collected;Description of Right to Know PI sold / shared,2,ra3;ra4,4,annotation_in_sentence,C3PA_Dataset/Htmls/DB/32.html,C3PA_Dataset/Annotations/DB/32.csv
DB_33,DB_33_S47,"For example, you can ask us to show you what data we have about you, make us correct that data if it is inaccurate, and even ask us to delete or stop using the data.",MULTI_LABEL,Description of Right to Correct Information;Description of Right to Delete;Description of Right to Know PI Collected;Description of Right to Know PI sold / shared,2,ra1;ra5,8,annotation_in_sentence;sentence_in_annotation,C3PA_Dataset/Htmls/DB/33.html,C3PA_Dataset/Annotations/DB/33.csv
DB_33,DB_33_S164,"ask us to update, rectify, delete, opt-out of the sale of or block your Personal Data;",MULTI_LABEL,Description of Right to Correct Information;Description of Right to Delete;Description of Right to Opt-out of sale of PI,3,ra1;ra3;ra5,9,annotation_in_sentence,C3PA_Dataset/Htmls/DB/33.html,C3PA_Dataset/Annotations/DB/33.csv
DB_34,DB_34_S11,"When you visit our Web Site, we may also collect usage information describing how our website is used and navigated, including the number and frequency of visitors to each section of the Web Site and the length of their stay.",MULTI_LABEL,Categories of Personal Information Collected;Categories of Personal Information Shared / Disclosed;Categories of Personal Information Sold,1,ra5,3,sentence_in_annotation,C3PA_Dataset/Htmls/DB/34.html,C3PA_Dataset/Annotations/DB/34.csv
DB_35,DB_35_S107,advertise and market to you;,MULTI_LABEL,Categories of Personal Information Shared / Disclosed;Categories of Personal Information Sold,1,ra4,2,annotation_in_sentence,C3PA_Dataset/Htmls/DB/35.html,C3PA_Dataset/Annotations/DB/35.csv
DB_35,DB_35_S186,"You may request to access, correct, update or delete the personal information you have provided to us by clicking: Webform (you will be taken to a separate webpage).",MULTI_LABEL,Description of Right to Correct Information;Description of Right to Delete;Description of Right to Know PI Collected;Methods to exercise rights,2,ra3;ra4,5,annotation_in_sentence,C3PA_Dataset/Htmls/DB/35.html,C3PA_Dataset/Annotations/DB/35.csv
DB_36,DB_36_S63,"to serve targeted ads to you on behalf of our clients based on the information inferred as mentioned above and, on your location",MULTI_LABEL,Categories of Personal Information Shared / Disclosed;Categories of Personal Information Sold,2,ra4;ra5,3,annotation_in_sentence,C3PA_Dataset/Htmls/DB/36.html,C3PA_Dataset/Annotations/DB/36.csv
DB_36,DB_36_S67,to provide information and reports to our clients about the performance of the ads served via DSPs (Demand Side Platforms),MULTI_LABEL,Categories of Personal Information Shared / Disclosed;Categories of Personal Information Sold,2,ra4;ra5,3,annotation_in_sentence,C3PA_Dataset/Htmls/DB/36.html,C3PA_Dataset/Annotations/DB/36.csv
DB_36,DB_36_S174,"However, we may share or provide access to each of the categories of Personal Data we collect as necessary for our business purposes.",MULTI_LABEL,Categories of Personal Information Shared / Disclosed;Categories of Personal Information Sold;Methods to exercise rights,1,ra4,3,annotation_in_sentence,C3PA_Dataset/Htmls/DB/36.html,C3PA_Dataset/Annotations/DB/36.csv
DB_36,DB_36_S215,We also use this information to measure how effective our Services are and report to our clients.,MULTI_LABEL,Categories of Personal Information Shared / Disclosed;Categories of Personal Information Sold,1,ra4,2,annotation_in_sentence,C3PA_Dataset/Htmls/DB/36.html,C3PA_Dataset/Annotations/DB/36.csv
DB_37,DB_37_S130,Privacy Policy,MULTI_LABEL,Categories of Personal Information Collected;Categories of Personal Information Shared / Disclosed;Categories of Personal Information Sold,3,ra3;ra4;ra5,15,sentence_in_annotation,C3PA_Dataset/Htmls/DB/37.html,C3PA_Dataset/Annotations/DB/37.csv
DB_38,DB_38_S82,"learn about how we process personal information, including learning about the categories and specific pieces of personal information collected, the purposes for which the personal information is collected and shared, and the categories of parties that may receive personal information.",MULTI_LABEL,Description of Right to Know PI Collected;Description of Right to Know PI sold / shared,2,ra3;ra4,3,annotation_in_sentence,C3PA_Dataset/Htmls/DB/38.html,C3PA_Dataset/Annotations/DB/38.csv
DB_38,DB_38_S97,"Where required, we have implemented appropriate safeguards for such transfers.",MULTI_LABEL,Description of Right to Know PI Collected;Description of Right to Know PI sold / shared,1,ra2,2,annotation_in_sentence,C3PA_Dataset/Htmls/DB/38.html,C3PA_Dataset/Annotations/DB/38.csv
DB_38,DB_38_S119,"We will not deny you services for exercising your rights, though we may still provide a different level of service.",MULTI_LABEL,Description of Right to Non-discrimination on exercising rights;Methods to exercise rights,3,ra2;ra3;ra4,3,annotation_in_sentence;sentence_in_annotation,C3PA_Dataset/Htmls/DB/38.html,C3PA_Dataset/Annotations/DB/38.csv
DB_40,DB_40_S36,Cookies may also be used by our third-party providers to track how you use the Website to target ads to you on other websites.,MULTI_LABEL,Categories of Personal Information Shared / Disclosed;Categories of Personal Information Sold,1,ra4,2,annotation_in_sentence,C3PA_Dataset/Htmls/DB/40.html,C3PA_Dataset/Annotations/DB/40.csv
DB_41,DB_41_S7,WHAT DO WE DO?,MULTI_LABEL,Categories of Personal Information Collected;Categories of Personal Information Shared / Disclosed;Categories of Personal Information Sold,1,ra5,3,sentence_in_annotation,C3PA_Dataset/Htmls/DB/41.html,C3PA_Dataset/Annotations/DB/41.csv
DB_41,DB_41_S10,"The Services provided through the Platform allow you to determine what personal information you would like to share and be included in the compensation for the sale of your personal information to various third parties, including, but not limited to, brands, advertisers, ad agencies market researchers, banks, investment firms, and adtech platforms such as DSPs and data management platforms (collectively, the “Purchasers”) in accordance with the Terms and Conditions.",MULTI_LABEL,Categories of Personal Information Collected;Categories of Personal Information Shared / Disclosed;Categories of Personal Information Sold,2,ra4;ra5,5,annotation_in_sentence,C3PA_Dataset/Htmls/DB/41.html,C3PA_Dataset/Annotations/DB/41.csv
DB_41,DB_41_S13,"Purchasers generally use the Data to help tailor their marketing and advertising programs, deliver more relevant advertising messages, conduct market research and product development initiatives, and to better understand consumer perceptions and behaviors.",MULTI_LABEL,Categories of Personal Information Collected;Categories of Personal Information Shared / Disclosed;Categories of Personal Information Sold,2,ra4;ra5,4,annotation_in_sentence,C3PA_Dataset/Htmls/DB/41.html,C3PA_Dataset/Annotations/DB/41.csv
DB_41,DB_41_S44,"The Data is sold by Reklaim to Purchasers at fair market value, and in turn, a portion of this revenue is given to you.",MULTI_LABEL,Categories of Personal Information Shared / Disclosed;Categories of Personal Information Sold,1,ra4,2,annotation_in_sentence,C3PA_Dataset/Htmls/DB/41.html,C3PA_Dataset/Annotations/DB/41.csv
DB_41,DB_41_S50,"When you visit our corporate Websites (e.g., www.reklaimyours.com, https://www.investors.reklaimyours.com) or related websites (collectively, “Websites” and each, a “Website”), we may collect and store information related to the use of the Websites, such as IP Address and information pertaining to devices, network, protocols and software and the date and time of visits.",MULTI_LABEL,Categories of Personal Information Collected;Categories of Personal Information Shared / Disclosed;Categories of Personal Information Sold,1,ra5,3,annotation_in_sentence,C3PA_Dataset/Htmls/DB/41.html,C3PA_Dataset/Annotations/DB/41.csv
DB_41,DB_41_S55,Some of these companies may collect pseudonymous data on the Websites and mobile apps to serve targeted ads on other websites – a practice sometimes referred to as interest-based advertising.,MULTI_LABEL,Categories of Personal Information Shared / Disclosed;Categories of Personal Information Sold,1,ra4,2,annotation_in_sentence,C3PA_Dataset/Htmls/DB/41.html,C3PA_Dataset/Annotations/DB/41.csv
DB_41,DB_41_S75,CALIFORNIA DATA SUBJECTS,MULTI_LABEL,Description of Right to Delete;Description of Right to Know PI Collected;Description of Right to Know PI sold / shared;Description of Right to Opt-out of sale of PI,1,ra5,4,sentence_in_annotation,C3PA_Dataset/Htmls/DB/41.html,C3PA_Dataset/Annotations/DB/41.csv
DB_41,DB_41_S76,"The California Consumer Privacy Act (CCPA) provides additional privacy protections for California consumers, including a) the right to see what personal information we have about you, your computer or device (i.e., the right to know), b) the right to delete the information we have about you, your computer or device (i.e., the right to delete) and c) the right to opt-out of the sale of personal information about you, your computer or device to certain third parties (i.e., the right to opt-out from sales of your information).",MULTI_LABEL,Description of Right to Delete;Description of Right to Know PI Collected;Description of Right to Know PI sold / shared;Description of Right to Opt-out of sale of PI,2,ra3;ra4,7,annotation_in_sentence,C3PA_Dataset/Htmls/DB/41.html,C3PA_Dataset/Annotations/DB/41.csv
DB_41,DB_41_S79,"Under the CCPA, your request to see the personal information that we have about you may include: (1) specific pieces of personal information that we may have about you; (2) categories of personal information we have collected about you; (3) categories of sources from which the personal information is collected; (4) categories of personal information that we sold or disclosed for a business purpose about you; (5) categories of third parties to whom the personal information was sold or disclosed for a business purpose under the CCPA; and (6) the business or commercial purpose for collecting or selling personal information.",MULTI_LABEL,Description of Right to Know PI Collected;Description of Right to Know PI sold / shared,1,ra4,2,annotation_in_sentence,C3PA_Dataset/Htmls/DB/41.html,C3PA_Dataset/Annotations/DB/41.csv
DB_42,DB_42_S6,What information we collect;,MULTI_LABEL,Categories of Personal Information Collected;Description of Right to Know PI Collected,2,ra1;ra3,2,annotation_in_sentence,C3PA_Dataset/Htmls/DB/42.html,C3PA_Dataset/Annotations/DB/42.csv
DB_42,DB_42_S7,With whom it is shared;,MULTI_LABEL,Categories of Personal Information Shared / Disclosed;Description of Right to Know PI sold / shared,2,ra1;ra3,2,annotation_in_sentence,C3PA_Dataset/Htmls/DB/42.html,C3PA_Dataset/Annotations/DB/42.csv
DB_42,DB_42_S64,"Information about Collection, Sale or Disclosure: You have the right to be informed of the categories of Personal Information that we collect about you, the categories of sources from which the Personal Information was collected, the business or commercial purposes for which the Personal Information is used, disclosed, or sold, and the categories of third parties with whom we share the Personal Information, as set forth in this Policy.",MULTI_LABEL,Description of Right to Know PI Collected;Description of Right to Know PI sold / shared,1,ra1,2,annotation_in_sentence,C3PA_Dataset/Htmls/DB/42.html,C3PA_Dataset/Annotations/DB/42.csv
DB_43,DB_43_S67,"If you would like to opt-out of direct mail advertising in general, we recommend that you visit the DMA Choice website, at thedma.org.",MULTI_LABEL,Description of Right to Opt-out of sale of PI;Methods to exercise rights,1,ra5,2,annotation_in_sentence,C3PA_Dataset/Htmls/DB/43.html,C3PA_Dataset/Annotations/DB/43.csv
DB_43,DB_43_S69,"If you wish to opt out of online targeted ads (sometimes referred to as “interest-based” or “personalized” advertising), you can also visit the opt-out portals operated the industry groups the National Advertising Initiative (NAI) or the Digital Advertising Alliance (DAA), and you can learn more about how those opt-outs work on those linked web pages.",MULTI_LABEL,Description of Right to Opt-out of sale of PI;Methods to exercise rights,1,ra5,2,annotation_in_sentence,C3PA_Dataset/Htmls/DB/43.html,C3PA_Dataset/Annotations/DB/43.csv
DB_43,DB_43_S79,"We may work with third parties or service providers to provide or enhance our services (e.g. for purposes of tailoring ads, or placing browser cookies), or to offer marketers ways to access or use our Information, often in de-identified form.",MULTI_LABEL,Categories of Personal Information Collected;Categories of Personal Information Shared / Disclosed;Categories of Personal Information Sold,2,ra4;ra5,5,annotation_in_sentence,C3PA_Dataset/Htmls/DB/43.html,C3PA_Dataset/Annotations/DB/43.csv
DB_43,DB_43_S81,"Those partners may, likewise, collect various types of information about your browser, device, or browsing activities through use of these cookies.",MULTI_LABEL,Categories of Personal Information Collected;Categories of Personal Information Shared / Disclosed;Categories of Personal Information Sold,2,ra4;ra5,4,annotation_in_sentence,C3PA_Dataset/Htmls/DB/43.html,C3PA_Dataset/Annotations/DB/43.csv
DB_43,DB_43_S83,Cookies are stored on your computer or other device and act as tags that identify your device.,MULTI_LABEL,Categories of Personal Information Collected;Categories of Personal Information Shared / Disclosed,1,ra5,2,annotation_in_sentence,C3PA_Dataset/Htmls/DB/43.html,C3PA_Dataset/Annotations/DB/43.csv
DB_43,DB_43_S84,Our (or other companies’) servers send your device a cookie when you visit a website.,MULTI_LABEL,Categories of Personal Information Collected;Categories of Personal Information Shared / Disclosed;Categories of Personal Information Sold,1,ra5,3,annotation_in_sentence,C3PA_Dataset/Htmls/DB/43.html,C3PA_Dataset/Annotations/DB/43.csv
DB_43,DB_43_S86,"When you access web pages (such as the website of a marketer), pixel tags may generate a generic notice of the visit and permit our partners (or sometimes, us) to read the cookies that a respective company or server has deployed.",MULTI_LABEL,Categories of Personal Information Collected;Categories of Personal Information Shared / Disclosed;Categories of Personal Information Sold,1,ra5,3,sentence_in_annotation,C3PA_Dataset/Htmls/DB/43.html,C3PA_Dataset/Annotations/DB/43.csv
DB_43,DB_43_S89,"We or our service providers, and other online marketing platforms that we or they work with, may use cookies to, among other things, “remember” you, determine visitor patterns and trends, collect information about your activities on our clients’ sites, or interact with the advertising you see.",MULTI_LABEL,Categories of Personal Information Collected;Categories of Personal Information Shared / Disclosed;Categories of Personal Information Sold,1,ra4,3,annotation_in_sentence,C3PA_Dataset/Htmls/DB/43.html,C3PA_Dataset/Annotations/DB/43.csv
DB_43,DB_43_S108,"Send you offers and ads for products and services of partner brands, or other offers we believe may be of interest to you, such as invitations to events and webinars.",MULTI_LABEL,Categories of Personal Information Shared / Disclosed;Categories of Personal Information Sold,1,ra4,2,annotation_in_sentence,C3PA_Dataset/Htmls/DB/43.html,C3PA_Dataset/Annotations/DB/43.csv
DB_43,DB_43_S172,"Our Business Purposes –  our business purposes for (a) collecting and (b) sharing Personal Information, which are generally the same.",MULTI_LABEL,Categories of Personal Information Collected;Categories of Personal Information Shared / Disclosed,1,ra3,2,annotation_in_sentence,C3PA_Dataset/Htmls/DB/43.html,C3PA_Dataset/Annotations/DB/43.csv
DB_43,DB_43_S264,"·         Assisting our Clients through our Services to provide their current and prospective customers with better service, improved offerings, and special promotions, for instance, advising on which current or prospective customers are most likely to be interested (or disinterested) in certain offers.",MULTI_LABEL,Categories of Personal Information Shared / Disclosed;Categories of Personal Information Sold,1,ra5,2,sentence_in_annotation,C3PA_Dataset/Htmls/DB/43.html,C3PA_Dataset/Annotations/DB/43.csv
DB_43,DB_43_S305,"Where you have requested that we delete personal information that we have collected from you, we will seek to confirm whether your request is for an “opt out” or a “deletion”: because “opt out” or “do not sell” rights enable us to maintain your information for “suppression” purposes – i.e., to prevent us from selling information about you in the future (which is what many consumers requesting “deletion” actually desire to occur), we try to explain this in order to ensure we are meeting consumers’ preferences.",MULTI_LABEL,Description of Right to Delete;Description of Right to Opt-out of sale of PI,1,ra5,2,annotation_in_sentence,C3PA_Dataset/Htmls/DB/43.html,C3PA_Dataset/Annotations/DB/43.csv
DB_45,DB_45_S76,"These Tracking Technologies may include first party cookies (i.e., those placed by the website being visited) and third party cookies (i.e., those placed by a website other than the one being visited), local shared objects (commonly referred to as “Flash Cookies” or “HTML 5 Cookies”) and tracking pixels (including transparent or clear gifs).",MULTI_LABEL,Categories of Personal Information Shared / Disclosed;Categories of Personal Information Sold,1,ra4,2,annotation_in_sentence,C3PA_Dataset/Htmls/DB/45.html,C3PA_Dataset/Annotations/DB/45.csv
DB_45,DB_45_S102,Behavioral advertising cookies analyze information about your interests and your browsing history and provide you with advertisements on and off our network that match these interests.,MULTI_LABEL,Categories of Personal Information Collected;Categories of Personal Information Shared / Disclosed,1,ra5,2,annotation_in_sentence,C3PA_Dataset/Htmls/DB/45.html,C3PA_Dataset/Annotations/DB/45.csv
DB_45,DB_45_S267,"To request a list of the names and addresses of third parties to whom we disclosed such information during the preceding calendar year along with a list of the categories of information disclosed, please send an email to privacy@techtarget.com or write to us at the address listed in Section 16 below.",MULTI_LABEL,Description of Right to Know PI Collected;Description of Right to Know PI sold / shared;Methods to exercise rights,2,ra3;ra5,4,annotation_in_sentence,C3PA_Dataset/Htmls/DB/45.html,C3PA_Dataset/Annotations/DB/45.csv
DB_46,DB_46_S14,"Such information may include, but is not limited to, your name, email address, street address, zip code, telephone number(s) (including mobile phone number(s) and carriers), birth date, gender, salary range, education and marital status, occupation, industry of employment, personal and online interests, and such other information as you may have provided to the third party.",MULTI_LABEL,Categories of Personal Information Collected;Categories of Personal Information Shared / Disclosed;Categories of Personal Information Sold,1,ra5,3,annotation_in_sentence,C3PA_Dataset/Htmls/DB/46.html,C3PA_Dataset/Annotations/DB/46.csv
DB_46,DB_46_S40,"This information may include the URL that you just came from (whether this URL is on our website or not), which URL you next go to (whether this URL is on our website or not), your computer browser information, and your IP address.",MULTI_LABEL,Categories of Personal Information Collected;Categories of Personal Information Shared / Disclosed;Categories of Personal Information Sold,1,ra5,3,annotation_in_sentence,C3PA_Dataset/Htmls/DB/46.html,C3PA_Dataset/Annotations/DB/46.csv
DB_46,DB_46_S49,"For instance, Company may accumulate visitor data relating to referring domain names, the type of browsers used, operating system software, screen resolutions, color capabilities, browser plug-ins, language settings, cookie preferences, search engine keywords and JavaScript enablement.",MULTI_LABEL,Categories of Personal Information Collected;Categories of Personal Information Shared / Disclosed;Categories of Personal Information Sold,1,ra5,3,annotation_in_sentence,C3PA_Dataset/Htmls/DB/46.html,C3PA_Dataset/Annotations/DB/46.csv
DB_46,DB_46_S74,"If you would like to correct or be removed from our client database, please contact us at privacyofficer@therooftop.io.",MULTI_LABEL,Description of Right to Correct Information;Description of Right to Delete;Description of Right to Opt-out of sale of PI;Methods to exercise rights,2,ra4;ra5,5,annotation_in_sentence,C3PA_Dataset/Htmls/DB/46.html,C3PA_Dataset/Annotations/DB/46.csv
DB_46,DB_46_S75,"If you wish to review the PII related to you which has been collected by Company on our websites, please provide the request in writing to privacyofficer@therooftop.io.",MULTI_LABEL,Description of Right to Know PI Collected;Description of Right to Know PI sold / shared;Methods to exercise rights,2,ra4;ra5,4,annotation_in_sentence;sentence_in_annotation,C3PA_Dataset/Htmls/DB/46.html,C3PA_Dataset/Annotations/DB/46.csv
DB_47,DB_47_S13,Personal Information.,MULTI_LABEL,Categories of Personal Information Collected;Description of Right to Delete;Description of Right to Know PI Collected;Description of Right to Know PI sold / shared;Description of Right to Opt-out of sale of PI;Methods to exercise rights,3,ra1;ra2;ra5,10,sentence_in_annotation,C3PA_Dataset/Htmls/DB/47.html,C3PA_Dataset/Annotations/DB/47.csv
DB_47,DB_47_S80,We use various ad services provided by Google that connects the activity on our Website with their advertising network and they may use cookies that collects information regarding certain patterns in your browsing history.,MULTI_LABEL,Categories of Personal Information Collected;Categories of Personal Information Shared / Disclosed;Categories of Personal Information Sold,1,ra4,3,annotation_in_sentence,C3PA_Dataset/Htmls/DB/47.html,C3PA_Dataset/Annotations/DB/47.csv
DB_47,DB_47_S86,"Google utilizes the data collected through its cookies to track and examine the use of this site, to prepare reports on its activities, and to share them with other Google services.",MULTI_LABEL,Categories of Personal Information Shared / Disclosed;Categories of Personal Information Sold,1,ra4,2,annotation_in_sentence,C3PA_Dataset/Htmls/DB/47.html,C3PA_Dataset/Annotations/DB/47.csv
DB_47,DB_47_S124,Promotions and Communications with You.,MULTI_LABEL,Categories of Personal Information Shared / Disclosed;Categories of Personal Information Sold,1,ra4,2,sentence_in_annotation,C3PA_Dataset/Htmls/DB/47.html,C3PA_Dataset/Annotations/DB/47.csv
DB_48,DB_48_S158,The California “Shine the Light” law permits Users who are California residents to request information regarding our disclosure of their Information to third parties including the categories of Information shared and a list of the names and addresses of third parties with whom the Information was shared.,MULTI_LABEL,Categories of Personal Information Shared / Disclosed;Description of Right to Know PI Collected,1,ra3,2,annotation_in_sentence,C3PA_Dataset/Htmls/DB/48.html,C3PA_Dataset/Annotations/DB/48.csv
DB_48,DB_48_S191,"To publish, sell, or otherwise make available to third parties aggregate survey data or survey data analysis that incorporates Information;",MULTI_LABEL,Categories of Personal Information Shared / Disclosed;Categories of Personal Information Sold,1,ra4,2,annotation_in_sentence,C3PA_Dataset/Htmls/DB/48.html,C3PA_Dataset/Annotations/DB/48.csv
DB_49,DB_49_S121,Experian and the Experian trademarks used herein are trademarks or registered trademarks of Experian.,MULTI_LABEL,Categories of Personal Information Collected;Categories of Personal Information Shared / Disclosed;Categories of Personal Information Sold,1,ra2,6,annotation_in_sentence,C3PA_Dataset/Htmls/DB/49.html,C3PA_Dataset/Annotations/DB/49.csv
DB_51,DB_51_S25,"We may use Google Analytics, a third-party provider of analytics tools, or a similar third-party service to analyze information about visits to our websites.",MULTI_LABEL,Categories of Personal Information Shared / Disclosed;Categories of Personal Information Sold,1,ra4,2,annotation_in_sentence,C3PA_Dataset/Htmls/DB/51.html,C3PA_Dataset/Annotations/DB/51.csv
DB_51,DB_51_S34,"Third parties, including our service providers or marketing partners, may collect information about you as a visitor to our website over time and/or across different websites when you use our website.",MULTI_LABEL,Categories of Personal Information Shared / Disclosed;Categories of Personal Information Sold,1,ra4,2,annotation_in_sentence,C3PA_Dataset/Htmls/DB/51.html,C3PA_Dataset/Annotations/DB/51.csv
DB_52,DB_52_S149,"Wherever we collect sensitive information (such as credit card data), that information is encrypted and transmitted to our third-party processing servers (either PayPal or Amazon Pay) in a secure way.",MULTI_LABEL,Categories of Personal Information Collected;Categories of Personal Information Shared / Disclosed,1,ra1,2,annotation_in_sentence,C3PA_Dataset/Htmls/DB/52.html,C3PA_Dataset/Annotations/DB/52.csv
DB_53,DB_53_S48,"MCH collects information that is licenses to businesses for marketing, sales and analytic purposes.",MULTI_LABEL,Categories of Personal Information Shared / Disclosed;Categories of Personal Information Sold,1,ra4,2,annotation_in_sentence,C3PA_Dataset/Htmls/DB/53.html,C3PA_Dataset/Annotations/DB/53.csv
DB_53,DB_53_S60,"You have the “Right to Know” or the “Right to Access Information About Collection, Disclosure and Sale of your Personal Information” over the past 12 months.",MULTI_LABEL,Description of Right to Know PI Collected;Description of Right to Know PI sold / shared,1,ra5,2,annotation_in_sentence,C3PA_Dataset/Htmls/DB/53.html,C3PA_Dataset/Annotations/DB/53.csv
DB_54,DB_54_S77,"Provide you with the information, products, or services you request from us.",MULTI_LABEL,Categories of Personal Information Collected;Categories of Personal Information Sold,1,ra4,2,annotation_in_sentence,C3PA_Dataset/Htmls/DB/54.html,C3PA_Dataset/Annotations/DB/54.csv
DB_54,DB_54_S78,"Fulfill the reason you provided the information, such as connecting you with a company that will provide services that you are interested in.",MULTI_LABEL,Categories of Personal Information Collected;Categories of Personal Information Sold,1,ra4,2,annotation_in_sentence,C3PA_Dataset/Htmls/DB/54.html,C3PA_Dataset/Annotations/DB/54.csv
DB_54,DB_54_S120,"You have the right to request that OnCore disclose what personal information we collect, use, and disclose.",MULTI_LABEL,Description of Right to Know PI Collected;Description of Right to Know PI sold / shared,1,ra3,2,annotation_in_sentence,C3PA_Dataset/Htmls/DB/54.html,C3PA_Dataset/Annotations/DB/54.csv
DB_55,DB_55_S156,In aggregate or otherwise anonymized form to third parties or publicly.,MULTI_LABEL,Categories of Personal Information Shared / Disclosed;Categories of Personal Information Sold,2,ra4;ra5,2,annotation_in_sentence,C3PA_Dataset/Htmls/DB/55.html,C3PA_Dataset/Annotations/DB/55.csv
DB_58,DB_58_S977,Serving Ads: To allow us to offer advertising inventory in the Products and to fill that inventory with relevant ads.,MULTI_LABEL,Categories of Personal Information Shared / Disclosed;Categories of Personal Information Sold,1,ra4,4,annotation_in_sentence,C3PA_Dataset/Htmls/DB/58.html,C3PA_Dataset/Annotations/DB/58.csv
DB_59,DB_59_S47,"By using cookies, Google Analytics collects and stores data such as time of visit, pages visited, time spent on each page of the Website, the Internet Protocol address, and the type of operating system used in the devices used to access the Website.",MULTI_LABEL,Categories of Personal Information Shared / Disclosed;Categories of Personal Information Sold,1,ra4,2,annotation_in_sentence,C3PA_Dataset/Htmls/DB/59.html,C3PA_Dataset/Annotations/DB/59.csv
DB_59,DB_59_S269,"From time-to-time, we may engage third parties to track and analyze usage and volume statistical information from individuals who visit the Website.",MULTI_LABEL,Categories of Personal Information Collected;Categories of Personal Information Shared / Disclosed,1,ra4,2,sentence_in_annotation,C3PA_Dataset/Htmls/DB/59.html,C3PA_Dataset/Annotations/DB/59.csv
DB_61,DB_61_S112,"You have the right to access and correct, or delete your Personal Information and privacy preferences at any time.",MULTI_LABEL,Description of Right to Correct Information;Description of Right to Delete;Description of Right to Know PI Collected,1,ra4,3,annotation_in_sentence,C3PA_Dataset/Htmls/DB/61.html,C3PA_Dataset/Annotations/DB/61.csv
DB_62,DB_62_S32,"We collect (and during the last 12 months have collected) the following categories of personal information, from the following categories of sources, and for the following business or commercial purposes:",MULTI_LABEL,Categories of Personal Information Collected;Categories of Personal Information Shared / Disclosed;Categories of Personal Information Sold,1,ra4,3,annotation_in_sentence,C3PA_Dataset/Htmls/DB/62.html,C3PA_Dataset/Annotations/DB/62.csv
DB_62,DB_62_S41,"Licensed Data: we use such information for our operational and commercial purposes, including (i) to provide targeted advertising, analytics, measurement, planning, and reporting services to our Customers and (ii) “selling” (as defined by CCPA) such personal information to (a) our advertiser and agency Customers in connection with their (and, in the case of agency Customers, their respective customers’) marketing and advertising activities (including targeted advertising) and (b) third-party data brokers that may further sell such personal information to their customers in connection with such customers’ marketing and advertising activities (including targeted advertising)",MULTI_LABEL,Categories of Personal Information Collected;Categories of Personal Information Shared / Disclosed;Categories of Personal Information Sold,1,ra4,3,annotation_in_sentence,C3PA_Dataset/Htmls/DB/62.html,C3PA_Dataset/Annotations/DB/62.csv
DB_63,DB_63_S189,"When we process data on behalf of others, we use and share that data at our clients’ request.",MULTI_LABEL,Categories of Personal Information Shared / Disclosed;Categories of Personal Information Sold,1,ra3,2,annotation_in_sentence,C3PA_Dataset/Htmls/DB/63.html,C3PA_Dataset/Annotations/DB/63.csv
DB_63,DB_63_S220,Civis uses personal data mainly for our clients’ purposes.,MULTI_LABEL,Categories of Personal Information Shared / Disclosed;Categories of Personal Information Sold,1,ra4,3,annotation_in_sentence,C3PA_Dataset/Htmls/DB/63.html,C3PA_Dataset/Annotations/DB/63.csv
DB_63,DB_63_S278,"We or our service providers may use cookies to track user activities on our site and services, such as the web pages you view and time you spend on those pages.",MULTI_LABEL,Categories of Personal Information Collected;Categories of Personal Information Shared / Disclosed;Categories of Personal Information Sold,1,ra4,3,annotation_in_sentence,C3PA_Dataset/Htmls/DB/63.html,C3PA_Dataset/Annotations/DB/63.csv
DB_63,DB_63_S281,"Clear GIFs, Pixel Tags and Other Tracking Technologies.",MULTI_LABEL,Categories of Personal Information Collected;Categories of Personal Information Shared / Disclosed;Categories of Personal Information Sold,1,ra4,3,annotation_in_sentence,C3PA_Dataset/Htmls/DB/63.html,C3PA_Dataset/Annotations/DB/63.csv
DB_64,DB_64_S119,Our customers then decide how to use this information.,MULTI_LABEL,Categories of Personal Information Shared / Disclosed;Categories of Personal Information Sold,1,ra4,2,annotation_in_sentence,C3PA_Dataset/Htmls/DB/64.html,C3PA_Dataset/Annotations/DB/64.csv
DB_65,DB_65_S28,"Milestone purchases, licenses, collects, uses, retains, and processes – for as long as is reasonably necessary to satisfy the purpose of its collection – such information as is needed to (i) deliver the services ordered by Milestone’s customers; (ii) memorialize the contractual terms on which we supply services; (iii) process and invoice the services; (iv) respond to customer questions or requests; (v) provide access to certain areas and features of this website; (v) tailor content, publications, advertisements, and offers we believe may be of interest; (vi) test, research, analyze, and develop products; (vii) protect the rights, property, or safety of us, our clients, or others; and (viii) improve the website and Milestone’s systems.",MULTI_LABEL,Categories of Personal Information Collected;Categories of Personal Information Shared / Disclosed;Categories of Personal Information Sold,3,ra1;ra2;ra3,7,annotation_in_sentence,C3PA_Dataset/Htmls/DB/65.html,C3PA_Dataset/Annotations/DB/65.csv
DB_65,DB_65_S42,"If you believe your Personal Information is incorrect or you no longer wish it to be shared or used by Milestone, you can email us at privacy@milestonemarketingsolutions.com.",MULTI_LABEL,Description of Right to Correct Information;Description of Right to Opt-out of sale of PI;Methods to exercise rights,1,ra2,3,annotation_in_sentence;sentence_in_annotation,C3PA_Dataset/Htmls/DB/65.html,C3PA_Dataset/Annotations/DB/65.csv
DB_65,DB_65_S92,"They include: the right to notice that personal information will be collected; the right to know what personal information has been collected, sold, or disclosed for a business purpose, and to whom it was sold or disclosed; the right to opt-out of the sale of personal information; the right to have your personal information deleted; and the right to non-discrimination as a result of exercising these rights.",MULTI_LABEL,Description of Right to Delete;Description of Right to Know PI Collected;Description of Right to Know PI sold / shared;Description of Right to Non-discrimination on exercising rights;Description of Right to Opt-out of sale of PI,2,ra1;ra3,10,annotation_in_sentence;sentence_in_annotation,C3PA_Dataset/Htmls/DB/65.html,C3PA_Dataset/Annotations/DB/65.csv
DB_65,DB_65_S93,"In particular, we have collected, purchased, licensed, and/or resold the following categories of personal information from consumers or business partners within the last twelve (12) months:",MULTI_LABEL,Categories of Personal Information Collected;Categories of Personal Information Shared / Disclosed;Categories of Personal Information Sold,1,ra1,3,sentence_in_annotation,C3PA_Dataset/Htmls/DB/65.html,C3PA_Dataset/Annotations/DB/65.csv
DB_65,DB_65_S96,California residents have the right to request that we disclose certain information about our collection and use of your Personal Information over the past 12 months.,MULTI_LABEL,Description of Right to Know PI Collected;Description of Right to Know PI sold / shared,1,ra1,2,annotation_in_sentence,C3PA_Dataset/Htmls/DB/65.html,C3PA_Dataset/Annotations/DB/65.csv
DB_66,DB_66_S59,Develop new products and Website Services;,MULTI_LABEL,Categories of Personal Information Shared / Disclosed;Categories of Personal Information Sold,1,ra5,2,annotation_in_sentence;sentence_in_annotation,C3PA_Dataset/Htmls/DB/66.html,C3PA_Dataset/Annotations/DB/66.csv
DB_66,DB_66_S66,Process applications and transactions;,MULTI_LABEL,Categories of Personal Information Shared / Disclosed;Categories of Personal Information Sold,1,ra5,2,annotation_in_sentence;sentence_in_annotation,C3PA_Dataset/Htmls/DB/66.html,C3PA_Dataset/Annotations/DB/66.csv
DB_66,DB_66_S98,We may share this information within Mobilewalla and with third parties for our or their purposes in a de-identified or aggregated form that is designed to prevent anyone from identifying you.,MULTI_LABEL,Categories of Personal Information Shared / Disclosed;Categories of Personal Information Sold,1,ra4,2,annotation_in_sentence,C3PA_Dataset/Htmls/DB/66.html,C3PA_Dataset/Annotations/DB/66.csv
DB_66,DB_66_S119,"We may allow access to other data collected by the Site and Website Services to share information that may be useful, relevant, valuable or otherwise of interest to you.",MULTI_LABEL,Categories of Personal Information Shared / Disclosed;Categories of Personal Information Sold,1,ra4,2,annotation_in_sentence,C3PA_Dataset/Htmls/DB/66.html,C3PA_Dataset/Annotations/DB/66.csv
DB_66,DB_66_S261,Identifiers.,MULTI_LABEL,Categories of Personal Information Collected;Categories of Personal Information Shared / Disclosed;Categories of Personal Information Sold,1,ra4,3,sentence_in_annotation,C3PA_Dataset/Htmls/DB/66.html,C3PA_Dataset/Annotations/DB/66.csv
DB_66,DB_66_S265,"Personal information categories described in the California Customer Records statute such as a name, address, or telephone number.",MULTI_LABEL,Categories of Personal Information Collected;Categories of Personal Information Shared / Disclosed,1,ra4,2,annotation_in_sentence,C3PA_Dataset/Htmls/DB/66.html,C3PA_Dataset/Annotations/DB/66.csv
DB_66,DB_66_S268,Internet or other electronic network activity information.,MULTI_LABEL,Categories of Personal Information Collected;Categories of Personal Information Shared / Disclosed;Categories of Personal Information Sold,1,ra4,3,sentence_in_annotation,C3PA_Dataset/Htmls/DB/66.html,C3PA_Dataset/Annotations/DB/66.csv
DB_66,DB_66_S278,We may use or disclose the personal information we collect with the categories of third parties for the business purposes described above.,MULTI_LABEL,Categories of Personal Information Shared / Disclosed;Categories of Personal Information Sold,2,ra3;ra5,4,sentence_in_annotation,C3PA_Dataset/Htmls/DB/66.html,C3PA_Dataset/Annotations/DB/66.csv
DB_67,DB_67_S102,"The right to know the categories and specific pieces of personal information we collect, use, disclose, and sell about you, the categories of sources from which we collected your personal information, our purposes for collecting or selling your personal information, the categories of your personal information that we have either sold or disclosed for a business purpose, and the categories of third parties with which we have shared personal information.",MULTI_LABEL,Description of Right to Know PI Collected;Description of Right to Know PI sold / shared,2,ra1;ra3,4,annotation_in_sentence,C3PA_Dataset/Htmls/DB/67.html,C3PA_Dataset/Annotations/DB/67.csv
DB_7,DB_7_S45,"Beginning in 2020, multiple state passed legislation related to universal opt-out mechanisms and “global privacy control” requirements.",MULTI_LABEL,Description of Right to Limit use of PI;Description of Right to Opt-out of sale of PI,2,ra1;ra2,2,annotation_in_sentence,C3PA_Dataset/Htmls/DB/7.html,C3PA_Dataset/Annotations/DB/7.csv
DB_7,DB_7_S46,Acxiom does not sell or share information collected based upon a visit to the acxiom.com website.,MULTI_LABEL,Categories of Personal Information Shared / Disclosed;Description of Right to Know PI sold / shared,2,ra1;ra3,2,annotation_in_sentence,C3PA_Dataset/Htmls/DB/7.html,C3PA_Dataset/Annotations/DB/7.csv
DB_7,DB_7_S57,"As a consumer under the CCPA, you have the right to request that Acxiom disclose what personal information we collect, use, , and sell or share about you.",MULTI_LABEL,Description of Right to Know PI Collected;Description of Right to Know PI sold / shared,2,ra1;ra3,3,annotation_in_sentence,C3PA_Dataset/Htmls/DB/7.html,C3PA_Dataset/Annotations/DB/7.csv
DB_7,DB_7_S69,"Right to Know about Personal Information Collected, Disclosed, Sold or Shared",MULTI_LABEL,Description of Right to Know PI Collected;Description of Right to Know PI sold / shared,1,ra1,2,annotation_in_sentence,C3PA_Dataset/Htmls/DB/7.html,C3PA_Dataset/Annotations/DB/7.csv
DB_70,DB_70_S129,"For example, a resident of the state of Iowa receives no protection or rights from the CCPA.",MULTI_LABEL,Categories of Personal Information Collected;Others,2,ra1;ra3,2,annotation_in_sentence,C3PA_Dataset/Htmls/DB/70.html,C3PA_Dataset/Annotations/DB/70.csv
DB_70,DB_70_S187,Information that you submit to induce us to contact you is never sold to or shared with third parties.,MULTI_LABEL,Categories of Personal Information Shared / Disclosed;Categories of Personal Information Sold,1,ra1,2,annotation_in_sentence,C3PA_Dataset/Htmls/DB/70.html,C3PA_Dataset/Annotations/DB/70.csv
DB_70,DB_70_S193,"It will never be sold, rented, or disclosed to third parties, except as necessary to complete the transaction (e.g., providing your credit card number to a payment processor).",MULTI_LABEL,Categories of Personal Information Shared / Disclosed;Categories of Personal Information Sold,1,ra1,2,annotation_in_sentence,C3PA_Dataset/Htmls/DB/70.html,C3PA_Dataset/Annotations/DB/70.csv
DB_70,DB_70_S201,"Usage of a cookie is in no way linked to any personally identifiable information on our site and it is never sold, rented to, or accessible by third parties.",MULTI_LABEL,Categories of Personal Information Shared / Disclosed;Categories of Personal Information Sold,1,ra1,2,annotation_in_sentence,C3PA_Dataset/Htmls/DB/70.html,C3PA_Dataset/Annotations/DB/70.csv
DB_70,DB_70_S205,"Except for the limited situations described below, we never share, sell, or rent information you send directly to us with third parties.",MULTI_LABEL,Categories of Personal Information Shared / Disclosed;Categories of Personal Information Sold,2,ra1;ra2,3,annotation_in_sentence;sentence_in_annotation,C3PA_Dataset/Htmls/DB/70.html,C3PA_Dataset/Annotations/DB/70.csv
DB_72,DB_72_S218,"Our Business Purposes —  our business purposes for (a) collecting and (b) sharing Personal Information, which are generally the same.",MULTI_LABEL,Categories of Personal Information Collected;Categories of Personal Information Shared / Disclosed;Categories of Personal Information Sold,1,ra1,3,annotation_in_sentence,C3PA_Dataset/Htmls/DB/72.html,C3PA_Dataset/Annotations/DB/72.csv
DB_72,DB_72_S308,"Without being discriminated against for exercising these rights, California residents have the right to request that we disclose what personal information we collect from you, to delete that information, and to opt-out of the sale of your personal information, subject to certain restrictions.",MULTI_LABEL,Description of Right to Delete;Description of Right to Know PI Collected;Description of Right to Non-discrimination on exercising rights;Description of Right to Opt-out of sale of PI,2,ra1;ra3,8,annotation_in_sentence,C3PA_Dataset/Htmls/DB/72.html,C3PA_Dataset/Annotations/DB/72.csv
DB_72,DB_72_S331,We may withhold some personal information where the risk to you or to others’ privacy rights is too great to disclose the information.,MULTI_LABEL,Description of Right to Know PI Collected;Description of Right to Know PI sold / shared,1,ra1,2,annotation_in_sentence,C3PA_Dataset/Htmls/DB/72.html,C3PA_Dataset/Annotations/DB/72.csv
DB_74,DB_74_S60,"· To provide and maintain our Service, including to monitor the usage of our Service.",MULTI_LABEL,Categories of Personal Information Shared / Disclosed;Categories of Personal Information Sold,1,ra4,2,annotation_in_sentence,C3PA_Dataset/Htmls/DB/74.html,C3PA_Dataset/Annotations/DB/74.csv
DB_74,DB_74_S192,"· To personalize your Website experience and to deliver content and product and service offerings relevant to your interests, including targeted offers and ads through our Website, third-party sites, and via email or text message (with your consent, where required by law).",MULTI_LABEL,Categories of Personal Information Shared / Disclosed;Categories of Personal Information Sold,1,ra4,2,annotation_in_sentence,C3PA_Dataset/Htmls/DB/74.html,C3PA_Dataset/Annotations/DB/74.csv
DB_74,DB_74_S196,· As described to you when collecting your personal information or as otherwise set forth in the CCPA.,MULTI_LABEL,Categories of Personal Information Shared / Disclosed;Categories of Personal Information Sold,1,ra4,2,annotation_in_sentence,C3PA_Dataset/Htmls/DB/74.html,C3PA_Dataset/Annotations/DB/74.csv
DB_74,DB_74_S197,"· To evaluate or conduct a merger, divestiture, restructuring, reorganization, dissolution, or other sale or transfer of some or all of our assets, whether as a going concern or as part of bankruptcy, liquidation, or similar proceeding, in which personal information held by us about our consumers is among the assets transferred.",MULTI_LABEL,Categories of Personal Information Shared / Disclosed;Categories of Personal Information Sold,1,ra4,2,annotation_in_sentence,C3PA_Dataset/Htmls/DB/74.html,C3PA_Dataset/Annotations/DB/74.csv
DB_75,DB_75_S53,"As discussed further below, we and our service providers (which are third party companies that work on our behalf), may use a variety of technologies, including cookies, to assist in this collection.",MULTI_LABEL,Categories of Personal Information Shared / Disclosed;Categories of Personal Information Sold,1,ra4,2,annotation_in_sentence,C3PA_Dataset/Htmls/DB/75.html,C3PA_Dataset/Annotations/DB/75.csv
DB_75,DB_75_S123,"An SDK is a set of tools and/or code that we embed in our applications and software to perform certain functions, such as allowing us or third parties to collect information about how you interact with the Services.",MULTI_LABEL,Categories of Personal Information Collected;Categories of Personal Information Shared / Disclosed;Categories of Personal Information Sold,2,ra4;ra5,5,annotation_in_sentence;sentence_in_annotation,C3PA_Dataset/Htmls/DB/75.html,C3PA_Dataset/Annotations/DB/75.csv
DB_75,DB_75_S208,Provide access to and/or a copy of certain personal information we hold about you;,MULTI_LABEL,Description of Right to Know PI Collected;Description of Right to Know PI sold / shared,1,ra5,2,annotation_in_sentence;sentence_in_annotation,C3PA_Dataset/Htmls/DB/75.html,C3PA_Dataset/Annotations/DB/75.csv
DB_77,DB_77_S223,"You may access, update and correct information in an online account, or update communications preferences, at any time by logging into the online account.",MULTI_LABEL,Description of Right to Correct Information;Description of Right to Know PI Collected;Methods to exercise rights,2,ra3;ra4,5,annotation_in_sentence,C3PA_Dataset/Htmls/DB/77.html,C3PA_Dataset/Annotations/DB/77.csv
DB_77,DB_77_S224,"If you wish to delete an online account, please email us at privacy@porchgroupmedia.com.",MULTI_LABEL,Description of Right to Delete;Methods to exercise rights,2,ra3;ra4,3,annotation_in_sentence,C3PA_Dataset/Htmls/DB/77.html,C3PA_Dataset/Annotations/DB/77.csv
DB_77,DB_77_S265,"The right to access the specific pieces of their personal information we’ve collected and to request that we delete personal information, subject to certain exceptions (see below);",MULTI_LABEL,Description of Right to Delete;Description of Right to Know PI Collected,2,ra3;ra4,3,annotation_in_sentence,C3PA_Dataset/Htmls/DB/77.html,C3PA_Dataset/Annotations/DB/77.csv
DB_79,DB_79_S15,"When accessing the Service on the Site, we set first-party cookies and our trusted third-party business partners set third-party cookies.",MULTI_LABEL,Categories of Personal Information Collected;Categories of Personal Information Shared / Disclosed;Categories of Personal Information Sold,1,ra4,3,annotation_in_sentence,C3PA_Dataset/Htmls/DB/79.html,C3PA_Dataset/Annotations/DB/79.csv
DB_79,DB_79_S54,"If you are a publisher or advertiser, there is often additional data we need to collect in order to execute the business relationship, such as payment data; we collect, store and use this data directly through the Service, through and in conjunction with third-party vendors, and through various business forms, such as insertion orders.",MULTI_LABEL,Categories of Personal Information Collected;Categories of Personal Information Shared / Disclosed;Categories of Personal Information Sold,3,ra3;ra4;ra5,6,annotation_in_sentence,C3PA_Dataset/Htmls/DB/79.html,C3PA_Dataset/Annotations/DB/79.csv
DB_79,DB_79_S148,"Subject to certain limitations, the CCPA provides California consumers the right to request more information about the categories or specific pieces of personal information we collect (including how we use and disclose this information), to delete their personal information, to opt out of any ""sales"" that may be occurring, and to not be discriminated against for exercising these rights.",MULTI_LABEL,Description of Right to Delete;Description of Right to Know PI Collected;Description of Right to Know PI sold / shared;Description of Right to Non-discrimination on exercising rights;Description of Right to Opt-out of sale of PI,3,ra3;ra4;ra5,14,annotation_in_sentence,C3PA_Dataset/Htmls/DB/79.html,C3PA_Dataset/Annotations/DB/79.csv
DB_8,DB_8_S165,"The right to request a disclosure of the personal information a business collects, uses, discloses, and sells.",MULTI_LABEL,Description of Right to Know PI Collected;Description of Right to Know PI sold / shared,3,ra1;ra2;ra3,6,annotation_in_sentence,C3PA_Dataset/Htmls/DB/8.html,C3PA_Dataset/Annotations/DB/8.csv
DB_8,DB_8_S249,Anchor Computer may share or sell the data it has as listed below:,MULTI_LABEL,Categories of Personal Information Shared / Disclosed;Categories of Personal Information Sold,1,ra3,2,annotation_in_sentence,C3PA_Dataset/Htmls/DB/8.html,C3PA_Dataset/Annotations/DB/8.csv
DB_80,DB_80_S9,"(1) 	Right to Know About Personal Information Collected, Disclosed, or Sold.",MULTI_LABEL,Description of Right to Know PI Collected;Description of Right to Know PI sold / shared,1,ra3,2,annotation_in_sentence,C3PA_Dataset/Htmls/DB/80.html,C3PA_Dataset/Annotations/DB/80.csv
DB_80,DB_80_S11,"Personal Information does not include: (i) Publicly available information from government records; (ii) De-identified or aggregated consumer information; (iii) Information excluded from the CCPA’s scope, like health or medical information covered by the Health Insurance Portability and Accountability Act of 1996 (“HIPAA”); (iv) Personal Information covered by certain sector-specific privacy laws, including the Fair Credit Reporting Act (“FRCA”), the Gramm-Leach-Bliley Act (“GLBA”), California Financial Information Privacy Act (“FIPA”), or the Driver’s Privacy Protection Act of 1994 (“DPPA”).",MULTI_LABEL,Categories of Personal Information Collected;Description of Right to Know PI Collected,2,ra2;ra3,2,annotation_in_sentence;sentence_in_annotation,C3PA_Dataset/Htmls/DB/80.html,C3PA_Dataset/Annotations/DB/80.csv
DB_81,DB_81_S124,CCPA also grants CA residents a right to delete their information and a right to opt out of future data sales and sharing.,MULTI_LABEL,Description of Right to Delete;Description of Right to Opt-out of sale of PI,2,ra3;ra4,4,annotation_in_sentence,C3PA_Dataset/Htmls/DB/81.html,C3PA_Dataset/Annotations/DB/81.csv
DB_81,DB_81_S137,"Professional or Employment- related Information – RampedUp may process, collect or ‘sell’ information relating to a Californian’s resident’s job title, including name, email address, or corporate address, phone number and information about what you may be responsible for purchasing in your role, such as ‘computer software.’",MULTI_LABEL,Categories of Personal Information Shared / Disclosed;Categories of Personal Information Sold,1,ra4,2,annotation_in_sentence,C3PA_Dataset/Htmls/DB/81.html,C3PA_Dataset/Annotations/DB/81.csv
DB_81,DB_81_S138,"The categories of entities to which we may sell that information are, generally, business to business services providers, advertising networks and data platforms, retailers of business products and services, data compilers and resellers,",MULTI_LABEL,Categories of Personal Information Shared / Disclosed;Categories of Personal Information Sold,1,ra4,2,annotation_in_sentence,C3PA_Dataset/Htmls/DB/81.html,C3PA_Dataset/Annotations/DB/81.csv
DB_81,DB_81_S144,· To service contracts with our clients to help them fulfil their marketing programs to develop new business and service existing business,MULTI_LABEL,Categories of Personal Information Shared / Disclosed;Categories of Personal Information Sold,1,ra4,2,annotation_in_sentence,C3PA_Dataset/Htmls/DB/81.html,C3PA_Dataset/Annotations/DB/81.csv
DB_81,DB_81_S147,"Our Purposes for collecting, using and sharing Personal Information Data marketing services, for example:",MULTI_LABEL,Categories of Personal Information Collected;Categories of Personal Information Shared / Disclosed;Categories of Personal Information Sold,1,ra4,3,annotation_in_sentence,C3PA_Dataset/Htmls/DB/81.html,C3PA_Dataset/Annotations/DB/81.csv
DB_82,DB_82_S38,"BCI is information pertaining to businesses and individuals that is readily available in the public domain, including but not limited to:  business name, first and last name, business telephone number, job titles, work e-mail addresses and location in which a business is located and an individual works.",MULTI_LABEL,Categories of Personal Information Shared / Disclosed;Categories of Personal Information Sold,1,ra5,2,annotation_in_sentence,C3PA_Dataset/Htmls/DB/82.html,C3PA_Dataset/Annotations/DB/82.csv
DB_82,DB_82_S39,We collect this information to provide our Products and Services to our customers.,MULTI_LABEL,Categories of Personal Information Shared / Disclosed;Categories of Personal Information Sold,1,ra3,2,annotation_in_sentence,C3PA_Dataset/Htmls/DB/82.html,C3PA_Dataset/Annotations/DB/82.csv
DB_82,DB_82_S54,"To provide our customers with access to a database of accurate business data records including BCI which enables them to promote their goods and services employing direct marketing to the right people (i.e., decision makers, influencers, champions) in other businesses, and to promote your business so it can be found when it is searched for by other businesses.",MULTI_LABEL,Categories of Personal Information Shared / Disclosed;Categories of Personal Information Sold,2,ra4;ra5,4,annotation_in_sentence,C3PA_Dataset/Htmls/DB/82.html,C3PA_Dataset/Annotations/DB/82.csv
DB_82,DB_82_S57,"To evaluate or conduct a merger, divestiture, restructuring, reorganization, dissolution, or other sale or transfer of some or all of our assets, whether as a going concern or as part of bankruptcy, liquidation, or similar proceeding, in which Personal Data held by us about our Website users is among the assets transferred.",MULTI_LABEL,Categories of Personal Information Shared / Disclosed;Categories of Personal Information Sold,1,ra5,2,annotation_in_sentence,C3PA_Dataset/Htmls/DB/82.html,C3PA_Dataset/Annotations/DB/82.csv
DB_82,DB_82_S146,"Should you wish to remove or not use cookies from our Website you can disable cookies through ‘Internet Options’ on your browser menu at any time, however, please be aware that doing so will probably mean that our Website may not work as well as you would expect.",MULTI_LABEL,Description of Right to Opt-out of sale of PI;Methods to exercise rights,1,ra5,2,annotation_in_sentence,C3PA_Dataset/Htmls/DB/82.html,C3PA_Dataset/Annotations/DB/82.csv
DB_82,DB_82_S194,"Third-party vendors, including Google, use cookies to serve ads based on a user’s prior visits to our Website;",MULTI_LABEL,Categories of Personal Information Collected;Categories of Personal Information Shared / Disclosed,1,ra5,2,annotation_in_sentence,C3PA_Dataset/Htmls/DB/82.html,C3PA_Dataset/Annotations/DB/82.csv
DB_82,DB_82_S196,Users may opt-out of Google’s use of cookies by visiting the Google advertising opt-out page;,MULTI_LABEL,Description of Right to Opt-out of sale of PI;Methods to exercise rights,1,ra5,2,annotation_in_sentence,C3PA_Dataset/Htmls/DB/82.html,C3PA_Dataset/Annotations/DB/82.csv
DB_82,DB_82_S367,"Consistent with applicable laws or regulations, you may modify Personal Data that you have submitted, or that we have obtained from other sources by contacting us and requesting a copy of whatever identifiable information you have provided to us.",MULTI_LABEL,Description of Right to Correct Information;Description of Right to Know PI Collected,2,ra3;ra5,4,annotation_in_sentence,C3PA_Dataset/Htmls/DB/82.html,C3PA_Dataset/Annotations/DB/82.csv
DB_82,DB_82_S420,You can request to opt-out of the sale or sharing of your Personal Data at any time by completing the online form (available at https://demandscience.com/ccpa/) or by sending us an e-mail at dataprivacy@demandscience.com.,MULTI_LABEL,Description of Right to Opt-out of sale of PI;Methods to exercise rights,2,ra3;ra4,2,annotation_in_sentence,C3PA_Dataset/Htmls/DB/82.html,C3PA_Dataset/Annotations/DB/82.csv
DB_83,DB_83_S27,"A real name, alias, postal address, unique personal identifier, online identifier, Internet Protocol address, email address, account name, Social Security number, driver’s license number, passport number, or other similar identifiers.",MULTI_LABEL,Categories of Personal Information Collected;Categories of Personal Information Shared / Disclosed,1,ra4,4,sentence_in_annotation,C3PA_Dataset/Htmls/DB/83.html,C3PA_Dataset/Annotations/DB/83.csv
DB_83,DB_83_S60,"Browsing history, search history, information on a consumer’s interaction with a website, application, or advertisement.",MULTI_LABEL,Categories of Personal Information Collected;Categories of Personal Information Shared / Disclosed,1,ra4,4,sentence_in_annotation,C3PA_Dataset/Htmls/DB/83.html,C3PA_Dataset/Annotations/DB/83.csv
DB_83,DB_83_S66,Physical location or movements.,MULTI_LABEL,Categories of Personal Information Collected;Categories of Personal Information Shared / Disclosed,1,ra4,4,sentence_in_annotation,C3PA_Dataset/Htmls/DB/83.html,C3PA_Dataset/Annotations/DB/83.csv
DB_85,DB_85_S74,"·       Receive a Copy of Your Data: You may request the categories and specific pieces of information (if any) we have about you, the categories of personal information that we have disclosed about you for a business purpose, and the categories of third parties with which we have shared personal information in the previous 12 months.",MULTI_LABEL,Description of Right to Know PI Collected;Description of Right to Know PI sold / shared,3,ra2;ra3;ra4,5,sentence_in_annotation,C3PA_Dataset/Htmls/DB/85.html,C3PA_Dataset/Annotations/DB/85.csv
DB_86,DB_86_S237,In the calendar year 2022:,MULTI_LABEL,Description of Right to Know PI Collected;Description of Right to Know PI sold / shared,1,ra2,2,annotation_in_sentence,C3PA_Dataset/Htmls/DB/86.html,C3PA_Dataset/Annotations/DB/86.csv
DB_88,DB_88_S132,We collect data for various reasons and share with select partners.,MULTI_LABEL,Categories of Personal Information Shared / Disclosed;Categories of Personal Information Sold,1,ra3,2,annotation_in_sentence,C3PA_Dataset/Htmls/DB/88.html,C3PA_Dataset/Annotations/DB/88.csv
DB_88,DB_88_S181,"If you provide Personal Information to us through our Website, such as signing-up for our newsletter, you may request that we delete such Personal Information from our system, by sending a request to optout@revealmobile.com.",MULTI_LABEL,Description of Right to Delete;Methods to exercise rights,1,ra1,2,annotation_in_sentence,C3PA_Dataset/Htmls/DB/88.html,C3PA_Dataset/Annotations/DB/88.csv
DB_90,DB_90_S198,"SalesIntel’s use and transfer to any other app of information received from Google APIs will adhere to Google API Services User Data Policy, including the Limited Use requirements.",MULTI_LABEL,Categories of Personal Information Collected;Categories of Personal Information Shared / Disclosed,1,ra1,2,annotation_in_sentence,C3PA_Dataset/Htmls/DB/90.html,C3PA_Dataset/Annotations/DB/90.csv
DB_91,DB_91_S644,I am an authorized agent acting on behalf of the Consumer whose personal information is the subject of the request I am submitting.,MULTI_LABEL,Categories of Personal Information Collected;Categories of Personal Information Shared / Disclosed,1,ra2,2,annotation_in_sentence,C3PA_Dataset/Htmls/DB/91.html,C3PA_Dataset/Annotations/DB/91.csv
DB_92,DB_92_S147,Interest,MULTI_LABEL,Categories of Personal Information Shared / Disclosed;Categories of Personal Information Sold,3,ra3;ra4;ra5,8,sentence_in_annotation,C3PA_Dataset/Htmls/DB/92.html,C3PA_Dataset/Annotations/DB/92.csv
DB_93,DB_93_S88,"Research:  We work with research partners to allow them to derive inferences about traffic patterns to support causes such as improving the quality of life in underserved communities, natural disaster response, and smart city development through our Data for Good initiative.",MULTI_LABEL,Categories of Personal Information Collected;Categories of Personal Information Shared / Disclosed;Categories of Personal Information Sold,1,ra1,3,annotation_in_sentence,C3PA_Dataset/Htmls/DB/93.html,C3PA_Dataset/Annotations/DB/93.csv
DB_93,DB_93_S138,"You have the right to opt-out of the further use of your Information processed by Cuebiq (also known as  “Do Not Sell or Share My Personal Information” under the California Consumer Privacy Act or “CCPA” and California Privacy Rights Act or “CPRA”, request a copy of the Information associated with your verified mobile device held by Cuebiq (right to know under CCPA), as well as request that your Information associated with your verified mobile device be anonymized or erased from our systems (right to delete under CCPA).",MULTI_LABEL,Description of Right to Delete;Description of Right to Know PI Collected;Description of Right to Opt-out of sale of PI,1,ra1,3,annotation_in_sentence,C3PA_Dataset/Htmls/DB/93.html,C3PA_Dataset/Annotations/DB/93.csv
DB_93,DB_93_S175,"To correct data collected from your device that you believe to be inaccurate, please email your request with a description of the data to be corrected to privacy@cuebiq.com",MULTI_LABEL,Description of Right to Correct Information;Methods to exercise rights,1,ra3,2,annotation_in_sentence,C3PA_Dataset/Htmls/DB/93.html,C3PA_Dataset/Annotations/DB/93.csv
DB_93,DB_93_S176,"To have data collected from your device that is held in device identifiable form be deleted from our servers, please select “Delete my data” from within the App.",MULTI_LABEL,Description of Right to Delete;Methods to exercise rights,1,ra3,2,annotation_in_sentence,C3PA_Dataset/Htmls/DB/93.html,C3PA_Dataset/Annotations/DB/93.csv
DB_94,DB_94_S143,"These third-party vendors collect, store, use, process and transfer information about Your activity on Our Service in accordance with their Privacy Policies and to enable Us to:",MULTI_LABEL,Categories of Personal Information Shared / Disclosed;Categories of Personal Information Sold,1,ra4,2,annotation_in_sentence,C3PA_Dataset/Htmls/DB/94.html,C3PA_Dataset/Annotations/DB/94.csv
DB_98,DB_98_S15,"Personal Information may  include the following categories of information: (1) Contact Data (such as your name, mailing address, and e-mail address); (2) Financial Data (such as your account or credit card number); and (3) Demographic Data (such as your zip code and age).",MULTI_LABEL,Categories of Personal Information Shared / Disclosed;Categories of Personal Information Sold,1,ra5,2,annotation_in_sentence,C3PA_Dataset/Htmls/DB/98.html,C3PA_Dataset/Annotations/DB/98.csv
DB_98,DB_98_S77,"To unsubscribe from receiving email messages from us, from our affiliates or from other third parties, click on the “Unsubscribe” link contained in each email.",MULTI_LABEL,Description of Right to Opt-out of sale of PI;Methods to exercise rights,1,ra5,2,annotation_in_sentence,C3PA_Dataset/Htmls/DB/98.html,C3PA_Dataset/Annotations/DB/98.csv
DB_98,DB_98_S203,"To evaluate or conduct a merger, divestiture, restructuring, reorganization, dissolution, or other sale or transfer of some or all of our assets, whether as a going concern or as part of bankruptcy, liquidation, or similar proceeding, in which personal information held by us is among the assets transferred.",MULTI_LABEL,Categories of Personal Information Shared / Disclosed;Categories of Personal Information Sold,2,ra4;ra5,3,annotation_in_sentence;sentence_in_annotation,C3PA_Dataset/Htmls/DB/98.html,C3PA_Dataset/Annotations/DB/98.csv
DB_99,DB_99_S50,"Information collected may include your IP address, browser type, operating system, your responses to advertisements delivered by us, date and time, referring URLs and other information normally transmitted in HTTP requests (“Usage Information”).",MULTI_LABEL,Categories of Personal Information Shared / Disclosed;Categories of Personal Information Sold,1,ra5,2,annotation_in_sentence,C3PA_Dataset/Htmls/DB/99.html,C3PA_Dataset/Annotations/DB/99.csv
DB_99,DB_99_S51,"Usage Information may also be associated with anonymous business profile information about you, such as your industry, company size, and job title.",MULTI_LABEL,Categories of Personal Information Shared / Disclosed;Categories of Personal Information Sold,1,ra5,2,annotation_in_sentence,C3PA_Dataset/Htmls/DB/99.html,C3PA_Dataset/Annotations/DB/99.csv
DB_99,DB_99_S59,Third parties with whom we partner to provide certain features on our site or to display advertising based upon your web browsing activity also use LSOs such as HTML5 and Flash to collect and store information.,MULTI_LABEL,Categories of Personal Information Shared / Disclosed;Categories of Personal Information Sold,2,ra4;ra5,3,annotation_in_sentence,C3PA_Dataset/Htmls/DB/99.html,C3PA_Dataset/Annotations/DB/99.csv
DB_99,DB_99_S87,We may also share information with trusted companies that assist us in the operation of our business or provide services such as our blog and career pages.,MULTI_LABEL,Categories of Personal Information Shared / Disclosed;Categories of Personal Information Sold,2,ra4;ra5,2,annotation_in_sentence,C3PA_Dataset/Htmls/DB/99.html,C3PA_Dataset/Annotations/DB/99.csv
WS_101,WS_101_S175,"We use this information to, for example, analyze and understand how users access, use, and interact with our Services, to identify and resolve bugs and errors in our Services, to assess secure, protect, optimize, and improve the performance of our Services, to prevent fraud and protect our Services, as well as for targeted marketing and advertising purposes, for analytics purposes, and to personalize content in our Services.",MULTI_LABEL,Categories of Personal Information Shared / Disclosed;Categories of Personal Information Sold,1,ra1,2,annotation_in_sentence,C3PA_Dataset/Htmls/WS/101.html,C3PA_Dataset/Annotations/WS/101.csv
WS_101,WS_101_S190,"To learn more about Google’s privacy practices, please see www.google.com/policies/privacy/partners/. You can also download the Google Analytics Opt-out Browser Add-on to prevent your data from being used by Google Analytics at https://tools.google.com/dlpage/gaoptout.",MULTI_LABEL,Description of Right to Opt-out of sale of PI;Methods to exercise rights,1,ra5,2,annotation_in_sentence,C3PA_Dataset/Htmls/WS/101.html,C3PA_Dataset/Annotations/WS/101.csv
WS_103,WS_103_S146,You may opt out of targeted advertising by accessing our Cookie Preference Center located in the footer of each website we operate through which we disclose your information for targeted advertising.,MULTI_LABEL,Description of Right to Opt-out of sale of PI;Methods to exercise rights,1,ra5,2,annotation_in_sentence,C3PA_Dataset/Htmls/WS/103.html,C3PA_Dataset/Annotations/WS/103.csv
WS_103,WS_103_S180,"You may access, correct or update certain personal information you have provided to us at any time by accessing your Chick-fil-A One account (U.S.) or Chick-fil-A account (Canada) online or through the Chick-fil-A App, where offered.",MULTI_LABEL,Description of Right to Correct Information;Description of Right to Delete;Description of Right to Know PI Collected,1,ra1,3,sentence_in_annotation,C3PA_Dataset/Htmls/WS/103.html,C3PA_Dataset/Annotations/WS/103.csv
WS_103,WS_103_S447,"When you visit our website, we and our advertising and analytics partners may store or retrieve cookies on your browsers to collect information.",MULTI_LABEL,Categories of Personal Information Collected;Categories of Personal Information Shared / Disclosed,1,ra5,2,sentence_in_annotation,C3PA_Dataset/Htmls/WS/103.html,C3PA_Dataset/Annotations/WS/103.csv
WS_104,WS_104_S274,"This sharing is considered a “sale” or ""sharing"" under the California Privacy Rights Act.",MULTI_LABEL,Categories of Personal Information Shared / Disclosed;Categories of Personal Information Sold,1,ra6,2,sentence_in_annotation,C3PA_Dataset/Htmls/WS/104.html,C3PA_Dataset/Annotations/WS/104.csv
WS_104,WS_104_S284,"In addition to the above cookie-related actions, California consumers may select the “Do Not Sell or Share My Personal Information” link, which has been included on Our properties as a component of California Privacy Rights Act compliance to block targeted advertising, analytics, and social media cookies upon Your request.",MULTI_LABEL,Description of Right to Opt-out of sale of PI;Methods to exercise rights,2,ra2;ra6,2,annotation_in_sentence,C3PA_Dataset/Htmls/WS/104.html,C3PA_Dataset/Annotations/WS/104.csv
WS_104,WS_104_S394,"You may submit a request for the categories and specific information that We have collected about You, request correction of Your information, or request that We delete any personal information about You that We have collected, subject to certain exceptions.",MULTI_LABEL,Description of Right to Correct Information;Description of Right to Delete;Description of Right to Know PI Collected,1,ra2,3,annotation_in_sentence,C3PA_Dataset/Htmls/WS/104.html,C3PA_Dataset/Annotations/WS/104.csv
WS_107,WS_107_S222,"For some of our Services, we may make some information, such as the name of our users, their mailing address, phone number, email address—and in certain circumstances their employer’s name, company size and other industry data—available on a rental or other basis (e.g., sale) to third party providers of goods and services, for example, when such information is provided in connection with certain content available on our websites.",MULTI_LABEL,Categories of Personal Information Shared / Disclosed;Categories of Personal Information Sold,2,ra2;ra6,2,annotation_in_sentence,C3PA_Dataset/Htmls/WS/107.html,C3PA_Dataset/Annotations/WS/107.csv
WS_107,WS_107_S234,"We may also sell or transfer Online Data to certain third parties such as advertisers who will use this data to serve ads that they believe are relevant to your interests, and who agree to maintain the confidentiality of this information.",MULTI_LABEL,Categories of Personal Information Shared / Disclosed;Categories of Personal Information Sold,2,ra2;ra6,3,annotation_in_sentence,C3PA_Dataset/Htmls/WS/107.html,C3PA_Dataset/Annotations/WS/107.csv
WS_107,WS_107_S306,"You may access, correct, or request deletion of your personal information by logging into your account or contacting us through our DSAR Portal.",MULTI_LABEL,Description of Right to Correct Information;Description of Right to Delete;Description of Right to Know PI Collected;Methods to exercise rights,1,ra6,4,annotation_in_sentence,C3PA_Dataset/Htmls/WS/107.html,C3PA_Dataset/Annotations/WS/107.csv
WS_107,WS_107_S337,"In accordance with the California Online Privacy Protection Act, we may collect Personal Information about your online activities when you use the Services.",MULTI_LABEL,Categories of Personal Information Collected;Description of Right to Know PI Collected,2,ra1;ra6,3,annotation_in_sentence,C3PA_Dataset/Htmls/WS/107.html,C3PA_Dataset/Annotations/WS/107.csv
WS_108,WS_108_S164,"Access, correction, and deletion: If you wish to request access to, or correction or deletion of, certain personal data about you that we hold, you can visit the applicable section of your account profile.",MULTI_LABEL,Description of Right to Correct Information;Description of Right to Delete;Description of Right to Know PI Collected,1,ra1,3,annotation_in_sentence,C3PA_Dataset/Htmls/WS/108.html,C3PA_Dataset/Annotations/WS/108.csv
WS_108,WS_108_S201,"(3) The purposes for collecting, using, or selling personal information.",MULTI_LABEL,Description of Right to Know PI Collected;Description of Right to Know PI sold / shared,1,ra6,2,annotation_in_sentence,C3PA_Dataset/Htmls/WS/108.html,C3PA_Dataset/Annotations/WS/108.csv
WS_108,WS_108_S209,"Finally, you have a right to not be discriminated against for exercising rights set out in the CCPA.",MULTI_LABEL,Description of Right to Non-discrimination on exercising rights;Methods to exercise rights,3,ra1;ra2;ra6,3,annotation_in_sentence,C3PA_Dataset/Htmls/WS/108.html,C3PA_Dataset/Annotations/WS/108.csv
WS_11,WS_11_S119,Date,MULTI_LABEL,Categories of Personal Information Shared / Disclosed;Methods to exercise rights;Updated Privacy Policy,3,ra1;ra2;ra3,6,sentence_in_annotation,C3PA_Dataset/Htmls/WS/11.html,C3PA_Dataset/Annotations/WS/11.csv
WS_110,WS_110_S186,With other business partners.,MULTI_LABEL,Categories of Personal Information Shared / Disclosed;Categories of Personal Information Sold,2,ra1;ra6,3,sentence_in_annotation,C3PA_Dataset/Htmls/WS/110.html,C3PA_Dataset/Annotations/WS/110.csv
WS_110,WS_110_S385,"The right to know what personal information we have collected about you, including (i) the categories of personal information, (ii) the categories of sources from which the personal information is collected, (iii) the business or commercial purpose for collecting, selling, or sharing personal information, (iv) the categories of third parties to whom the business discloses personal information, and (v) the specific pieces of personal information the business has collected you (by requesting to download your personal information).",MULTI_LABEL,Description of Right to Know PI Collected;Description of Right to Know PI sold / shared,3,ra1;ra2;ra6,7,annotation_in_sentence,C3PA_Dataset/Htmls/WS/110.html,C3PA_Dataset/Annotations/WS/110.csv
WS_111,WS_111_S129,"To modify or delete the personal information you’ve provided to us, please log in and update your profile.",MULTI_LABEL,Description of Right to Correct Information;Description of Right to Delete,1,ra1,2,annotation_in_sentence,C3PA_Dataset/Htmls/WS/111.html,C3PA_Dataset/Annotations/WS/111.csv
WS_111,WS_111_S168,We do not share your personal information with third parties for their own direct marketing purposes.,MULTI_LABEL,Categories of Personal Information Shared / Disclosed;Categories of Personal Information Sold,1,ra1,2,annotation_in_sentence,C3PA_Dataset/Htmls/WS/111.html,C3PA_Dataset/Annotations/WS/111.csv
WS_113,WS_113_S156,The cookie information will be used along with other information we hold about you to display digital advertising that is more relevant to you.,MULTI_LABEL,Categories of Personal Information Collected;Categories of Personal Information Shared / Disclosed,1,ra6,2,annotation_in_sentence,C3PA_Dataset/Htmls/WS/113.html,C3PA_Dataset/Annotations/WS/113.csv
WS_113,WS_113_S215,"We use the information logged by our servers and certain third-party analytics tools (such as Google Analytics, Mpulse and Hotjar) to help us to spot problems with our digital services, such as page errors or slow loading times, as well as understanding usage patterns and watching for security problems.",MULTI_LABEL,Categories of Personal Information Collected;Categories of Personal Information Shared / Disclosed,1,ra6,2,annotation_in_sentence,C3PA_Dataset/Htmls/WS/113.html,C3PA_Dataset/Annotations/WS/113.csv
WS_113,WS_113_S628,Inference Data,MULTI_LABEL,Categories of Personal Information Collected;Categories of Personal Information Shared / Disclosed,1,ra6,4,sentence_in_annotation,C3PA_Dataset/Htmls/WS/113.html,C3PA_Dataset/Annotations/WS/113.csv
WS_114,WS_114_S89,"Device Data: In case of Extension, screen size, time zone setting, and geographical identifiers.",MULTI_LABEL,Categories of Personal Information Shared / Disclosed;Categories of Personal Information Sold,1,ra5,2,annotation_in_sentence,C3PA_Dataset/Htmls/WS/114.html,C3PA_Dataset/Annotations/WS/114.csv
WS_114,WS_114_S174,running competitions effectively and informing you if you have been successful in any competitions or promotions.,MULTI_LABEL,Categories of Personal Information Collected;Categories of Personal Information Shared / Disclosed;Categories of Personal Information Sold,3,ra1;ra4;ra5,5,annotation_in_sentence,C3PA_Dataset/Htmls/WS/114.html,C3PA_Dataset/Annotations/WS/114.csv
WS_114,WS_114_S176,"We may also record phone calls or customer enquiries via online chat for quality, training and management purposes.",MULTI_LABEL,Categories of Personal Information Collected;Categories of Personal Information Shared / Disclosed;Categories of Personal Information Sold,3,ra1;ra4;ra5,5,annotation_in_sentence,C3PA_Dataset/Htmls/WS/114.html,C3PA_Dataset/Annotations/WS/114.csv
WS_114,WS_114_S222,You may amend your settings in order to avoid UID matching taking place in the future by contacting us (see Section 17 below) or by adjusting your account settings.,MULTI_LABEL,Description of Right to Opt-out of sale of PI;Methods to exercise rights,1,ra5,2,annotation_in_sentence,C3PA_Dataset/Htmls/WS/114.html,C3PA_Dataset/Annotations/WS/114.csv
WS_114,WS_114_S292,"Service Providers: We may pass your information to our processors – companies that we use to provide services on our behalf, for example for delivery services and prize fulfilment companies.",MULTI_LABEL,Categories of Personal Information Shared / Disclosed;Categories of Personal Information Sold,2,ra4;ra5,3,annotation_in_sentence,C3PA_Dataset/Htmls/WS/114.html,C3PA_Dataset/Annotations/WS/114.csv
WS_114,WS_114_S311,"These parties are listed in our Cookie Settings tool where we provide you with their details, links to their privacy notices and the ability to opt out of their use.",MULTI_LABEL,Description of Right to Opt-out of sale of PI;Methods to exercise rights,1,ra5,2,annotation_in_sentence,C3PA_Dataset/Htmls/WS/114.html,C3PA_Dataset/Annotations/WS/114.csv
WS_114,WS_114_S328,"Facebook insights data: Facebook Ireland Ltd (“Facebook”) provides us with statistics and insights (“Page Insights”) that help us understand the use of our Facebook Fan Pages (e.g. Daily Mail, Daily Mail Celebrities, Daily Mail Australia, Daily Mail Sport, Daily Mail Animals, Daily Mail Videos, etc.).",MULTI_LABEL,Categories of Personal Information Shared / Disclosed;Categories of Personal Information Sold,1,ra4,2,annotation_in_sentence,C3PA_Dataset/Htmls/WS/114.html,C3PA_Dataset/Annotations/WS/114.csv
WS_114,WS_114_S329,"When you visit or interact with one of our Facebook Fan Pages, we shall process your personal data as joint controllers with Facebook.",MULTI_LABEL,Categories of Personal Information Shared / Disclosed;Categories of Personal Information Sold,1,ra4,2,annotation_in_sentence,C3PA_Dataset/Htmls/WS/114.html,C3PA_Dataset/Annotations/WS/114.csv
WS_114,WS_114_S338,DanAds self-service advertising platform: DanAds International AB (“DanAds”) provides us with an online self-service real time advertising application platform which allows advertisers to buy ad spaces from us through an automated process.,MULTI_LABEL,Categories of Personal Information Shared / Disclosed;Categories of Personal Information Sold,1,ra4,2,annotation_in_sentence,C3PA_Dataset/Htmls/WS/114.html,C3PA_Dataset/Annotations/WS/114.csv
WS_114,WS_114_S339,"This service enables advertisers to carry out audience targeting, and interactive performance reporting of the ad campaigns.",MULTI_LABEL,Categories of Personal Information Shared / Disclosed;Categories of Personal Information Sold,1,ra4,2,annotation_in_sentence,C3PA_Dataset/Htmls/WS/114.html,C3PA_Dataset/Annotations/WS/114.csv
WS_114,WS_114_S371,"Change of Control: We may transfer, sell or assign any of the information described in this Policy to third parties as a result of a sale, merger, consolidation, change of control, transfer of assets or reorganisation of our business.",MULTI_LABEL,Categories of Personal Information Shared / Disclosed;Categories of Personal Information Sold,3,ra1;ra4;ra5,5,annotation_in_sentence,C3PA_Dataset/Htmls/WS/114.html,C3PA_Dataset/Annotations/WS/114.csv
WS_114,WS_114_S449,"If you do not wish for us or our partners to use and disclose your personal information to third parties in this manner, which is considered a “sale” under the CCPA, select the applicable control from the “Do Not Sell My Info” link.",MULTI_LABEL,Categories of Personal Information Sold;Description of Right to Opt-out of sale of PI;Methods to exercise rights,3,ra1;ra4;ra5,6,annotation_in_sentence,C3PA_Dataset/Htmls/WS/114.html,C3PA_Dataset/Annotations/WS/114.csv
WS_114,WS_114_S544,"To help us deliver relevant advertising using cookies, we use Google Marketing Platform.",MULTI_LABEL,Categories of Personal Information Shared / Disclosed;Categories of Personal Information Sold,1,ra4,2,annotation_in_sentence,C3PA_Dataset/Htmls/WS/114.html,C3PA_Dataset/Annotations/WS/114.csv
WS_114,WS_114_S546,"Additionally, to help us deliver relevant advertising using cookies and track audience conversion, we use Facebook Ads.",MULTI_LABEL,Categories of Personal Information Shared / Disclosed;Categories of Personal Information Sold,1,ra4,2,annotation_in_sentence,C3PA_Dataset/Htmls/WS/114.html,C3PA_Dataset/Annotations/WS/114.csv
WS_114,WS_114_S565,"Online Behavioural Advertising cookies: If you are primarily concerned about third party cookies generated by advertisers, you can turn these off by going to Your Online Choices.",MULTI_LABEL,Description of Right to Opt-out of sale of PI;Methods to exercise rights,1,ra5,2,annotation_in_sentence,C3PA_Dataset/Htmls/WS/114.html,C3PA_Dataset/Annotations/WS/114.csv
WS_115,WS_115_S90,"First-party cookies (such as the Google Analytics cookies) and third-party cookies (such as the Remarketing with Google Analytics and DoubleClick cookies) that may be used together to inform, optimize, and serve sponsorship credits based on your past interactions with our Services and other websites or services.",MULTI_LABEL,Categories of Personal Information Shared / Disclosed;Categories of Personal Information Sold,1,ra4,2,annotation_in_sentence,C3PA_Dataset/Htmls/WS/115.html,C3PA_Dataset/Annotations/WS/115.csv
WS_115,WS_115_S91,"In connection with an affiliate-marketing relationship with platforms such as Apple or online retailers, third-party analytics services working with us and such platforms or online retailers may also use cookies to uniquely identify the browsers of (i) users who click on marketing messages we display to promote our podcasts available through Apple Podcasts or iTunes and then later purchase a podcast subscription through Apple, or (ii) users who click on links to an online retailer in NPR content mentioning books, music, or other related merchandise and then later purchase that merchandise on the online retailer's site.",MULTI_LABEL,Categories of Personal Information Shared / Disclosed;Categories of Personal Information Sold,1,ra4,2,annotation_in_sentence,C3PA_Dataset/Htmls/WS/115.html,C3PA_Dataset/Annotations/WS/115.csv
WS_117,WS_117_S34,"For example, in order to permit your connection to the Fox News Services, our servers receive and record information about your computer, device, and browser, including potentially your IP address, browser type, and other software or hardware information.",MULTI_LABEL,Categories of Personal Information Shared / Disclosed;Categories of Personal Information Sold,1,ra5,2,annotation_in_sentence,C3PA_Dataset/Htmls/WS/117.html,C3PA_Dataset/Annotations/WS/117.csv
WS_117,WS_117_S48,"To opt out of Google Analytics specifically, please go to https://tools.google.com/dlpage/gaoptout.",MULTI_LABEL,Description of Right to Opt-out of sale of PI;Methods to exercise rights,1,ra5,2,annotation_in_sentence,C3PA_Dataset/Htmls/WS/117.html,C3PA_Dataset/Annotations/WS/117.csv
WS_117,WS_117_S88,"To opt out of this use, please go to https://optout.liveramp.com/opt_out.",MULTI_LABEL,Description of Right to Opt-out of sale of PI;Methods to exercise rights,1,ra5,2,annotation_in_sentence,C3PA_Dataset/Htmls/WS/117.html,C3PA_Dataset/Annotations/WS/117.csv
WS_117,WS_117_S110,"Depending on your interactions with us, Fox News may not have collected, used or disclosed information from or about you in each of the categories above, and to the extent that Fox News has disclosed information from or about you, it may not include all of the information that we collect from and about you as described in this Privacy Policy.",MULTI_LABEL,Categories of Personal Information Collected;Categories of Personal Information Shared / Disclosed,1,ra1,2,annotation_in_sentence,C3PA_Dataset/Htmls/WS/117.html,C3PA_Dataset/Annotations/WS/117.csv
WS_117,WS_117_S111,"Please note that when the information collected from or about you does not identify you as a specific person, we may use that information for any purpose or share it with other parties, to the extent permitted by applicable law.",MULTI_LABEL,Categories of Personal Information Collected;Categories of Personal Information Shared / Disclosed,1,ra1,2,annotation_in_sentence,C3PA_Dataset/Htmls/WS/117.html,C3PA_Dataset/Annotations/WS/117.csv
WS_117,WS_117_S116,"If you would like to access personal information we hold about you, delete or correct your personal information you have previously provided directly to us, you may visit https://fcprivacy.exterro.net/portal/dsar.htm?target=Fox_News_Network and submit a request.",MULTI_LABEL,Description of Right to Correct Information;Description of Right to Delete;Description of Right to Know PI Collected;Methods to exercise rights,3,ra1;ra4;ra5,9,annotation_in_sentence;sentence_in_annotation,C3PA_Dataset/Htmls/WS/117.html,C3PA_Dataset/Annotations/WS/117.csv
WS_117,WS_117_S155,"If you subscribe to Fox Nation, we and/or Payment Service provider(s) may use payment information to help provide the Fox Nation services.",MULTI_LABEL,Categories of Personal Information Collected;Categories of Personal Information Shared / Disclosed,1,ra4,2,annotation_in_sentence,C3PA_Dataset/Htmls/WS/117.html,C3PA_Dataset/Annotations/WS/117.csv
WS_117,WS_117_S177,"Categories of Personal Information Collected, Disclosed, and/or Sold or Shared:The categories of Personal Information that we have collected, disclosed, and/or ""sold"" or ""shared"" are below, along with the categories of third parties to whom each category of Personal Information was disclosed, and/or sold or ""shared.""",MULTI_LABEL,Categories of Personal Information Collected;Categories of Personal Information Shared / Disclosed;Categories of Personal Information Sold,1,ra4,3,annotation_in_sentence,C3PA_Dataset/Htmls/WS/117.html,C3PA_Dataset/Annotations/WS/117.csv
WS_117,WS_117_S178,"Please note that we disclose some categories of Personal Information in connection with certain types of advertisements, which could be considered ""selling"" or ""sharing"" under the CCPA.",MULTI_LABEL,Categories of Personal Information Shared / Disclosed;Categories of Personal Information Sold,1,ra1,2,annotation_in_sentence,C3PA_Dataset/Htmls/WS/117.html,C3PA_Dataset/Annotations/WS/117.csv
WS_117,WS_117_S237,"Please note that the CCPA definitions of ""sale"" and ""share"" do not include, for example, the transfer of Personal Information as an asset that is part of a merger, bankruptcy, or other similar transaction involving all or any portion of our business.",MULTI_LABEL,Categories of Personal Information Shared / Disclosed;Categories of Personal Information Sold,1,ra1,2,annotation_in_sentence,C3PA_Dataset/Htmls/WS/117.html,C3PA_Dataset/Annotations/WS/117.csv
WS_117,WS_117_S247,"personalizing, advertising, and marketing our products and services;",MULTI_LABEL,Categories of Personal Information Shared / Disclosed;Categories of Personal Information Sold,1,ra4,2,annotation_in_sentence,C3PA_Dataset/Htmls/WS/117.html,C3PA_Dataset/Annotations/WS/117.csv
WS_118,WS_118_S27,Services,MULTI_LABEL,Categories of Personal Information Collected;Categories of Personal Information Shared / Disclosed,3,ra4;ra5;ra6,5,sentence_in_annotation,C3PA_Dataset/Htmls/WS/118.html,C3PA_Dataset/Annotations/WS/118.csv
WS_118,WS_118_S142,"We will use your data to recommend jobs or mentees, show you and others relevant professional contacts (e.g., who work at a company, in an industry, function or location or have certain skills and connections).",MULTI_LABEL,Categories of Personal Information Collected;Categories of Personal Information Shared / Disclosed,2,ra4;ra5,3,annotation_in_sentence,C3PA_Dataset/Htmls/WS/118.html,C3PA_Dataset/Annotations/WS/118.csv
WS_118,WS_118_S184,We adhere to self-regulatory principles for interest-based advertising and participate in industry opt-outs from such ads.,MULTI_LABEL,Description of Right to Opt-out of sale of PI;Methods to exercise rights,1,ra5,2,annotation_in_sentence,C3PA_Dataset/Htmls/WS/118.html,C3PA_Dataset/Annotations/WS/118.csv
WS_118,WS_118_S186,You can also opt-out specifically from our uses of certain categories of data to show you more relevant ads.,MULTI_LABEL,Description of Right to Opt-out of sale of PI;Methods to exercise rights,1,ra5,2,annotation_in_sentence,C3PA_Dataset/Htmls/WS/118.html,C3PA_Dataset/Annotations/WS/118.csv
WS_118,WS_118_S296,You can access or delete your personal data.,MULTI_LABEL,Description of Right to Delete;Description of Right to Know PI Collected,1,ra5,2,annotation_in_sentence,C3PA_Dataset/Htmls/WS/118.html,C3PA_Dataset/Annotations/WS/118.csv
WS_118,WS_118_S304,"Object to, or Limit or Restrict, Use of Data: You can ask us to stop using all or some of your personal data (e.g., if we have no legal right to keep using it) or to limit our use of it (e.g., if your personal data is inaccurate or unlawfully held).",MULTI_LABEL,Description of Right to Limit use of PI;Description of Right to Opt-out of sale of PI,2,ra5;ra6,3,annotation_in_sentence,C3PA_Dataset/Htmls/WS/118.html,C3PA_Dataset/Annotations/WS/118.csv
WS_118,WS_118_S305,Right to Access and/or Take Your Data: You can ask us for a copy of your personal data and can ask for a copy of personal data you provided in machine readable form.,MULTI_LABEL,Description of Right to Know PI Collected;Description of Right to Know PI sold / shared,3,ra4;ra5;ra6,4,annotation_in_sentence,C3PA_Dataset/Htmls/WS/118.html,C3PA_Dataset/Annotations/WS/118.csv
WS_119,WS_119_S302,"With respect to Data Protection Laws in users' jurisdictions, Pornhub Registered Users may request for a copy of their personal data as well as request Pornhub to delete their personal data.",MULTI_LABEL,Description of Right to Delete;Description of Right to Know PI Collected,1,ra5,2,annotation_in_sentence,C3PA_Dataset/Htmls/WS/119.html,C3PA_Dataset/Annotations/WS/119.csv
WS_12,WS_12_S47,You can also request that we correct inaccurate personal information.,MULTI_LABEL,Description of Right to Correct Information;Methods to exercise rights,1,ra1,2,annotation_in_sentence,C3PA_Dataset/Htmls/WS/12.html,C3PA_Dataset/Annotations/WS/12.csv
WS_12,WS_12_S49,"Like all of our members, you can request that we delete your personal information by closing your LinkedIn account or by requesting that we delete specific information about you.",MULTI_LABEL,Description of Right to Delete;Methods to exercise rights,3,ra1;ra2;ra3,4,annotation_in_sentence;sentence_in_annotation,C3PA_Dataset/Htmls/WS/12.html,C3PA_Dataset/Annotations/WS/12.csv
WS_120,WS_120_S32,You can also choose to import your contacts to your Quora account to connect with your friends on the Quora Platform.,MULTI_LABEL,Categories of Personal Information Collected;Categories of Personal Information Shared / Disclosed,1,ra5,2,annotation_in_sentence,C3PA_Dataset/Htmls/WS/120.html,C3PA_Dataset/Annotations/WS/120.csv
WS_120,WS_120_S50,How We Use Your Information and Legal Basis for Processing,MULTI_LABEL,Categories of Personal Information Collected;Categories of Personal Information Shared / Disclosed;Categories of Personal Information Sold,1,ra1,3,annotation_in_sentence,C3PA_Dataset/Htmls/WS/120.html,C3PA_Dataset/Annotations/WS/120.csv
WS_120,WS_120_S130,Access your personal information,MULTI_LABEL,Description of Right to Know PI Collected;Description of Right to Know PI sold / shared,1,ra1,2,annotation_in_sentence,C3PA_Dataset/Htmls/WS/120.html,C3PA_Dataset/Annotations/WS/120.csv
WS_121,WS_121_S202,"You are always free to decline any cookies we use by adjusting the settings of your browser, as your browser may permit; however, some products, services or features might not be available or operate properly if cookies are not enabled.",MULTI_LABEL,Description of Right to Opt-out of sale of PI;Methods to exercise rights,1,ra5,2,annotation_in_sentence,C3PA_Dataset/Htmls/WS/121.html,C3PA_Dataset/Annotations/WS/121.csv
WS_121,WS_121_S294,"ACCESSING, CORRECTING, AND DELETING YOUR PERSONAL INFORMATION",MULTI_LABEL,Description of Right to Correct Information;Description of Right to Delete;Description of Right to Know PI Collected,2,ra1;ra5,4,annotation_in_sentence;sentence_in_annotation,C3PA_Dataset/Htmls/WS/121.html,C3PA_Dataset/Annotations/WS/121.csv
WS_121,WS_121_S295,"Consumers and Professionals may access, review, update, and/or correct inaccuracies in your personal information in our custody and control as described below.",MULTI_LABEL,Description of Right to Correct Information;Description of Right to Know PI Collected,1,ra1,2,annotation_in_sentence,C3PA_Dataset/Htmls/WS/121.html,C3PA_Dataset/Annotations/WS/121.csv
WS_121,WS_121_S297,Consumers may access and edit their personal information by following the instructions found in the “My Profile” or “Edit Your Profile” area of the Services where you registered or submitted personal information.,MULTI_LABEL,Description of Right to Correct Information;Description of Right to Know PI Collected,1,ra5,2,annotation_in_sentence,C3PA_Dataset/Htmls/WS/121.html,C3PA_Dataset/Annotations/WS/121.csv
WS_121,WS_121_S389,Sensitive Personal Information.,MULTI_LABEL,Categories of Personal Information Collected;Categories of Personal Information Shared / Disclosed,1,ra5,2,sentence_in_annotation,C3PA_Dataset/Htmls/WS/121.html,C3PA_Dataset/Annotations/WS/121.csv
WS_124,WS_124_S132,Conduct online behavioral advertising;,MULTI_LABEL,Categories of Personal Information Shared / Disclosed;Categories of Personal Information Sold,1,ra4,2,annotation_in_sentence,C3PA_Dataset/Htmls/WS/124.html,C3PA_Dataset/Annotations/WS/124.csv
WS_124,WS_124_S141,Meet contract or legal obligations;,MULTI_LABEL,Categories of Personal Information Collected;Categories of Personal Information Shared / Disclosed,1,ra4,2,annotation_in_sentence,C3PA_Dataset/Htmls/WS/124.html,C3PA_Dataset/Annotations/WS/124.csv
WS_124,WS_124_S142,Complete corporate transactions such as mergers and acquisitions; and,MULTI_LABEL,Categories of Personal Information Shared / Disclosed;Categories of Personal Information Sold,2,ra4;ra5,3,annotation_in_sentence,C3PA_Dataset/Htmls/WS/124.html,C3PA_Dataset/Annotations/WS/124.csv
WS_124,WS_124_S247,"We share your Personal Data, such as email address and user name, with some third parties for their marketing purposes if we determine they have products or services which may be of interest to you.",MULTI_LABEL,Categories of Personal Information Shared / Disclosed;Categories of Personal Information Sold,2,ra1;ra5,3,annotation_in_sentence,C3PA_Dataset/Htmls/WS/124.html,C3PA_Dataset/Annotations/WS/124.csv
WS_126,WS_126_S165,"You also have the right to amend or update inaccurate or incomplete personal information, request deletion of your personal information, or request that we no longer use it.",MULTI_LABEL,Description of Right to Correct Information;Description of Right to Delete,2,ra1;ra6,4,annotation_in_sentence,C3PA_Dataset/Htmls/WS/126.html,C3PA_Dataset/Annotations/WS/126.csv
WS_126,WS_126_S284,"To make a request according to your rights to know or to request deletion of your PI set forth below, please click here, where you will find a description of the process we use to verify your request and any information that we will need to confirm your identity.",MULTI_LABEL,Description of Right to Delete;Description of Right to Know PI Collected;Description of Right to Know PI sold / shared;Methods to exercise rights,3,ra1;ra5;ra6,6,annotation_in_sentence,C3PA_Dataset/Htmls/WS/126.html,C3PA_Dataset/Annotations/WS/126.csv
WS_127,WS_127_S93,To provide or sell to third parties to allow them to market or advertise their products or services to you;,MULTI_LABEL,Categories of Personal Information Shared / Disclosed;Categories of Personal Information Sold,2,ra4;ra5,4,annotation_in_sentence;sentence_in_annotation,C3PA_Dataset/Htmls/WS/127.html,C3PA_Dataset/Annotations/WS/127.csv
WS_129,WS_129_S40,"We generally process your information when we need to do so to fulfill a contractual obligation (for example, to process your subscription payments to use the Shopify platform), or where we or someone we work with needs to use your personal information for a reason related to their business (for example, to provide you with a service).",MULTI_LABEL,Categories of Personal Information Collected;Categories of Personal Information Shared / Disclosed;Categories of Personal Information Sold,2,ra4;ra6,4,annotation_in_sentence,C3PA_Dataset/Htmls/WS/129.html,C3PA_Dataset/Annotations/WS/129.csv
WS_129,WS_129_S57,"Depending on how you use Shopify, you may have the right to request access to, correct, amend, delete, port to another service provider, restrict, or object to certain uses of your personal information.",MULTI_LABEL,Description of Right to Correct Information;Description of Right to Delete;Description of Right to Know PI Collected;Description of Right to Know PI sold / shared,2,ra5;ra6,6,annotation_in_sentence,C3PA_Dataset/Htmls/WS/129.html,C3PA_Dataset/Annotations/WS/129.csv
WS_129,WS_129_S140,"Internet or other electronic network activity information, including information regarding the device and browser you use, network connection, IP address, and how you browse through our apps and sites;",MULTI_LABEL,Categories of Personal Information Collected;Categories of Personal Information Shared / Disclosed,1,ra6,2,annotation_in_sentence;sentence_in_annotation,C3PA_Dataset/Htmls/WS/129.html,C3PA_Dataset/Annotations/WS/129.csv
WS_129,WS_129_S141,"Geolocation data, including your mailing and billing address;",MULTI_LABEL,Categories of Personal Information Collected;Categories of Personal Information Shared / Disclosed,1,ra6,2,annotation_in_sentence,C3PA_Dataset/Htmls/WS/129.html,C3PA_Dataset/Annotations/WS/129.csv
WS_129,WS_129_S142,"Inferences, or information derived from other personal information about you, which could include your preferences, interests, and other information used to personalize your experience;",MULTI_LABEL,Categories of Personal Information Collected;Categories of Personal Information Shared / Disclosed,1,ra6,2,annotation_in_sentence,C3PA_Dataset/Htmls/WS/129.html,C3PA_Dataset/Annotations/WS/129.csv
WS_129,WS_129_S143,Other information you provide; and,MULTI_LABEL,Categories of Personal Information Collected;Categories of Personal Information Shared / Disclosed,1,ra6,2,annotation_in_sentence,C3PA_Dataset/Htmls/WS/129.html,C3PA_Dataset/Annotations/WS/129.csv
WS_129,WS_129_S185,"Right to Know: The right to request that we disclose to you the personal information we collect, use, or disclose about you, and information about our data practices.",MULTI_LABEL,Description of Right to Know PI Collected;Description of Right to Know PI sold / shared,3,ra4;ra5;ra6,5,annotation_in_sentence,C3PA_Dataset/Htmls/WS/129.html,C3PA_Dataset/Annotations/WS/129.csv
WS_130,WS_130_S64,"This includes information such as Internet Protocol (IP) address, hardware model, operating system, unique device identifiers, mobile network information, location data such as zip code, the address of referring websites, the path you take through our websites, and other information about your session on our websites.",MULTI_LABEL,Categories of Personal Information Shared / Disclosed;Categories of Personal Information Sold,1,ra5,2,annotation_in_sentence,C3PA_Dataset/Htmls/WS/130.html,C3PA_Dataset/Annotations/WS/130.csv
WS_130,WS_130_S133,"Please note that certain state laws have adopted a broad definition of a ""sale"" or ""share"" and may treat certain of these disclosures as sales or sharing under their definitions.",MULTI_LABEL,Categories of Personal Information Shared / Disclosed;Categories of Personal Information Sold,2,ra1;ra5,3,annotation_in_sentence,C3PA_Dataset/Htmls/WS/130.html,C3PA_Dataset/Annotations/WS/130.csv
WS_130,WS_130_S160,"You can learn about your rights relating to prescreened offers including how to opt out by calling 1-888-567-8688 or by going to https://www.optoutprescreen.com/. Certain state laws may also allow consumers the ability to opt out of processing activities that may be considered ""profiling"" under state law, such as prescreened credit card offers.",MULTI_LABEL,Description of Right to Opt-out of sale of PI;Methods to exercise rights,1,ra5,2,annotation_in_sentence,C3PA_Dataset/Htmls/WS/130.html,C3PA_Dataset/Annotations/WS/130.csv
WS_130,WS_130_S332,"You also have the right to request correction or deletion of your CA Personal Information and to opt out of the sale or sharing and automated processing (""profiling"") of your CA Personal Information.",MULTI_LABEL,Description of Right to Correct Information;Description of Right to Delete;Description of Right to Opt-out of sale of PI,3,ra1;ra5;ra6,8,annotation_in_sentence,C3PA_Dataset/Htmls/WS/130.html,C3PA_Dataset/Annotations/WS/130.csv
WS_130,WS_130_S371,Access request: Your access report will include the categories of CA Personal Information we match to you unless otherwise subject to an exception pursuant to law.,MULTI_LABEL,Description of Right to Know PI Collected;Description of Right to Know PI sold / shared,1,ra1,2,annotation_in_sentence,C3PA_Dataset/Htmls/WS/130.html,C3PA_Dataset/Annotations/WS/130.csv
WS_131,WS_131_S36,"In order to do this, your location information may be passed along to our affiliates, agents, vendors or advertisers.",MULTI_LABEL,Categories of Personal Information Shared / Disclosed;Categories of Personal Information Sold,1,ra1,2,annotation_in_sentence,C3PA_Dataset/Htmls/WS/131.html,C3PA_Dataset/Annotations/WS/131.csv
WS_131,WS_131_S47,"Provide you with interest-based ads, push notifications, communications, and offers for products and services from us and our business partners, including based on your precise geolocation;",MULTI_LABEL,Categories of Personal Information Shared / Disclosed;Categories of Personal Information Sold,1,ra4,2,annotation_in_sentence,C3PA_Dataset/Htmls/WS/131.html,C3PA_Dataset/Annotations/WS/131.csv
WS_132,WS_132_S175,"If you consent to link the accounts, Valve may collect and combine information you allowed Valve to receive from a third party with information of your Steam User Account to the degree allowed by your consent at the time.",MULTI_LABEL,Categories of Personal Information Collected;Categories of Personal Information Shared / Disclosed,2,ra1;ra6,3,sentence_in_annotation,C3PA_Dataset/Htmls/WS/132.html,C3PA_Dataset/Annotations/WS/132.csv
WS_132,WS_132_S185,"This gives you access to your Personal Data, allows you to rectify and delete it where necessary and to object to its use where you feel necessary.",MULTI_LABEL,Description of Right to Correct Information;Description of Right to Delete;Description of Right to Know PI Collected,3,ra1;ra5;ra6,8,annotation_in_sentence,C3PA_Dataset/Htmls/WS/132.html,C3PA_Dataset/Annotations/WS/132.csv
WS_133,WS_133_S110,Social Networking.,MULTI_LABEL,Categories of Personal Information Collected;Categories of Personal Information Shared / Disclosed,1,ra4,2,annotation_in_sentence,C3PA_Dataset/Htmls/WS/133.html,C3PA_Dataset/Annotations/WS/133.csv
WS_133,WS_133_S138,"If you don't want Analytics to be used in your browser, you can install the Google Analytics browser add-on (herehttps://tools.google.com/dlpage/gaoptout).",MULTI_LABEL,Description of Right to Opt-out of sale of PI;Methods to exercise rights,1,ra5,2,annotation_in_sentence,C3PA_Dataset/Htmls/WS/133.html,C3PA_Dataset/Annotations/WS/133.csv
WS_133,WS_133_S143,You can learn more and opt out of this use here: https://liveramp.com/opt_out/https://liveramp.com/opt_out/.,MULTI_LABEL,Description of Right to Opt-out of sale of PI;Methods to exercise rights,1,ra5,2,annotation_in_sentence,C3PA_Dataset/Htmls/WS/133.html,C3PA_Dataset/Annotations/WS/133.csv
WS_133,WS_133_S199,"Your privacy rights include (i) the right to know about your personal information that MLB collected, disclosed, sold or shared; (ii) the right to delete your personal information; (iii) the right to correct inaccuracies in your personal information; (iv) the right to opt-out of sale or sharing of your personal information; (v) the right to opt-out of targeted advertising; (vi) the right to data portability; (vii) the right to non-discrimination; and (viii) the right to appeal a refusal to act on your data rights request.",MULTI_LABEL,Description of Right to Correct Information;Description of Right to Delete;Description of Right to Know PI Collected;Description of Right to Know PI sold / shared;Description of Right to Non-discrimination on exercising rights;Description of Right to Opt-out of sale of PI,1,ra1,6,annotation_in_sentence,C3PA_Dataset/Htmls/WS/133.html,C3PA_Dataset/Annotations/WS/133.csv
WS_133,WS_133_S253,MLB does not knowingly sell or share the personal information of minors under 16 years of age without affirmative authorization.,MULTI_LABEL,Categories of Personal Information Shared / Disclosed;Categories of Personal Information Sold,1,ra5,2,annotation_in_sentence,C3PA_Dataset/Htmls/WS/133.html,C3PA_Dataset/Annotations/WS/133.csv
WS_134,WS_134_S49,"Inferences: We may infer data about you based on your interests, where you live, what language(s) you speak, and other data we have access to.",MULTI_LABEL,Categories of Personal Information Collected;Categories of Personal Information Shared / Disclosed,2,ra4;ra5,2,annotation_in_sentence,C3PA_Dataset/Htmls/WS/134.html,C3PA_Dataset/Annotations/WS/134.csv
WS_134,WS_134_S53,"They enable you to test the speed, latency and other primary network characteristics of your TCP/IP network connections and be provided with the results.",MULTI_LABEL,Categories of Personal Information Collected;Categories of Personal Information Sold,1,ra4,2,annotation_in_sentence,C3PA_Dataset/Htmls/WS/134.html,C3PA_Dataset/Annotations/WS/134.csv
WS_134,WS_134_S158,"If you do not wish to receive this advertising, you can change your preferences by clicking here.",MULTI_LABEL,Description of Right to Opt-out of sale of PI;Methods to exercise rights,2,ra4;ra5,3,annotation_in_sentence,C3PA_Dataset/Htmls/WS/134.html,C3PA_Dataset/Annotations/WS/134.csv
WS_135,WS_135_S264,You can opt your current browser out of interest-based advertising from partners that adhere to the Digital Advertising Alliance’s Principles for Online Behavioral Advertising at https://optout.aboutads.info.,MULTI_LABEL,Description of Right to Opt-out of sale of PI;Methods to exercise rights,2,ra4;ra5,2,annotation_in_sentence,C3PA_Dataset/Htmls/WS/135.html,C3PA_Dataset/Annotations/WS/135.csv
WS_135,WS_135_S298,"The California Consumer Privacy Act (CCPA) allows California residents to request access to the specific pieces and categories of personal information that the business has collected about the consumer, the categories of sources for that information, the business or commercial purposes for collecting the information, and the categories of third parties with which the information was shared.",MULTI_LABEL,Description of Right to Know PI Collected;Description of Right to Know PI sold / shared,3,ra1;ra4;ra5,6,annotation_in_sentence,C3PA_Dataset/Htmls/WS/135.html,C3PA_Dataset/Annotations/WS/135.csv
WS_136,WS_136_S65,"Mobile Device Location Information: When you use one of our location-enabled services (for example, when you access Services from a mobile device), we may need to collect and process information about your specific GPS location (including the latitude, longitude or altitude of your mobile device) and the time the location information was recorded, and we may use that information to customize the Services with location-based information, advertising, and features.",MULTI_LABEL,Categories of Personal Information Collected;Categories of Personal Information Shared / Disclosed,2,ra5;ra6,3,annotation_in_sentence,C3PA_Dataset/Htmls/WS/136.html,C3PA_Dataset/Annotations/WS/136.csv
WS_136,WS_136_S192,"We may also aggregate and de-identify your information in such a way that you may not reasonably be re-identified by us or any other company, and may use this information for any other purpose.",MULTI_LABEL,Categories of Personal Information Collected;Categories of Personal Information Shared / Disclosed;Categories of Personal Information Sold,2,ra5;ra6,4,annotation_in_sentence,C3PA_Dataset/Htmls/WS/136.html,C3PA_Dataset/Annotations/WS/136.csv
WS_136,WS_136_S213,"To opt out of this use, please click here.",MULTI_LABEL,Description of Right to Opt-out of sale of PI;Methods to exercise rights,1,ra5,2,annotation_in_sentence,C3PA_Dataset/Htmls/WS/136.html,C3PA_Dataset/Annotations/WS/136.csv
WS_136,WS_136_S230,"We collect personal information for the business and commercial purposes described in the section labled, “HOW WE USE YOUR INFORMATION” above.",MULTI_LABEL,Categories of Personal Information Shared / Disclosed;Categories of Personal Information Sold,1,ra6,2,annotation_in_sentence,C3PA_Dataset/Htmls/WS/136.html,C3PA_Dataset/Annotations/WS/136.csv
WS_136,WS_136_S264,"If you are a California resident, subject to certain limitations, you have the right to (1) request more information about the categories and specific pieces of personal information we have collected, sold and disclosed for a business purpose in the last 12 months, (2) deletion of your personal information, and (3) opt out of the sale of your personal information, if applicable, and (4) be free from discrimination for exercising your rights under the CCPA.",MULTI_LABEL,Description of Right to Delete;Description of Right to Know PI Collected;Description of Right to Know PI sold / shared;Description of Right to Non-discrimination on exercising rights;Description of Right to Opt-out of sale of PI,1,ra6,5,annotation_in_sentence,C3PA_Dataset/Htmls/WS/136.html,C3PA_Dataset/Annotations/WS/136.csv
WS_137,WS_137_S183,Note that we do not knowingly sell or share the personal information of consumers under 16 years of age.,MULTI_LABEL,Categories of Personal Information Shared / Disclosed;Categories of Personal Information Sold,1,ra5,2,annotation_in_sentence,C3PA_Dataset/Htmls/WS/137.html,C3PA_Dataset/Annotations/WS/137.csv
WS_137,WS_137_S249,"To access the information that we have collected about you in a portable and (if technically feasible) readily usable form, including the categories and specific pieces of personal information that we have collected about you, the categories of sources for that information, the business or commercial purposes for collecting, selling, or sharing the information, and the categories of third parties with which the information was shared.",MULTI_LABEL,Description of Right to Know PI Collected;Description of Right to Know PI sold / shared,1,ra5,2,annotation_in_sentence,C3PA_Dataset/Htmls/WS/137.html,C3PA_Dataset/Annotations/WS/137.csv
WS_138,WS_138_S9,"This may include information such as your name, e-mail address, phone number, year of birth, gender, zip code, country, postal address, user name, password, and password reminder questions and answers.",MULTI_LABEL,Categories of Personal Information Shared / Disclosed;Categories of Personal Information Sold,1,ra5,2,annotation_in_sentence,C3PA_Dataset/Htmls/WS/138.html,C3PA_Dataset/Annotations/WS/138.csv
WS_138,WS_138_S91,"If you would like to access, review, revise or delete personal data we have collected from you, please contact us as provided below.",MULTI_LABEL,Description of Right to Correct Information;Description of Right to Delete;Description of Right to Know PI Collected,1,ra5,3,annotation_in_sentence,C3PA_Dataset/Htmls/WS/138.html,C3PA_Dataset/Annotations/WS/138.csv
WS_138,WS_138_S224,You may also opt out of the Sales or Shares of your Personal Information outside of the Cookie context here.,MULTI_LABEL,Description of Right to Opt-out of sale of PI;Methods to exercise rights,2,ra5;ra6,3,annotation_in_sentence,C3PA_Dataset/Htmls/WS/138.html,C3PA_Dataset/Annotations/WS/138.csv
WS_138,WS_138_S226,You may also opt out of the Sale or Sharing of your Personal Information through an opt-out preference signal.,MULTI_LABEL,Description of Right to Opt-out of sale of PI;Methods to exercise rights,2,ra5;ra6,2,annotation_in_sentence,C3PA_Dataset/Htmls/WS/138.html,C3PA_Dataset/Annotations/WS/138.csv
WS_138,WS_138_S329,"Many third-party vendors that perform these functions are members of the Network Advertising Initiative, and you can opt out of those vendors’ delivery of targeted advertising to you by visiting www.networkadvertising.org/managing/opt_out.asp and https://youradchoices.com/control/.",MULTI_LABEL,Description of Right to Opt-out of sale of PI;Methods to exercise rights,1,ra5,2,annotation_in_sentence,C3PA_Dataset/Htmls/WS/138.html,C3PA_Dataset/Annotations/WS/138.csv
WS_139,WS_139_S123,"These technologies are used in analyzing trends, administering the site, tracking users’ movements around the site, and to gather demographic information about our user base as a whole.",MULTI_LABEL,Categories of Personal Information Shared / Disclosed;Categories of Personal Information Sold,1,ra1,2,annotation_in_sentence,C3PA_Dataset/Htmls/WS/139.html,C3PA_Dataset/Annotations/WS/139.csv
WS_139,WS_139_S133,"If you wish to not have this information used for the purpose of serving you targeted ads, you may opt-out by clicking here.",MULTI_LABEL,Description of Right to Opt-out of sale of PI;Methods to exercise rights,1,ra5,2,annotation_in_sentence,C3PA_Dataset/Htmls/WS/139.html,C3PA_Dataset/Annotations/WS/139.csv
WS_139,WS_139_S244,"If applicable, you may have the right to request that we disclose to you categories and specific pieces of Public information we may have obtained from public data sources and Personal information we may have collected directly from you, if any, and delete such, where required.",MULTI_LABEL,Description of Right to Delete;Description of Right to Know PI Collected,2,ra1;ra5,4,annotation_in_sentence,C3PA_Dataset/Htmls/WS/139.html,C3PA_Dataset/Annotations/WS/139.csv
WS_14,WS_14_S56,"On your computer, you may refuse to accept browser cookies by activating the appropriate setting on your browser, and you may have similar capabilities on your mobile device in the preferences for your operating system or browser.",MULTI_LABEL,Description of Right to Opt-out of sale of PI;Methods to exercise rights,1,ra5,2,annotation_in_sentence,C3PA_Dataset/Htmls/WS/14.html,C3PA_Dataset/Annotations/WS/14.csv
WS_14,WS_14_S67,We may also use Google Analytics Advertising Features or other advertising networks to provide you with interest-based advertising based on your online activity.,MULTI_LABEL,Categories of Personal Information Collected;Categories of Personal Information Shared / Disclosed,2,ra4;ra5,2,annotation_in_sentence,C3PA_Dataset/Htmls/WS/14.html,C3PA_Dataset/Annotations/WS/14.csv
WS_14,WS_14_S78,"Email communications that you send to us via the email links on our Site may be shared with a customer service representative, employee, medical expert, or agent that is most able to address your inquiry.",MULTI_LABEL,Categories of Personal Information Collected;Categories of Personal Information Shared / Disclosed,1,ra5,2,annotation_in_sentence,C3PA_Dataset/Htmls/WS/14.html,C3PA_Dataset/Annotations/WS/14.csv
WS_14,WS_14_S87,"If survey respondents provide personal information (such as an email address) in a survey, it is shared only with those people who need to see it to respond to the question or request, or with third parties who perform data management services for our site.",MULTI_LABEL,Categories of Personal Information Collected;Categories of Personal Information Shared / Disclosed,1,ra5,2,annotation_in_sentence,C3PA_Dataset/Htmls/WS/14.html,C3PA_Dataset/Annotations/WS/14.csv
WS_14,WS_14_S162,You also can request a correction to your patient information through our Patient Online Services or health information management department.,MULTI_LABEL,Description of Right to Correct Information;Methods to exercise rights,1,ra5,2,annotation_in_sentence,C3PA_Dataset/Htmls/WS/14.html,C3PA_Dataset/Annotations/WS/14.csv
WS_14,WS_14_S221,"Mayo Clinic and our partners use technologies such as cookies to collect information from your browser to deliver relevant advertising on our site, in emails and across the Internet, personalize content and perform site analytics.",MULTI_LABEL,Categories of Personal Information Collected;Categories of Personal Information Shared / Disclosed,1,ra5,2,annotation_in_sentence,C3PA_Dataset/Htmls/WS/14.html,C3PA_Dataset/Annotations/WS/14.csv
WS_140,WS_140_S265,"We reserve the right to use, transfer, sell, and share data about our users for any lawful business purpose, such as analyzing usage trends and seeking compatible advertisers, sponsors, clients, and customers.",MULTI_LABEL,Categories of Personal Information Collected;Categories of Personal Information Shared / Disclosed;Categories of Personal Information Sold,1,ra1,3,annotation_in_sentence,C3PA_Dataset/Htmls/WS/140.html,C3PA_Dataset/Annotations/WS/140.csv
WS_140,WS_140_S330,"Pursuant to the California Consumer Privacy Act of 2018, below is a summary of the personal information we collect from consumers, the parties with whom we may have disclosed the personal information for business purposes, and the parties to whom we may have sold or shared the personal information.",MULTI_LABEL,Categories of Personal Information Collected;Categories of Personal Information Shared / Disclosed;Categories of Personal Information Sold,1,ra1,3,annotation_in_sentence,C3PA_Dataset/Htmls/WS/140.html,C3PA_Dataset/Annotations/WS/140.csv
WS_140,WS_140_S604,We also use or disclose the combined information and inferences for the purposes identified below.,MULTI_LABEL,Categories of Personal Information Shared / Disclosed;Categories of Personal Information Sold,1,ra1,2,annotation_in_sentence,C3PA_Dataset/Htmls/WS/140.html,C3PA_Dataset/Annotations/WS/140.csv
WS_140,WS_140_S675,The DAA and NAI provide mechanisms for you to opt out of interest-based advertising performed by participating members at http://www.aboutads.info/choices/ and https://optout.networkadvertising.org/. We adhere to the DAA’s Self-Regulatory Principles for Online Behavioral Advertising.,MULTI_LABEL,Description of Right to Opt-out of sale of PI;Methods to exercise rights,1,ra5,2,annotation_in_sentence,C3PA_Dataset/Htmls/WS/140.html,C3PA_Dataset/Annotations/WS/140.csv
WS_142,WS_142_S560,"Internet or other Network activity: information including your interactions with our Services and what led you to our Services (including traffic related information) ; device type and/or identifier, operating system and version, browser type and settings and cookie-related data (e.g. cookie ID).",MULTI_LABEL,Categories of Personal Information Shared / Disclosed;Categories of Personal Information Sold,1,ra5,2,annotation_in_sentence;sentence_in_annotation,C3PA_Dataset/Htmls/WS/142.html,C3PA_Dataset/Annotations/WS/142.csv
WS_142,WS_142_S568,"We use these categories of personal information for our business and commercial purposes as described throughout the Reverb Privacy Policies, including for the following purposes: providing the Services, processing orders and transactions, internal business analytics, tailoring and personalizing the Services to you, for advertising and marketing purposes; undertaking activities to verify or maintain the quality, integrity, and safety of our Services and to improve, upgrade, or enhance them; maintaining or servicing accounts, providing customer service, verifying customer information, processing payments, and providing analytics services.",MULTI_LABEL,Categories of Personal Information Shared / Disclosed;Categories of Personal Information Sold,1,ra5,2,annotation_in_sentence,C3PA_Dataset/Htmls/WS/142.html,C3PA_Dataset/Annotations/WS/142.csv
WS_142,WS_142_S581,You can opt out of allowing us to share your data for purposes of cross-context behavioral advertising by clicking the “Do Not Sell or Share My Personal Info” link at the footer of our homepage or through your account privacy settings.,MULTI_LABEL,Description of Right to Opt-out of sale of PI;Methods to exercise rights,1,ra5,2,annotation_in_sentence,C3PA_Dataset/Htmls/WS/142.html,C3PA_Dataset/Annotations/WS/142.csv
WS_142,WS_142_S582,We do not have actual knowledge that we sell or share the personal information of minors under 16 years of age.,MULTI_LABEL,Categories of Personal Information Shared / Disclosed;Categories of Personal Information Sold,1,ra5,2,annotation_in_sentence,C3PA_Dataset/Htmls/WS/142.html,C3PA_Dataset/Annotations/WS/142.csv
WS_145,WS_145_S71,You can learn more about Google’s data practices and your privacy choices by visiting www.google.com/policies/privacy/partners/. Google provides an opt-out of Google Analytics by downloading and installing the browser add-on located here tools.google.com/dlpage/gaoptout/.,MULTI_LABEL,Description of Right to Opt-out of sale of PI;Methods to exercise rights,1,ra5,2,annotation_in_sentence,C3PA_Dataset/Htmls/WS/145.html,C3PA_Dataset/Annotations/WS/145.csv
WS_145,WS_145_S92,"deliver addressable or tailored advertising to you within the Services, via email, or through third-party websites and platforms;",MULTI_LABEL,Categories of Personal Information Shared / Disclosed;Categories of Personal Information Sold,1,ra5,2,annotation_in_sentence,C3PA_Dataset/Htmls/WS/145.html,C3PA_Dataset/Annotations/WS/145.csv
WS_145,WS_145_S185,To opt out of personalized advertising delivered by LiveRamp visit https://liveramp.com/opt_out/.,MULTI_LABEL,Description of Right to Opt-out of sale of PI;Methods to exercise rights,1,ra5,2,annotation_in_sentence,C3PA_Dataset/Htmls/WS/145.html,C3PA_Dataset/Annotations/WS/145.csv
WS_148,WS_148_S230,"We may use or share such information with third parties for research or commercial purposes (e.g., analyzing trends based on foot traffic).",MULTI_LABEL,Categories of Personal Information Shared / Disclosed;Categories of Personal Information Sold,1,ra5,2,annotation_in_sentence,C3PA_Dataset/Htmls/WS/148.html,C3PA_Dataset/Annotations/WS/148.csv
WS_149,WS_149_S27,"Profiles and Inferences: This includes inferences drawn from any of the information identified above to create a profile reflecting preferences, characteristics, predispositions, behaviour, and attitudes.",MULTI_LABEL,Categories of Personal Information Shared / Disclosed;Categories of Personal Information Sold,1,ra5,2,annotation_in_sentence,C3PA_Dataset/Htmls/WS/149.html,C3PA_Dataset/Annotations/WS/149.csv
WS_149,WS_149_S109,"Right to Know: You have the right to request that we disclose to you the personal information we have collected, used, disclosed and sold over the past 12 months, and information about our data practices.",MULTI_LABEL,Description of Right to Know PI Collected;Description of Right to Know PI sold / shared,1,ra5,2,annotation_in_sentence,C3PA_Dataset/Htmls/WS/149.html,C3PA_Dataset/Annotations/WS/149.csv
WS_149,WS_149_S113,"Right to Opt-Out of ""Sale"" of personal information: You can opt out of the ""sale"" of your personal information to ""third parties"" by clicking on this link (as those terms are defined in the CCPA).",MULTI_LABEL,Description of Right to Opt-out of sale of PI;Methods to exercise rights,1,ra5,2,annotation_in_sentence,C3PA_Dataset/Htmls/WS/149.html,C3PA_Dataset/Annotations/WS/149.csv
WS_15,WS_15_S334,"First, as noted elsewhere in this Policy, to the extent regulators take the position that the disclosure of information for matched ads is a “sale,” we will opt you out of such matched ads if you are a resident of an applicable jurisdiction and you exercise your right not to have your personal information “sold.”",MULTI_LABEL,Categories of Personal Information Shared / Disclosed;Categories of Personal Information Sold,1,ra2,2,annotation_in_sentence,C3PA_Dataset/Htmls/WS/15.html,C3PA_Dataset/Annotations/WS/15.csv
WS_15,WS_15_S350,"v. We provide information about participants in our sweepstakes, contests and similar promotions to the promotions’ sponsors.",MULTI_LABEL,Categories of Personal Information Shared / Disclosed;Categories of Personal Information Sold,1,ra4,2,annotation_in_sentence,C3PA_Dataset/Htmls/WS/15.html,C3PA_Dataset/Annotations/WS/15.csv
WS_15,WS_15_S403,"Access, modify or delete the personal information we have about you",MULTI_LABEL,Description of Right to Correct Information;Description of Right to Delete;Description of Right to Know PI Collected,1,ra2,3,annotation_in_sentence,C3PA_Dataset/Htmls/WS/15.html,C3PA_Dataset/Annotations/WS/15.csv
WS_15,WS_15_S467,"Rights to Know, Correction and Deletion",MULTI_LABEL,Description of Right to Correct Information;Description of Right to Delete,1,ra4,2,annotation_in_sentence,C3PA_Dataset/Htmls/WS/15.html,C3PA_Dataset/Annotations/WS/15.csv
WS_15,WS_15_S471,"You also have rights to request that we correct inaccurate personal information and that we delete personal information under certain circumstances, subject to a number of exceptions.",MULTI_LABEL,Description of Right to Correct Information;Description of Right to Delete,3,ra2;ra3;ra4,6,annotation_in_sentence,C3PA_Dataset/Htmls/WS/15.html,C3PA_Dataset/Annotations/WS/15.csv
WS_152,WS_152_S324,"HubSpot and our partners use cookies or similar technologies (such as web beacons and JavaScript) to analyze trends, administer the website, monitor how visitors navigate around the websites, and to gather demographic information about our user base as a whole.",MULTI_LABEL,Categories of Personal Information Collected;Categories of Personal Information Shared / Disclosed,1,ra5,2,annotation_in_sentence,C3PA_Dataset/Htmls/WS/152.html,C3PA_Dataset/Annotations/WS/152.csv
WS_152,WS_152_S332,"If you wish to not have this information used for the purpose of serving you targeted ads, you may opt-out by using these services: https://optout.networkadvertising.org/ or https://optout.aboutads.info/ (or if located in the European Union, by clicking here: http://www.youronlinechoices.eu/).",MULTI_LABEL,Description of Right to Opt-out of sale of PI;Methods to exercise rights,1,ra5,2,annotation_in_sentence,C3PA_Dataset/Htmls/WS/152.html,C3PA_Dataset/Annotations/WS/152.csv
WS_152,WS_152_S339,"You can request access, correction, updates or deletion of your Personal Data.",MULTI_LABEL,Description of Right to Correct Information;Description of Right to Know PI Collected,1,ra5,2,sentence_in_annotation,C3PA_Dataset/Htmls/WS/152.html,C3PA_Dataset/Annotations/WS/152.csv
WS_152,WS_152_S405,"The right of access means that you have the right to request that we disclose what Personal Information we have collected, used and disclosed about you in the past 12 months.",MULTI_LABEL,Description of Right to Know PI Collected;Description of Right to Know PI sold / shared,1,ra5,2,annotation_in_sentence,C3PA_Dataset/Htmls/WS/152.html,C3PA_Dataset/Annotations/WS/152.csv
WS_155,WS_155_S146,The right to access and rectification or correction.,MULTI_LABEL,Description of Right to Correct Information;Description of Right to Know PI Collected,1,ra5,2,sentence_in_annotation,C3PA_Dataset/Htmls/WS/155.html,C3PA_Dataset/Annotations/WS/155.csv
WS_158,WS_158_S355,"California law requires that we describe the personal information we collect, disclose, and sale/share based on certain defined categories.",MULTI_LABEL,Description of Right to Know PI Collected;Description of Right to Know PI sold / shared,1,ra6,2,annotation_in_sentence,C3PA_Dataset/Htmls/WS/158.html,C3PA_Dataset/Annotations/WS/158.csv
WS_162,WS_162_S195,"Examples: Browsing history, search history, and information regarding a consumer's interaction with an internet website, application, or advertisement.",MULTI_LABEL,Categories of Personal Information Collected;Categories of Personal Information Shared / Disclosed,1,ra6,4,sentence_in_annotation,C3PA_Dataset/Htmls/WS/162.html,C3PA_Dataset/Annotations/WS/162.csv
WS_162,WS_162_S213,Examples: Job application or resume information and past and current job history.,MULTI_LABEL,Categories of Personal Information Collected;Categories of Personal Information Shared / Disclosed,1,ra6,4,sentence_in_annotation,C3PA_Dataset/Htmls/WS/162.html,C3PA_Dataset/Annotations/WS/162.csv
WS_165,WS_165_S146,"For marketing our products and Services or those of third parties, such as our business partners, including to solicit or publish testimonials or feedback about our products and Services; send you marketing and promotional communications or product recommendations (via email, phone, or other online and offline channels) about our Services or those of third parties; facilitate your participation in a contest or event; assess ad impressions or engage in contextual ad customization.",MULTI_LABEL,Categories of Personal Information Collected;Categories of Personal Information Shared / Disclosed;Categories of Personal Information Sold,1,ra6,6,annotation_in_sentence,C3PA_Dataset/Htmls/WS/165.html,C3PA_Dataset/Annotations/WS/165.csv
WS_165,WS_165_S157,"Corporate transactions, such as sales, mergers, acquisitions, reorganizations, bankruptcy, and other corporate events.",MULTI_LABEL,Categories of Personal Information Collected;Categories of Personal Information Shared / Disclosed;Categories of Personal Information Sold,1,ra6,6,annotation_in_sentence,C3PA_Dataset/Htmls/WS/165.html,C3PA_Dataset/Annotations/WS/165.csv
WS_166,WS_166_S132,From time to time we may share our postal mailing list with selected providers of goods and services that may be of interest to you.,MULTI_LABEL,Categories of Personal Information Shared / Disclosed;Categories of Personal Information Sold,1,ra6,2,annotation_in_sentence,C3PA_Dataset/Htmls/WS/166.html,C3PA_Dataset/Annotations/WS/166.csv
WS_166,WS_166_S347,A.    Identifiers,MULTI_LABEL,Categories of Personal Information Collected;Categories of Personal Information Shared / Disclosed;Categories of Personal Information Sold,1,ra6,4,annotation_in_sentence,C3PA_Dataset/Htmls/WS/166.html,C3PA_Dataset/Annotations/WS/166.csv
WS_166,WS_166_S359,F.     Internet or other similar network activity.,MULTI_LABEL,Categories of Personal Information Collected;Categories of Personal Information Shared / Disclosed;Categories of Personal Information Sold,1,ra6,4,annotation_in_sentence,C3PA_Dataset/Htmls/WS/166.html,C3PA_Dataset/Annotations/WS/166.csv
WS_166,WS_166_S361,G.    Geolocation data.,MULTI_LABEL,Categories of Personal Information Collected;Categories of Personal Information Shared / Disclosed;Categories of Personal Information Sold,1,ra6,4,annotation_in_sentence,C3PA_Dataset/Htmls/WS/166.html,C3PA_Dataset/Annotations/WS/166.csv
WS_166,WS_166_S369,K.    Inferences drawn from other personal information.,MULTI_LABEL,Categories of Personal Information Collected;Categories of Personal Information Shared / Disclosed;Categories of Personal Information Sold,1,ra6,4,annotation_in_sentence,C3PA_Dataset/Htmls/WS/166.html,C3PA_Dataset/Annotations/WS/166.csv
WS_167,WS_167_S68,"If you are a resident of Arizona, California, Connecticut, Georgia, Illinois, Maine, Minnesota, Montana, Nevada, New Jersey, North Carolina, Oregon, or Virginia, you have the right to request access to and correction of the personal information that we have collected from or about you.",MULTI_LABEL,Description of Right to Correct Information;Description of Right to Know PI Collected,1,ra6,2,annotation_in_sentence,C3PA_Dataset/Htmls/WS/167.html,C3PA_Dataset/Annotations/WS/167.csv
WS_169,WS_169_S224,"Internet or network activity information, such as browsing history, online behavior, and interactions with our and other websites, applications and systems.",MULTI_LABEL,Categories of Personal Information Collected;Categories of Personal Information Sold,1,ra6,2,annotation_in_sentence,C3PA_Dataset/Htmls/WS/169.html,C3PA_Dataset/Annotations/WS/169.csv
WS_169,WS_169_S228,"Geolocation data, such as device location and IP location.",MULTI_LABEL,Categories of Personal Information Collected;Categories of Personal Information Sold,1,ra6,2,annotation_in_sentence,C3PA_Dataset/Htmls/WS/169.html,C3PA_Dataset/Annotations/WS/169.csv
WS_18,WS_18_S29,Prevention of Fraud and Other Harm,MULTI_LABEL,Categories of Personal Information Collected;Categories of Personal Information Shared / Disclosed;Categories of Personal Information Sold,2,ra1;ra2,4,sentence_in_annotation,C3PA_Dataset/Htmls/WS/18.html,C3PA_Dataset/Annotations/WS/18.csv
WS_18,WS_18_S30,Legal Compliance,MULTI_LABEL,Categories of Personal Information Collected;Categories of Personal Information Shared / Disclosed,2,ra1;ra2,2,sentence_in_annotation,C3PA_Dataset/Htmls/WS/18.html,C3PA_Dataset/Annotations/WS/18.csv
WS_18,WS_18_S317,We do not collect or process Sensitive Personal Information (as defined by California law) for the purpose of inferring characteristics about individuals.,MULTI_LABEL,Categories of Personal Information Collected;Categories of Personal Information Shared / Disclosed,2,ra1;ra2,3,annotation_in_sentence,C3PA_Dataset/Htmls/WS/18.html,C3PA_Dataset/Annotations/WS/18.csv
WS_18,WS_18_S318,"To the extent we process deidentified information, we will maintain and use the information in deidentified form and will not attempt to reidentify the information unless permitted by applicable law.",MULTI_LABEL,Categories of Personal Information Collected;Categories of Personal Information Shared / Disclosed,1,ra1,2,annotation_in_sentence,C3PA_Dataset/Htmls/WS/18.html,C3PA_Dataset/Annotations/WS/18.csv
WS_18,WS_18_S359,Right to request Target correct inaccurate personal information we maintain about you,MULTI_LABEL,Description of Right to Correct Information;Description of Right to Delete,3,ra1;ra2;ra3,3,annotation_in_sentence,C3PA_Dataset/Htmls/WS/18.html,C3PA_Dataset/Annotations/WS/18.csv
WS_18,WS_18_S360,Right to request Target delete Personal Information we have collected from you,MULTI_LABEL,Description of Right to Correct Information;Description of Right to Delete,3,ra1;ra2;ra3,3,annotation_in_sentence,C3PA_Dataset/Htmls/WS/18.html,C3PA_Dataset/Annotations/WS/18.csv
WS_19,WS_19_S101,You can change or remove these details using the profile and settings area of your Guardian account.,MULTI_LABEL,Description of Right to Correct Information;Description of Right to Delete,1,ra2,2,annotation_in_sentence,C3PA_Dataset/Htmls/WS/19.html,C3PA_Dataset/Annotations/WS/19.csv
WS_2,WS_2_S31,Information you provide directly.,MULTI_LABEL,Categories of Personal Information Shared / Disclosed;Categories of Personal Information Sold,1,ra5,2,annotation_in_sentence,C3PA_Dataset/Htmls/WS/2.html,C3PA_Dataset/Annotations/WS/2.csv
WS_2,WS_2_S94,Content you post online.,MULTI_LABEL,Categories of Personal Information Shared / Disclosed;Categories of Personal Information Sold,1,ra5,2,sentence_in_annotation,C3PA_Dataset/Htmls/WS/2.html,C3PA_Dataset/Annotations/WS/2.csv
WS_2,WS_2_S125,How to Manage Digital Trackers.,MULTI_LABEL,Description of Right to Opt-out of sale of PI;Methods to exercise rights,1,ra5,2,sentence_in_annotation,C3PA_Dataset/Htmls/WS/2.html,C3PA_Dataset/Annotations/WS/2.csv
WS_2,WS_2_S234,You can get information about your membership and the personal information we may have collected about you through any of the contact methods listed above.,MULTI_LABEL,Description of Right to Know PI Collected;Description of Right to Know PI sold / shared;Methods to exercise rights,1,ra5,3,annotation_in_sentence,C3PA_Dataset/Htmls/WS/2.html,C3PA_Dataset/Annotations/WS/2.csv
WS_2,WS_2_S447,"You can choose not to allow certain types of cookies via the settings, but it may impact your experience and some features on the site.",MULTI_LABEL,Description of Right to Opt-out of sale of PI;Methods to exercise rights,1,ra5,2,annotation_in_sentence,C3PA_Dataset/Htmls/WS/2.html,C3PA_Dataset/Annotations/WS/2.csv
WS_21,WS_21_S484,We also partner with Amazon to deliver advertisements.,MULTI_LABEL,Categories of Personal Information Shared / Disclosed;Categories of Personal Information Sold,1,ra4,2,annotation_in_sentence,C3PA_Dataset/Htmls/WS/21.html,C3PA_Dataset/Annotations/WS/21.csv
WS_22,WS_22_S34,This information helps our Sites and Apps work correctly and supports our marketing and analytics efforts.,MULTI_LABEL,Categories of Personal Information Shared / Disclosed;Categories of Personal Information Sold,1,ra1,2,annotation_in_sentence,C3PA_Dataset/Htmls/WS/22.html,C3PA_Dataset/Annotations/WS/22.csv
WS_22,WS_22_S125,"To exercise your privacy options such as right to know/access, right to delete, right to correct and other privacy choices, please click here.",MULTI_LABEL,Description of Right to Correct Information;Description of Right to Delete;Description of Right to Know PI Collected;Methods to exercise rights,3,ra1;ra2;ra3,6,annotation_in_sentence,C3PA_Dataset/Htmls/WS/22.html,C3PA_Dataset/Annotations/WS/22.csv
WS_22,WS_22_S195,We do not collect or process sensitive personal information for purposes of inferring characteristics about consumers.,MULTI_LABEL,Categories of Personal Information Collected;Categories of Personal Information Shared / Disclosed;Categories of Personal Information Sold,2,ra1;ra2,4,annotation_in_sentence,C3PA_Dataset/Htmls/WS/22.html,C3PA_Dataset/Annotations/WS/22.csv
WS_22,WS_22_S295,"Right to Know: You have the right to request, twice in a 12-month period, a report that details the categories of personal information collected about you, the categories of sources from which the personal information is collected, the purposes for collecting the personal information, the categories of personal information that we disclose for a business purpose, sell or share and the categories of third parties with whom the information is shared, and the specific pieces of personal information collected about you.",MULTI_LABEL,Description of Right to Know PI Collected;Description of Right to Know PI sold / shared,3,ra1;ra2;ra3,6,annotation_in_sentence,C3PA_Dataset/Htmls/WS/22.html,C3PA_Dataset/Annotations/WS/22.csv
WS_22,WS_22_S388,Right to opt-out of Sharing of Personal Information/Opt-out of Targeted Advertising: You have the right to opt-out of sharing of personal information or opt-out of targeted advertising.,MULTI_LABEL,Description of Right to Non-discrimination on exercising rights;Description of Right to Opt-out of sale of PI,3,ra1;ra2;ra3,3,annotation_in_sentence,C3PA_Dataset/Htmls/WS/22.html,C3PA_Dataset/Annotations/WS/22.csv
WS_22,WS_22_S392,"Right to Know: You have the right to request, twice in a 12-month period, a report that details the categories of personal information collected about you, the categories of sources from which the personal information is collected, the purposes for collecting the personal information, the categories of third parties which whom we share the personal information and the specific pieces of personal information collected about you over the past 12 months.",MULTI_LABEL,Description of Right to Know PI Collected;Description of Right to Know PI sold / shared,3,ra1;ra2;ra3,5,annotation_in_sentence,C3PA_Dataset/Htmls/WS/22.html,C3PA_Dataset/Annotations/WS/22.csv
WS_23,WS_23_S141,"We then send out a “bid request"" to the advertising networks we work with.",MULTI_LABEL,Categories of Personal Information Shared / Disclosed;Categories of Personal Information Sold,1,ra4,2,annotation_in_sentence,C3PA_Dataset/Htmls/WS/23.html,C3PA_Dataset/Annotations/WS/23.csv
WS_23,WS_23_S143,The winner then gets to display their ad.,MULTI_LABEL,Categories of Personal Information Shared / Disclosed;Categories of Personal Information Sold,1,ra4,2,annotation_in_sentence,C3PA_Dataset/Htmls/WS/23.html,C3PA_Dataset/Annotations/WS/23.csv
WS_23,WS_23_S159,"If you accept the use of cookies in our Consent Management Platform, when you submit your email address to create an account or sign-up to a newsletter we may share your email address in a hashed form with Amazon Publisher Services (APS).",MULTI_LABEL,Categories of Personal Information Shared / Disclosed;Categories of Personal Information Sold,2,ra2;ra4,3,annotation_in_sentence,C3PA_Dataset/Htmls/WS/23.html,C3PA_Dataset/Annotations/WS/23.csv
WS_23,WS_23_S315,"It will always be clear who the offer or promotion has come from, and we don""t sell or give our email lists to anyone else.",MULTI_LABEL,Categories of Personal Information Shared / Disclosed;Categories of Personal Information Sold,1,ra4,2,annotation_in_sentence,C3PA_Dataset/Htmls/WS/23.html,C3PA_Dataset/Annotations/WS/23.csv
WS_23,WS_23_S403,"Occasionally, those surveys might ask you about things which the law considers to be especially sensitive, such as your voting intentions or your religious beliefs.",MULTI_LABEL,Categories of Personal Information Collected;Categories of Personal Information Shared / Disclosed;Categories of Personal Information Sold,1,ra4,3,annotation_in_sentence,C3PA_Dataset/Htmls/WS/23.html,C3PA_Dataset/Annotations/WS/23.csv
WS_23,WS_23_S488,We will also use personal information to manage and administer our business generally.,MULTI_LABEL,Categories of Personal Information Collected;Categories of Personal Information Shared / Disclosed,2,ra3;ra4,3,annotation_in_sentence,C3PA_Dataset/Htmls/WS/23.html,C3PA_Dataset/Annotations/WS/23.csv
WS_23,WS_23_S565,"The table below provides a summary of the categories of your personal information Reach may have collected, the sources of that data, the reasons for collection and who we may have disclosed the data to over the last twelve months.",MULTI_LABEL,Categories of Personal Information Collected;Categories of Personal Information Shared / Disclosed,1,ra4,2,annotation_in_sentence,C3PA_Dataset/Htmls/WS/23.html,C3PA_Dataset/Annotations/WS/23.csv
WS_24,WS_24_S41,Providing advertising and marketing services;,MULTI_LABEL,Categories of Personal Information Collected;Categories of Personal Information Shared / Disclosed;Categories of Personal Information Sold,1,ra4,3,annotation_in_sentence,C3PA_Dataset/Htmls/WS/24.html,C3PA_Dataset/Annotations/WS/24.csv
WS_24,WS_24_S43,"Short-term, transient use, such as non-personalized advertising shown as part of your current interaction with us;",MULTI_LABEL,Categories of Personal Information Shared / Disclosed;Categories of Personal Information Sold,1,ra4,2,annotation_in_sentence,C3PA_Dataset/Htmls/WS/24.html,C3PA_Dataset/Annotations/WS/24.csv
WS_24,WS_24_S68,Sale or Sharing of Personal Information,MULTI_LABEL,Categories of Personal Information Shared / Disclosed;Categories of Personal Information Sold,1,ra4,2,annotation_in_sentence,C3PA_Dataset/Htmls/WS/24.html,C3PA_Dataset/Annotations/WS/24.csv
WS_24,WS_24_S146,"Access: You have the right to request, twice in a 12-month period, that we disclose to you the personal information we have collected, used, disclosed, and sold or shared about you.",MULTI_LABEL,Description of Right to Know PI Collected;Description of Right to Know PI sold / shared,2,ra2;ra3,4,annotation_in_sentence,C3PA_Dataset/Htmls/WS/24.html,C3PA_Dataset/Annotations/WS/24.csv
WS_25,WS_25_S202,"To opt out of LiveRamp on wikiHow, please go here: https://optout.liveramp.com/opt_out.",MULTI_LABEL,Description of Right to Opt-out of sale of PI;Methods to exercise rights,1,ra5,2,annotation_in_sentence,C3PA_Dataset/Htmls/WS/25.html,C3PA_Dataset/Annotations/WS/25.csv
WS_25,WS_25_S304,"To opt out of these sales, please use the following link: Do Not Sell or Share My Personal Information.",MULTI_LABEL,Description of Right to Opt-out of sale of PI;Methods to exercise rights,1,ra5,2,annotation_in_sentence,C3PA_Dataset/Htmls/WS/25.html,C3PA_Dataset/Annotations/WS/25.csv
WS_25,WS_25_S313,Certain individuals may opt-out of the sale of their information by using the following link: Do Not Sell or Share My Personal Information.,MULTI_LABEL,Description of Right to Opt-out of sale of PI;Methods to exercise rights,1,ra3,2,sentence_in_annotation,C3PA_Dataset/Htmls/WS/25.html,C3PA_Dataset/Annotations/WS/25.csv
WS_27,WS_27_S132,"We also use information to consider and implement mergers, acquisitions, reorganizations, bankruptcies, and other business transactions such as financings, and as related to the administration of our general business, accounting, auditing, compliance, recordkeeping, legal and other internal functions.",MULTI_LABEL,Categories of Personal Information Shared / Disclosed;Categories of Personal Information Sold,2,ra4;ra5,3,annotation_in_sentence,C3PA_Dataset/Htmls/WS/27.html,C3PA_Dataset/Annotations/WS/27.csv
WS_27,WS_27_S164,"For example, we make information collected via cookies and similar technologies on our Platform available to third-party advertising companies to serve you with relevant ads and content and to manage, improve and measure our advertising campaigns (see About Cookies and Similar Technologies below for more information).",MULTI_LABEL,Categories of Personal Information Shared / Disclosed;Categories of Personal Information Sold,1,ra4,2,annotation_in_sentence,C3PA_Dataset/Htmls/WS/27.html,C3PA_Dataset/Annotations/WS/27.csv
WS_27,WS_27_S170,"Nike does not share your fitness and activity information obtained from fitness health repositories you connect with (such as Apple HealthKit) with third parties for advertising, marketing, or other use-based data mining purposes.",MULTI_LABEL,Categories of Personal Information Shared / Disclosed;Categories of Personal Information Sold,2,ra4;ra5,3,annotation_in_sentence,C3PA_Dataset/Htmls/WS/27.html,C3PA_Dataset/Annotations/WS/27.csv
WS_27,WS_27_S256,You may opt out of targeted advertising by clicking “Your Privacy Choices” in the footer of our website or by accessing the Privacy & Cookies page.,MULTI_LABEL,Description of Right to Opt-out of sale of PI;Methods to exercise rights,2,ra4;ra5,3,annotation_in_sentence,C3PA_Dataset/Htmls/WS/27.html,C3PA_Dataset/Annotations/WS/27.csv
WS_27,WS_27_S288,We also use cookies and similar technologies to target advertising and content across our Platform and third-party sites and services.,MULTI_LABEL,Categories of Personal Information Shared / Disclosed;Categories of Personal Information Sold,2,ra4;ra5,3,annotation_in_sentence,C3PA_Dataset/Htmls/WS/27.html,C3PA_Dataset/Annotations/WS/27.csv
WS_27,WS_27_S307,"To adjust your advertising preferences in Android, visit Settings > Google > Ads > Opt out of interest-based ads.",MULTI_LABEL,Description of Right to Opt-out of sale of PI;Methods to exercise rights,1,ra5,2,annotation_in_sentence,C3PA_Dataset/Htmls/WS/27.html,C3PA_Dataset/Annotations/WS/27.csv
WS_28,WS_28_S235,"Zoom may permit advertising and analytics services that are intended to deliver advertising to you and/or analyze your interactions, based on your interactions with our website or app which may constitute a “sale” or “sharing” of data for targeted advertising purposes under certain state privacy laws.",MULTI_LABEL,Categories of Personal Information Shared / Disclosed;Categories of Personal Information Sold,2,ra2;ra4,3,annotation_in_sentence,C3PA_Dataset/Htmls/WS/28.html,C3PA_Dataset/Annotations/WS/28.csv
WS_28,WS_28_S241,"Access the categories and specific pieces of personal data Zoom has collected, the categories of sources from which the personal data is collected, the business purpose(s) for collecting the personal data, and the categories of third parties with whom Zoom has shared personal data, and obtain the personal data in a portable and, to the extent technically feasible, readily usable format;",MULTI_LABEL,Description of Right to Know PI Collected;Description of Right to Know PI sold / shared,2,ra2;ra3,3,annotation_in_sentence,C3PA_Dataset/Htmls/WS/28.html,C3PA_Dataset/Annotations/WS/28.csv
WS_29,WS_29_S63,"Groupon uses your geolocation, including your precise geolocation, consistent with this Privacy Notice as described in Section 2 above to deliver location-based offers, products or services that may be of interest to you.",MULTI_LABEL,Categories of Personal Information Collected;Categories of Personal Information Shared / Disclosed;Categories of Personal Information Sold,2,ra1;ra2,4,annotation_in_sentence,C3PA_Dataset/Htmls/WS/29.html,C3PA_Dataset/Annotations/WS/29.csv
WS_3,WS_3_S416,"At Kohl’s, the only “sales” we make (as defined by Applicable law) are to share certain information among our affiliates consisting of cookies stored on your browser to provide more relevant ads to you on our sites, apps, and on other sites that you visit.",MULTI_LABEL,Categories of Personal Information Collected;Categories of Personal Information Shared / Disclosed;Categories of Personal Information Sold,1,ra5,3,annotation_in_sentence,C3PA_Dataset/Htmls/WS/3.html,C3PA_Dataset/Annotations/WS/3.csv
WS_30,WS_30_S53,"We collect and process your personal information in order to offer the Network, and to offer you our Products and Services.",MULTI_LABEL,Categories of Personal Information Shared / Disclosed;Categories of Personal Information Sold,1,ra1,2,annotation_in_sentence,C3PA_Dataset/Htmls/WS/30.html,C3PA_Dataset/Annotations/WS/30.csv
WS_30,WS_30_S108,"This information is used to keep the Products and Services secure, to analyze and understand how our Products and Services are used, optimize such usage, provide advertising across the Network as well as certain Products and Services to personalize your experience, and to help connect you with potential job opportunities in the case of our recruiting Products and Services.",MULTI_LABEL,Categories of Personal Information Shared / Disclosed;Categories of Personal Information Sold,1,ra1,2,annotation_in_sentence,C3PA_Dataset/Htmls/WS/30.html,C3PA_Dataset/Annotations/WS/30.csv
WS_30,WS_30_S112,"This information is collected for various purposes, including advertising, analytics and to serve content as it relates to certain Products or Services (e.g., Talent), as well as to provide you with localized content, recommendations, and marketing.",MULTI_LABEL,Categories of Personal Information Shared / Disclosed;Categories of Personal Information Sold,1,ra1,2,annotation_in_sentence,C3PA_Dataset/Htmls/WS/30.html,C3PA_Dataset/Annotations/WS/30.csv
WS_31,WS_31_S137,Customize content that our third-party Advertising Partners deliver on the Services (such as personalized third-party advertising);,MULTI_LABEL,Categories of Personal Information Shared / Disclosed;Categories of Personal Information Sold,1,ra4,2,annotation_in_sentence,C3PA_Dataset/Htmls/WS/31.html,C3PA_Dataset/Annotations/WS/31.csv
WS_31,WS_31_S427,"To advertise and market our Services, and the products and services of our advertisers.",MULTI_LABEL,Categories of Personal Information Shared / Disclosed;Categories of Personal Information Sold,1,ra4,2,annotation_in_sentence,C3PA_Dataset/Htmls/WS/31.html,C3PA_Dataset/Annotations/WS/31.csv
WS_33,WS_33_S123,Customize content that our third-party Advertising Partners deliver on the Services (such as personalized third-party advertising);,MULTI_LABEL,Categories of Personal Information Collected;Categories of Personal Information Shared / Disclosed;Categories of Personal Information Sold,2,ra4;ra5,4,annotation_in_sentence,C3PA_Dataset/Htmls/WS/33.html,C3PA_Dataset/Annotations/WS/33.csv
WS_33,WS_33_S405,"To advertise and market our Services, and the products and services of our advertisers.",MULTI_LABEL,Categories of Personal Information Shared / Disclosed;Categories of Personal Information Sold,2,ra4;ra5,3,annotation_in_sentence,C3PA_Dataset/Htmls/WS/33.html,C3PA_Dataset/Annotations/WS/33.csv
WS_34,WS_34_S50,"We may collect information about you during your use of the Services, including but not limited to your name, username, password, email address, postal address, phone number, mobile phone number, payment information, gender, birth year, and information you provide or post on our Services or allow us to access, such as photos, video and/or audio, when you do certain things, such as:",MULTI_LABEL,Categories of Personal Information Shared / Disclosed;Categories of Personal Information Sold,1,ra5,2,sentence_in_annotation,C3PA_Dataset/Htmls/WS/34.html,C3PA_Dataset/Annotations/WS/34.csv
WS_34,WS_34_S81,"We along with our vendors may also use other Internet technologies, such as Flash technologies, Web beacons or pixel tags, and other similar technologies, to deliver or communicate with cookies and track your use of the Services, as well as serve you ads and personalize/customize your experience when you are using our Services and/or when you are on other websites when those cookies can be accessed.",MULTI_LABEL,Categories of Personal Information Shared / Disclosed;Categories of Personal Information Sold,1,ra4,2,annotation_in_sentence,C3PA_Dataset/Htmls/WS/34.html,C3PA_Dataset/Annotations/WS/34.csv
WS_34,WS_34_S112,to allow us to personalize or otherwise provide the content and advertising that you see on the Services and on other websites and mobile applications and to understand how users interact with and use our advertisements and Services;,MULTI_LABEL,Categories of Personal Information Shared / Disclosed;Categories of Personal Information Sold,2,ra4;ra5,3,annotation_in_sentence,C3PA_Dataset/Htmls/WS/34.html,C3PA_Dataset/Annotations/WS/34.csv
WS_34,WS_34_S116,"to send you offers and advertisements through various channels (which may include, for instance, display, email, direct mail, and TV), whether on our behalf or on behalf of marketing partners with whom we may engage.",MULTI_LABEL,Categories of Personal Information Shared / Disclosed;Categories of Personal Information Sold,1,ra4,2,annotation_in_sentence,C3PA_Dataset/Htmls/WS/34.html,C3PA_Dataset/Annotations/WS/34.csv
WS_34,WS_34_S134,"We may disclose your information in connection with any proposed or actual merger, reorganization, transfer of control, a sale of some or all Los Angeles Times assets, or a financing or acquisition of all or a portion of our business by another company.",MULTI_LABEL,Categories of Personal Information Shared / Disclosed;Categories of Personal Information Sold,2,ra4;ra5,2,annotation_in_sentence;sentence_in_annotation,C3PA_Dataset/Htmls/WS/34.html,C3PA_Dataset/Annotations/WS/34.csv
WS_34,WS_34_S138,Los Angeles Times’ use of online analytics and tailored advertising.,MULTI_LABEL,Categories of Personal Information Collected;Categories of Personal Information Shared / Disclosed;Categories of Personal Information Sold,1,ra4,3,annotation_in_sentence,C3PA_Dataset/Htmls/WS/34.html,C3PA_Dataset/Annotations/WS/34.csv
WS_34,WS_34_S185,"To ensure that you have some control over the information we have about you, you may review and update certain user profile information by logging in to the relevant portions of the Services where such information may be updated (may be available on some Services and not others) or by contacting us at privacy@latimes.com.",MULTI_LABEL,Description of Right to Correct Information;Methods to exercise rights,1,ra3,2,annotation_in_sentence,C3PA_Dataset/Htmls/WS/34.html,C3PA_Dataset/Annotations/WS/34.csv
WS_34,WS_34_S576,Provide access to and/or a copy of certain information we hold about you.,MULTI_LABEL,Description of Right to Know PI Collected;Description of Right to Know PI sold / shared,2,ra4;ra5,4,annotation_in_sentence,C3PA_Dataset/Htmls/WS/34.html,C3PA_Dataset/Annotations/WS/34.csv
WS_35,WS_35_S160,We only use or share this information in a manner that does not reveal your identity.,MULTI_LABEL,Categories of Personal Information Shared / Disclosed;Categories of Personal Information Sold,1,ra1,2,annotation_in_sentence,C3PA_Dataset/Htmls/WS/35.html,C3PA_Dataset/Annotations/WS/35.csv
WS_35,WS_35_S257,"Depending on where you reside, you may have the right to ask us for a copy of your Personal Data; to correct, delete or restrict processing of your Personal Data; and to obtain the Personal Data you provide to us for certain purposes in a structured, machine-readable format, and to ask us to share (port) this data to another entity.",MULTI_LABEL,Description of Right to Correct Information;Description of Right to Delete;Description of Right to Know PI Collected,2,ra1;ra3,6,annotation_in_sentence,C3PA_Dataset/Htmls/WS/35.html,C3PA_Dataset/Annotations/WS/35.csv
WS_35,WS_35_S283,Right to Deletion and to Correction,MULTI_LABEL,Description of Right to Correct Information;Description of Right to Delete,1,ra1,2,annotation_in_sentence,C3PA_Dataset/Htmls/WS/35.html,C3PA_Dataset/Annotations/WS/35.csv
WS_36,WS_36_S14,We and our service providers may use the categories of personal information we collect from and about you consistent with the various business purposes and commercial we discuss throughout this Policy.,MULTI_LABEL,Categories of Personal Information Shared / Disclosed;Categories of Personal Information Sold,1,ra1,2,annotation_in_sentence,C3PA_Dataset/Htmls/WS/36.html,C3PA_Dataset/Annotations/WS/36.csv
WS_36,WS_36_S120,We may share your information with our vendors and other third-party service providers to: provide you with the services that we offer through our Sites and Applications; process your payments; conduct quality assurance testing; facilitate creation of accounts; provide technical support; and/or provide other services to POLITICO LLC and our Affiliates.,MULTI_LABEL,Categories of Personal Information Shared / Disclosed;Categories of Personal Information Sold,2,ra1;ra2,3,annotation_in_sentence,C3PA_Dataset/Htmls/WS/36.html,C3PA_Dataset/Annotations/WS/36.csv
WS_36,WS_36_S142,"If you wish to opt out of the sale of your personal information, please follow this link: Do Not Sell My Information",MULTI_LABEL,Description of Right to Opt-out of sale of PI;Methods to exercise rights,3,ra1;ra2;ra3,5,annotation_in_sentence,C3PA_Dataset/Htmls/WS/36.html,C3PA_Dataset/Annotations/WS/36.csv
WS_36,WS_36_S189,Provide you the categories of personal information we have collected or disclosed about you in the last twelve months; the categories of sources of such information; the business or commercial purpose for collecting or selling your personal information; and the categories of third parties with whom we shared personal information.,MULTI_LABEL,Description of Right to Know PI Collected;Description of Right to Know PI sold / shared,2,ra1;ra3,3,annotation_in_sentence,C3PA_Dataset/Htmls/WS/36.html,C3PA_Dataset/Annotations/WS/36.csv
WS_37,WS_37_S67,"to make inferences and predictions about your potential areas of interest in order to provide you with content and advertising that is more interesting, personalized, and relevant to you;",MULTI_LABEL,Categories of Personal Information Shared / Disclosed;Categories of Personal Information Sold,1,ra4,2,annotation_in_sentence,C3PA_Dataset/Htmls/WS/37.html,C3PA_Dataset/Annotations/WS/37.csv
WS_37,WS_37_S211,"personalizing, advertising, and marketing our products and services;",MULTI_LABEL,Categories of Personal Information Shared / Disclosed;Categories of Personal Information Sold,1,ra4,2,annotation_in_sentence,C3PA_Dataset/Htmls/WS/37.html,C3PA_Dataset/Annotations/WS/37.csv
WS_39,WS_39_S79,"What Personal Information We Collect, How We Use Personal Information, and To Whom We Disclose Personal Information",MULTI_LABEL,Categories of Personal Information Collected;Categories of Personal Information Shared / Disclosed;Categories of Personal Information Sold,1,ra4,3,annotation_in_sentence,C3PA_Dataset/Htmls/WS/39.html,C3PA_Dataset/Annotations/WS/39.csv
WS_40,WS_40_S63,"Commercial purposes include, without limitation: marketing, advertising, authentication, identity resolution, fraud prevention, fulfillment services, and fulfilling the requests of our customers.",MULTI_LABEL,Categories of Personal Information Collected;Categories of Personal Information Shared / Disclosed,1,ra2,2,annotation_in_sentence,C3PA_Dataset/Htmls/WS/40.html,C3PA_Dataset/Annotations/WS/40.csv
WS_40,WS_40_S71,"The right to know the categories and specific pieces of personal information we collect, use, disclose and, if applicable, sell about you; the categories of sources from which we collected your personal information; our purposes for collecting or, if applicable, selling your personal information; the categories of your personal information that we have disclosed for a business purpose or, if applicable, sold; and the categories of third parties to whom we have disclosed for a business purpose or, if applicable, sold personal information.",MULTI_LABEL,Description of Right to Know PI Collected;Description of Right to Know PI sold / shared,3,ra1;ra2;ra3,5,annotation_in_sentence,C3PA_Dataset/Htmls/WS/40.html,C3PA_Dataset/Annotations/WS/40.csv
WS_43,WS_43_S114,"Fidelity and these third-party online advertising companies may use the data collected, along with other information we have about you and your Fidelity relationships, to serve relevant ads to you.",MULTI_LABEL,Categories of Personal Information Collected;Categories of Personal Information Shared / Disclosed;Categories of Personal Information Sold,1,ra1,3,annotation_in_sentence,C3PA_Dataset/Htmls/WS/43.html,C3PA_Dataset/Annotations/WS/43.csv
WS_44,WS_44_S48,"To opt out of Google Analytics specifically, please go to https://tools.google.com/dlpage/gaoptout.",MULTI_LABEL,Description of Right to Opt-out of sale of PI;Methods to exercise rights,1,ra5,2,annotation_in_sentence,C3PA_Dataset/Htmls/WS/44.html,C3PA_Dataset/Annotations/WS/44.csv
WS_44,WS_44_S88,"To opt out of this use, please go to https://optout.liveramp.com/opt_out.",MULTI_LABEL,Description of Right to Opt-out of sale of PI;Methods to exercise rights,1,ra5,2,annotation_in_sentence,C3PA_Dataset/Htmls/WS/44.html,C3PA_Dataset/Annotations/WS/44.csv
WS_46,WS_46_S321,To object to or request the restriction of processing of your personal information.,MULTI_LABEL,Description of Right to Limit use of PI;Description of Right to Opt-out of sale of PI,2,ra2;ra3,2,annotation_in_sentence,C3PA_Dataset/Htmls/WS/46.html,C3PA_Dataset/Annotations/WS/46.csv
WS_47,WS_47_S160,"Know the ways in which we acquire, use, share, disclose and otherwise process your Personal Information;",MULTI_LABEL,Description of Right to Know PI Collected;Description of Right to Know PI sold / shared,2,ra1;ra3,3,annotation_in_sentence,C3PA_Dataset/Htmls/WS/47.html,C3PA_Dataset/Annotations/WS/47.csv
WS_48,WS_48_S73,You can learn more about Google’s data practices and your privacy choices by visiting google.com/policies/privacy/partners/. Google provides an opt out of Google Analytics by downloading and installing the browser add-on located at tools.google.com/dlpage/gaoptout/.,MULTI_LABEL,Description of Right to Opt-out of sale of PI;Methods to exercise rights,1,ra5,2,annotation_in_sentence,C3PA_Dataset/Htmls/WS/48.html,C3PA_Dataset/Annotations/WS/48.csv
WS_5,WS_5_S29,"We provide ways for you to access, alter, or delete your personal information.",MULTI_LABEL,Description of Right to Correct Information;Description of Right to Delete;Description of Right to Know PI Collected;Description of Right to Know PI sold / shared,1,ra1,12,annotation_in_sentence,C3PA_Dataset/Htmls/WS/5.html,C3PA_Dataset/Annotations/WS/5.csv
WS_5,WS_5_S142,"Please contact the Account owners for more information about how they might process your personal data in their Organization and the ways for you to access, update, alter, or delete your personal data stored in the Account.",MULTI_LABEL,Description of Right to Correct Information;Description of Right to Delete;Description of Right to Know PI Collected;Description of Right to Know PI sold / shared,1,ra1,4,annotation_in_sentence,C3PA_Dataset/Htmls/WS/5.html,C3PA_Dataset/Annotations/WS/5.csv
WS_5,WS_5_S367,"You have the right to request that we (i) disclose what personal data we collect, use, disclose, share, and sell, (ii) delete your personal data, (iii) correct your personal data, and (iv) restrict the use and disclosure of your sensitive data, and (v) opt-out of future “sharing” of personal data for targeted advertising purposes.",MULTI_LABEL,Description of Right to Correct Information;Description of Right to Know PI Collected;Description of Right to Know PI sold / shared;Description of Right to Limit use of PI,1,ra1,4,annotation_in_sentence,C3PA_Dataset/Htmls/WS/5.html,C3PA_Dataset/Annotations/WS/5.csv
WS_5,WS_5_S396,"Provide and personalize our Services; authenticate and provide account access; respond to user and customer questions; help, secure, and troubleshoot; honor users rights; and marketing",MULTI_LABEL,Categories of Personal Information Collected;Categories of Personal Information Shared / Disclosed;Categories of Personal Information Sold,1,ra1,3,sentence_in_annotation,C3PA_Dataset/Htmls/WS/5.html,C3PA_Dataset/Annotations/WS/5.csv
WS_5,WS_5_S400,"Provide and personalize our Services; product improvement and development; help, secure, and troubleshoot; and marketing",MULTI_LABEL,Categories of Personal Information Collected;Categories of Personal Information Sold,1,ra1,2,sentence_in_annotation,C3PA_Dataset/Htmls/WS/5.html,C3PA_Dataset/Annotations/WS/5.csv
WS_5,WS_5_S404,"Transact commerce; provide our Services; process transactions; fulfill orders; help, secure, and troubleshoot; and detect and prevent fraud",MULTI_LABEL,Categories of Personal Information Collected;Categories of Personal Information Sold,1,ra1,2,sentence_in_annotation,C3PA_Dataset/Htmls/WS/5.html,C3PA_Dataset/Annotations/WS/5.csv
WS_50,WS_50_S303,We do not have actual knowledge that we sell or share the personal information of consumers under sixteen (16) years of age.,MULTI_LABEL,Categories of Personal Information Shared / Disclosed;Categories of Personal Information Sold,1,ra5,2,annotation_in_sentence,C3PA_Dataset/Htmls/WS/50.html,C3PA_Dataset/Annotations/WS/50.csv
WS_50,WS_50_S338,"Google provides a Browser Add-On that allows you to opt-out by downloading and installing the add-on for your web browser, available at https://tools.google.com/dlpage/gaoptout.",MULTI_LABEL,Description of Right to Opt-out of sale of PI;Methods to exercise rights,1,ra5,2,annotation_in_sentence,C3PA_Dataset/Htmls/WS/50.html,C3PA_Dataset/Annotations/WS/50.csv
WS_51,WS_51_S62,"This comprises information about your operating system, your IP addresses, browser type and language, referring pages and URLs, keywords, date and time, and what sections of our Platform you visit (the “usage information”).",MULTI_LABEL,Categories of Personal Information Shared / Disclosed;Categories of Personal Information Sold,1,ra5,2,annotation_in_sentence;sentence_in_annotation,C3PA_Dataset/Htmls/WS/51.html,C3PA_Dataset/Annotations/WS/51.csv
WS_51,WS_51_S136,"This means that we advertise to previous visitors to the Website who have not completed a task on the Website, such as leaving un-purchased items in your shopping cart.",MULTI_LABEL,Categories of Personal Information Collected;Categories of Personal Information Shared / Disclosed,1,ra5,2,annotation_in_sentence,C3PA_Dataset/Htmls/WS/51.html,C3PA_Dataset/Annotations/WS/51.csv
WS_51,WS_51_S177,Google provides tools to allow you to opt-out of the use of certain information collected by Google Analytics at https://tools.google.com/dlpage/gaoptout and by Google Analytics for Display Advertising or the Google Display Network at https://www.google.com/settings/ads/onweb/.,MULTI_LABEL,Description of Right to Opt-out of sale of PI;Methods to exercise rights,1,ra5,2,annotation_in_sentence,C3PA_Dataset/Htmls/WS/51.html,C3PA_Dataset/Annotations/WS/51.csv
WS_51,WS_51_S213,"The California Consumer Privacy Act of 2018 (“CCPA”) provides additional rights to know, delete and opt out, and requires businesses collecting or disclosing personal information to provide notices and means to exercise rights.",MULTI_LABEL,Description of Right to Delete;Description of Right to Know PI Collected;Description of Right to Opt-out of sale of PI,1,ra5,3,annotation_in_sentence;sentence_in_annotation,C3PA_Dataset/Htmls/WS/51.html,C3PA_Dataset/Annotations/WS/51.csv
WS_52,WS_52_S331,"If you do not wish to receive this advertising, you can change your preferences by clicking here.",MULTI_LABEL,Description of Right to Opt-out of sale of PI;Methods to exercise rights,1,ra5,2,annotation_in_sentence,C3PA_Dataset/Htmls/WS/52.html,C3PA_Dataset/Annotations/WS/52.csv
WS_54,WS_54_S143,"In order to personalize these ads or content, we or our advertising partners or service providers may connect and/or share personal information about you either to data you provided to us or to browser/usage/device information and location information collected about you.",MULTI_LABEL,Categories of Personal Information Collected;Categories of Personal Information Shared / Disclosed,1,ra5,2,annotation_in_sentence,C3PA_Dataset/Htmls/WS/54.html,C3PA_Dataset/Annotations/WS/54.csv
WS_54,WS_54_S175,"Access / Right to Know: You have the right to confirm whether we process personal information about you and to request that we disclose to you the following: (i) the categories of personal information that we have collected about you (including sensitive personal information); (ii) the categories of sources from which we have collected personal information about you; (iii) the business or commercial purpose for collecting or selling your personal information; (iv) the categories of personal information that we have sold about you and the categories of outside parties to whom the personal information was sold; (v) the categories of personal information that we have disclosed about you for our business purposes and the categories of suppliers to whom the personal information was disclosed; (vi) a portable copy of the specific pieces of personal information that we have collected about you; and (vii) information about the logic involved in any automated decision-making processes used by iHeartMedia (if applicable), as well as a description of the likely outcome of the process with respect to you.",MULTI_LABEL,Description of Right to Know PI Collected;Description of Right to Know PI sold / shared,2,ra3;ra5,4,annotation_in_sentence,C3PA_Dataset/Htmls/WS/54.html,C3PA_Dataset/Annotations/WS/54.csv
WS_54,WS_54_S213,We do not use or disclose sensitive personal information for purposes other than those specified under applicable California privacy regulations.,MULTI_LABEL,Categories of Personal Information Collected;Categories of Personal Information Shared / Disclosed,1,ra5,2,annotation_in_sentence,C3PA_Dataset/Htmls/WS/54.html,C3PA_Dataset/Annotations/WS/54.csv
WS_55,WS_55_S97,"To opt out of this use, please click here (https://liveramp.com/opt_out/).",MULTI_LABEL,Description of Right to Opt-out of sale of PI;Methods to exercise rights,1,ra5,2,annotation_in_sentence,C3PA_Dataset/Htmls/WS/55.html,C3PA_Dataset/Annotations/WS/55.csv
WS_56,WS_56_S284,"The categories of personal information we have sold about you (if any), for each category of third parties to which the personal information was sold.",MULTI_LABEL,Description of Right to Know PI Collected;Description of Right to Know PI sold / shared,1,ra5,2,annotation_in_sentence,C3PA_Dataset/Htmls/WS/56.html,C3PA_Dataset/Annotations/WS/56.csv
WS_57,WS_57_S64,You can learn more about Hotjar at https://www.hotjar.com/legal/policies/privacy/ and you can opt-out of session recording by Hotjar at https://www.hotjar.com/policies/do-not-track/.,MULTI_LABEL,Description of Right to Opt-out of sale of PI;Methods to exercise rights,1,ra5,2,annotation_in_sentence,C3PA_Dataset/Htmls/WS/57.html,C3PA_Dataset/Annotations/WS/57.csv
WS_57,WS_57_S112,You can learn more about Google Analytics and how to prevent the use of Google Analytics relating to your use of our sites here: https://tools.google.com/dlpage/gaoptout?hl=en.,MULTI_LABEL,Description of Right to Opt-out of sale of PI;Methods to exercise rights,1,ra5,2,annotation_in_sentence,C3PA_Dataset/Htmls/WS/57.html,C3PA_Dataset/Annotations/WS/57.csv
WS_57,WS_57_S243,Exercising your right to opt-out of “sales” or “sharing” (or processing for targeted advertising purposes).,MULTI_LABEL,Description of Right to Opt-out of sale of PI;Methods to exercise rights,1,ra3,2,annotation_in_sentence,C3PA_Dataset/Htmls/WS/57.html,C3PA_Dataset/Annotations/WS/57.csv
WS_59,WS_59_S153,"Subject to the conditions set forth under applicable law, you have the right to request to access, review, correct, update, suppress, restrict or delete Personal Information that you have provided to us.",MULTI_LABEL,Description of Right to Correct Information;Description of Right to Delete;Description of Right to Know PI Collected;Description of Right to Limit use of PI,2,ra1;ra3,8,annotation_in_sentence,C3PA_Dataset/Htmls/WS/59.html,C3PA_Dataset/Annotations/WS/59.csv
WS_6,WS_6_S310,"And they give you the right to access your information, sometimes in a portable format; correct your information; and to request that Google delete that information.",MULTI_LABEL,Description of Right to Correct Information;Description of Right to Know PI Collected,1,ra1,2,annotation_in_sentence,C3PA_Dataset/Htmls/WS/6.html,C3PA_Dataset/Annotations/WS/6.csv
WS_61,WS_61_S102,"For more information about interest-based ads, or to opt out of having your web browsing information used for behavioral advertising purposes, please visit www.aboutads.info/choices.",MULTI_LABEL,Description of Right to Opt-out of sale of PI;Methods to exercise rights,1,ra5,2,annotation_in_sentence,C3PA_Dataset/Htmls/WS/61.html,C3PA_Dataset/Annotations/WS/61.csv
WS_66,WS_66_S124,You can control if we share information with third parties for their marketing purposes.,MULTI_LABEL,Description of Right to Opt-out of sale of PI;Methods to exercise rights,1,ra5,2,sentence_in_annotation,C3PA_Dataset/Htmls/WS/66.html,C3PA_Dataset/Annotations/WS/66.csv
WS_71,WS_71_S2,"Last Updated August 18, 2023",MULTI_LABEL,Description of Right to Limit use of PI;Updated Privacy Policy,2,ra3;ra5,2,annotation_in_sentence,C3PA_Dataset/Htmls/WS/71.html,C3PA_Dataset/Annotations/WS/71.csv
WS_71,WS_71_S53,"We may also obtain information (e.g., content viewed, game performance, high scores, and information about advertisements within the content you have been shown or may have clicked on) from your interaction with our content.",MULTI_LABEL,Categories of Personal Information Collected;Categories of Personal Information Shared / Disclosed,1,ra3,2,annotation_in_sentence,C3PA_Dataset/Htmls/WS/71.html,C3PA_Dataset/Annotations/WS/71.csv
WS_71,WS_71_S90,"If fees are charged to your wireless account invoice, we may provide your carrier with your applicable information in connection therewith.",MULTI_LABEL,Categories of Personal Information Collected;Categories of Personal Information Shared / Disclosed,1,ra3,2,annotation_in_sentence,C3PA_Dataset/Htmls/WS/71.html,C3PA_Dataset/Annotations/WS/71.csv
WS_71,WS_71_S173,You may opt-out of the use of Adobe Analytics by clicking here.,MULTI_LABEL,Description of Right to Opt-out of sale of PI;Methods to exercise rights,1,ra5,2,annotation_in_sentence,C3PA_Dataset/Htmls/WS/71.html,C3PA_Dataset/Annotations/WS/71.csv
WS_71,WS_71_S187,You may opt-out of the use of this cookie by visiting the page here.,MULTI_LABEL,Description of Right to Opt-out of sale of PI;Methods to exercise rights,1,ra5,2,annotation_in_sentence,C3PA_Dataset/Htmls/WS/71.html,C3PA_Dataset/Annotations/WS/71.csv
WS_71,WS_71_S191,"If you wish to opt-out of this service, please visit the opt-out page here.",MULTI_LABEL,Description of Right to Opt-out of sale of PI;Methods to exercise rights,1,ra5,2,annotation_in_sentence,C3PA_Dataset/Htmls/WS/71.html,C3PA_Dataset/Annotations/WS/71.csv
WS_71,WS_71_S250,"You may also send an email to the following email dataprivacyandcompliance@pgatourhq.com or submit a data subject access request form found here requesting access to, deletion of, correction of or transfer of your personal information.",MULTI_LABEL,Description of Right to Correct Information;Description of Right to Delete;Description of Right to Know PI Collected;Methods to exercise rights,1,ra5,4,annotation_in_sentence,C3PA_Dataset/Htmls/WS/71.html,C3PA_Dataset/Annotations/WS/71.csv
WS_71,WS_71_S276,"To opt out of the sale of your personal information, please submit a form here, or email us at dataprivacyandcompliance@pgatourhq.com.",MULTI_LABEL,Description of Right to Opt-out of sale of PI;Methods to exercise rights,2,ra3;ra5,3,annotation_in_sentence,C3PA_Dataset/Htmls/WS/71.html,C3PA_Dataset/Annotations/WS/71.csv
WS_73,WS_73_S25,"Demographic information: gender, age, employment information and salary information;",MULTI_LABEL,Categories of Personal Information Shared / Disclosed;Categories of Personal Information Sold,1,ra5,2,annotation_in_sentence,C3PA_Dataset/Htmls/WS/73.html,C3PA_Dataset/Annotations/WS/73.csv
WS_73,WS_73_S100,"We use Google Analytics on our web sites to collect usage data, to analyze how users use the web sites and to provide advertisements to you on other websites.",MULTI_LABEL,Categories of Personal Information Collected;Categories of Personal Information Shared / Disclosed,1,ra5,2,annotation_in_sentence,C3PA_Dataset/Htmls/WS/73.html,C3PA_Dataset/Annotations/WS/73.csv
WS_73,WS_73_S101,"For more information about how to opt out of having your information used by Google Analytics, visit https://tools.google.com/dlpage/gaoptout/.",MULTI_LABEL,Description of Right to Opt-out of sale of PI;Methods to exercise rights,1,ra5,2,annotation_in_sentence,C3PA_Dataset/Htmls/WS/73.html,C3PA_Dataset/Annotations/WS/73.csv
WS_73,WS_73_S131,"You can request what personal information we have collected, used, disclosed, and sold.",MULTI_LABEL,Description of Right to Know PI Collected;Description of Right to Know PI sold / shared,2,ra3;ra5,4,annotation_in_sentence,C3PA_Dataset/Htmls/WS/73.html,C3PA_Dataset/Annotations/WS/73.csv
WS_74,WS_74_S221,"You have the right to access, correct, or delete the personal information that we collect.",MULTI_LABEL,Description of Right to Correct Information;Description of Right to Delete;Description of Right to Know PI Collected,1,ra3,3,sentence_in_annotation,C3PA_Dataset/Htmls/WS/74.html,C3PA_Dataset/Annotations/WS/74.csv
WS_75,WS_75_S231,"Please note that the CCPA limits these rights by, for example, prohibiting us from providing certain sensitive information in response to an access request and limiting the circumstances in which we must comply with a deletion request.",MULTI_LABEL,Description of Right to Delete;Description of Right to Know PI Collected,1,ra5,2,annotation_in_sentence,C3PA_Dataset/Htmls/WS/75.html,C3PA_Dataset/Annotations/WS/75.csv
WS_76,WS_76_S156,"For more information about how to opt out of having your information used by Google Analytics, visit https://tools.google.com/dlpage/gaoptout/.",MULTI_LABEL,Description of Right to Opt-out of sale of PI;Methods to exercise rights,1,ra5,2,annotation_in_sentence,C3PA_Dataset/Htmls/WS/76.html,C3PA_Dataset/Annotations/WS/76.csv
WS_77,WS_77_S304,"We may disclose your Personal Information to a third party for a Business Purpose (as defined below) or Sell or Share your Personal Information, subject to your right to opt-out of Sales and Sharing as described below.",MULTI_LABEL,Categories of Personal Information Shared / Disclosed;Categories of Personal Information Sold,1,ra3,2,annotation_in_sentence,C3PA_Dataset/Htmls/WS/77.html,C3PA_Dataset/Annotations/WS/77.csv
WS_78,WS_78_S106,You may opt-out of the use of LiveRamp at any time by visiting https://liveramp.com/opt_out/.,MULTI_LABEL,Description of Right to Opt-out of sale of PI;Methods to exercise rights,1,ra5,2,annotation_in_sentence,C3PA_Dataset/Htmls/WS/78.html,C3PA_Dataset/Annotations/WS/78.csv
WS_8,WS_8_S23,We use your data to make X better,MULTI_LABEL,Categories of Personal Information Collected;Categories of Personal Information Shared / Disclosed;Categories of Personal Information Sold,1,ra1,3,annotation_in_sentence,C3PA_Dataset/Htmls/WS/8.html,C3PA_Dataset/Annotations/WS/8.csv
WS_8,WS_8_S62,"We use that information to provide you with products and services, to help keep X more secure and respectful for everyone, and more relevant to you.",MULTI_LABEL,Categories of Personal Information Shared / Disclosed;Categories of Personal Information Sold,1,ra1,2,annotation_in_sentence,C3PA_Dataset/Htmls/WS/8.html,C3PA_Dataset/Annotations/WS/8.csv
WS_8,WS_8_S208,"You can access, correct, or modify the information you provided to us by editing your profile and adjusting your account settings.",MULTI_LABEL,Description of Right to Correct Information;Description of Right to Know PI Collected;Methods to exercise rights,2,ra1;ra2,5,annotation_in_sentence,C3PA_Dataset/Htmls/WS/8.html,C3PA_Dataset/Annotations/WS/8.csv
WS_81,WS_81_S27,"If you request your credit score through TrueCar, we may collect your social security number, income information, and your credit score to personalize your preferred auto financing terms from our lending partners.",MULTI_LABEL,Categories of Personal Information Collected;Categories of Personal Information Shared / Disclosed,1,ra5,2,sentence_in_annotation,C3PA_Dataset/Htmls/WS/81.html,C3PA_Dataset/Annotations/WS/81.csv
WS_82,WS_82_S160,"To learn more about opting out of data collection through Google Analytics, click here.",MULTI_LABEL,Description of Right to Opt-out of sale of PI;Methods to exercise rights,1,ra5,2,annotation_in_sentence,C3PA_Dataset/Htmls/WS/82.html,C3PA_Dataset/Annotations/WS/82.csv
WS_82,WS_82_S208,You also have the right to request the deletion of Personal Information and to request correction of inaccurate personal information.,MULTI_LABEL,Description of Right to Correct Information;Description of Right to Delete,2,ra3;ra5,4,annotation_in_sentence,C3PA_Dataset/Htmls/WS/82.html,C3PA_Dataset/Annotations/WS/82.csv
WS_84,WS_84_S161,"Managing, reviewing, and updating your information",MULTI_LABEL,Description of Right to Correct Information;Description of Right to Know PI Collected;Methods to exercise rights,2,ra1;ra5,3,sentence_in_annotation,C3PA_Dataset/Htmls/WS/84.html,C3PA_Dataset/Annotations/WS/84.csv
WS_85,WS_85_S527,You may opt out of such disclosures by clicking “Do Not Sell or Share My Personal Information.”,MULTI_LABEL,Description of Right to Opt-out of sale of PI;Methods to exercise rights,1,ra5,2,annotation_in_sentence,C3PA_Dataset/Htmls/WS/85.html,C3PA_Dataset/Annotations/WS/85.csv
WS_85,WS_85_S672,"Right to Know and Access:  Consumers have a right to request information about the personal information that we collect, use, disclose, share, and sell, including requesting the specific pieces of personal information we have collected about them.",MULTI_LABEL,Description of Right to Know PI Collected;Description of Right to Know PI sold / shared,2,ra1;ra2,4,annotation_in_sentence,C3PA_Dataset/Htmls/WS/85.html,C3PA_Dataset/Annotations/WS/85.csv
WS_85,WS_85_S688,To learn more about the GPC and how you can use it to opt out of the sale or sharing of your personal information you can visit their website here.,MULTI_LABEL,Description of Right to Opt-out of sale of PI;Methods to exercise rights,1,ra5,2,annotation_in_sentence,C3PA_Dataset/Htmls/WS/85.html,C3PA_Dataset/Annotations/WS/85.csv
WS_85,WS_85_S735,You may opt out of such disclosures by clicking Do Not Sell or Share My Personal Information.,MULTI_LABEL,Description of Right to Opt-out of sale of PI;Methods to exercise rights,1,ra5,2,annotation_in_sentence,C3PA_Dataset/Htmls/WS/85.html,C3PA_Dataset/Annotations/WS/85.csv
WS_86,WS_86_S51,"The business or commercial purposes of ""selling"" or ""sharing"" personal information is to assist us with advertising, marketing, audience measurement, and other functionality on our digital properties.",MULTI_LABEL,Categories of Personal Information Collected;Categories of Personal Information Shared / Disclosed,2,ra1;ra5,2,annotation_in_sentence,C3PA_Dataset/Htmls/WS/86.html,C3PA_Dataset/Annotations/WS/86.csv
WS_88,WS_88_S25,We haven’t disclosed or sold any personal information to any third parties.,MULTI_LABEL,Categories of Personal Information Shared / Disclosed;Categories of Personal Information Sold,2,ra1;ra2,3,annotation_in_sentence,C3PA_Dataset/Htmls/WS/88.html,C3PA_Dataset/Annotations/WS/88.csv
WS_89,WS_89_S71,"We also collect information from suppliers, business partners, and similar businesses, including: contact and business information such as name, phone number, email address, and postal address, government identifier, and business name, industry, locations, other information related to your employer; financial and transactional information if needed to make or receive payments; and, communications with us including your name, email address, and phone number and the contents of any communications you have with us.",MULTI_LABEL,Categories of Personal Information Collected;Categories of Personal Information Shared / Disclosed,1,ra5,2,annotation_in_sentence,C3PA_Dataset/Htmls/WS/89.html,C3PA_Dataset/Annotations/WS/89.csv
WS_89,WS_89_S92,We and third parties may use cookies and other tracking technologies to understand how you use the Services and facilitate serving relevant ads.,MULTI_LABEL,Categories of Personal Information Collected;Categories of Personal Information Shared / Disclosed,1,ra5,2,annotation_in_sentence;sentence_in_annotation,C3PA_Dataset/Htmls/WS/89.html,C3PA_Dataset/Annotations/WS/89.csv
WS_89,WS_89_S94,"See our Cookie Notice for more information about how we use cookies and other tracking technologies and for your cookie choices, including how to opt out of personalized advertising.",MULTI_LABEL,Description of Right to Opt-out of sale of PI;Methods to exercise rights,1,ra5,2,annotation_in_sentence,C3PA_Dataset/Htmls/WS/89.html,C3PA_Dataset/Annotations/WS/89.csv
WS_89,WS_89_S95,"We may also use other information we have collected about you, such as demographic and personal information (e.g., e-mail address) for purposes related to advertising, including personalized advertising.",MULTI_LABEL,Categories of Personal Information Collected;Categories of Personal Information Shared / Disclosed;Categories of Personal Information Sold,1,ra1,3,annotation_in_sentence,C3PA_Dataset/Htmls/WS/89.html,C3PA_Dataset/Annotations/WS/89.csv
WS_89,WS_89_S119,"We may also disclose information, including personal information about you (e.g., e-mail address) in hashed or other obscured format, for advertising purposes, including targeted advertising, either on our Services or for our products on other websites or platforms.",MULTI_LABEL,Categories of Personal Information Shared / Disclosed;Categories of Personal Information Sold,1,ra5,2,annotation_in_sentence,C3PA_Dataset/Htmls/WS/89.html,C3PA_Dataset/Annotations/WS/89.csv
WS_89,WS_89_S139,"California, Colorado, Connecticut, Utah and Virginia residents, in addition to residents of the EEA, UK, or Switzerland, may be able to request:access to and/or a copy of certain personal information we hold about you;",MULTI_LABEL,Description of Right to Know PI Collected;Description of Right to Know PI sold / shared,2,ra1;ra2,3,annotation_in_sentence,C3PA_Dataset/Htmls/WS/89.html,C3PA_Dataset/Annotations/WS/89.csv
WS_89,WS_89_S177,"For example, you may opt out of having Google Analytics use your information for analytics by installing the Google Analytics Opt-out Browser Add-on.",MULTI_LABEL,Description of Right to Opt-out of sale of PI;Methods to exercise rights,1,ra5,2,annotation_in_sentence,C3PA_Dataset/Htmls/WS/89.html,C3PA_Dataset/Annotations/WS/89.csv
WS_89,WS_89_S181,"You may choose whether to receive certain targeted advertising from participating ad networks, audience segment providers, ad serving vendors, other service providers or entities by visiting websites operated by the Network Advertising Initiative and Digital Advertising Alliance or if you are a user in the European Economic Area, Your Online Choices.",MULTI_LABEL,Description of Right to Opt-out of sale of PI;Methods to exercise rights,1,ra5,2,annotation_in_sentence,C3PA_Dataset/Htmls/WS/89.html,C3PA_Dataset/Annotations/WS/89.csv
WS_9,WS_9_S258,ADDITIONAL DISCLOSURES FOR CALIFORNIA RESIDENTS,MULTI_LABEL,Categories of Personal Information Collected;Categories of Personal Information Shared / Disclosed;Categories of Personal Information Sold,1,ra4,3,annotation_in_sentence,C3PA_Dataset/Htmls/WS/9.html,C3PA_Dataset/Annotations/WS/9.csv
WS_9,WS_9_S305,"The Company also “sells/shares” personal information with third parties to facilitate other advertising to you by us and others, such as for data enrichment, audience matching, and analytics services.",MULTI_LABEL,Categories of Personal Information Shared / Disclosed;Categories of Personal Information Sold,2,ra4;ra5,3,annotation_in_sentence,C3PA_Dataset/Htmls/WS/9.html,C3PA_Dataset/Annotations/WS/9.csv
WS_90,WS_90_S80,"It does not contain your name, address, telephone number, or email address.",MULTI_LABEL,Categories of Personal Information Collected;Categories of Personal Information Shared / Disclosed,1,ra1,2,annotation_in_sentence,C3PA_Dataset/Htmls/WS/90.html,C3PA_Dataset/Annotations/WS/90.csv
WS_90,WS_90_S81,You can opt-out of Google Analytics data collection with the Google Analytics Opt-out Browser Add-on.,MULTI_LABEL,Description of Right to Opt-out of sale of PI;Methods to exercise rights,1,ra5,2,annotation_in_sentence,C3PA_Dataset/Htmls/WS/90.html,C3PA_Dataset/Annotations/WS/90.csv
WS_90,WS_90_S128,Purpose: to allow you to submit definitions to the Urban Dictionary website and to use our services; to communicate with you about our website and services,MULTI_LABEL,Categories of Personal Information Shared / Disclosed;Categories of Personal Information Sold,1,ra1,2,annotation_in_sentence,C3PA_Dataset/Htmls/WS/90.html,C3PA_Dataset/Annotations/WS/90.csv
WS_90,WS_90_S136,Purpose: to provide our services,MULTI_LABEL,Categories of Personal Information Shared / Disclosed;Categories of Personal Information Sold,1,ra1,2,annotation_in_sentence,C3PA_Dataset/Htmls/WS/90.html,C3PA_Dataset/Annotations/WS/90.csv
WS_90,WS_90_S166,Purpose: for communicating with you,MULTI_LABEL,Categories of Personal Information Shared / Disclosed;Categories of Personal Information Sold,1,ra1,2,annotation_in_sentence,C3PA_Dataset/Htmls/WS/90.html,C3PA_Dataset/Annotations/WS/90.csv
WS_91,WS_91_S47,"We are required to collect certain information, including your name and email address, as a condition of our licenses with the multiple real estate listing services (the ""MLSs"") in order to allow you to access the full MLS listings.",MULTI_LABEL,Categories of Personal Information Collected;Categories of Personal Information Shared / Disclosed,1,ra5,2,annotation_in_sentence;sentence_in_annotation,C3PA_Dataset/Htmls/WS/91.html,C3PA_Dataset/Annotations/WS/91.csv
WS_91,WS_91_S57,"Account Updates: By visiting your My Redfin: Account Settings, you can correct, amend, add or delete Personal Information associated with your account.",MULTI_LABEL,Description of Right to Correct Information;Description of Right to Delete;Methods to exercise rights,1,ra1,3,annotation_in_sentence,C3PA_Dataset/Htmls/WS/91.html,C3PA_Dataset/Annotations/WS/91.csv
WS_91,WS_91_S67,"This information can include, without limitation, your name, address, phone number, email address, financial or payment information, including without limitation, buyer loan pre-approval documentation and seller property information.",MULTI_LABEL,Categories of Personal Information Collected;Categories of Personal Information Shared / Disclosed,2,ra2;ra5,2,annotation_in_sentence,C3PA_Dataset/Htmls/WS/91.html,C3PA_Dataset/Annotations/WS/91.csv
WS_91,WS_91_S72,"Redfin may collect Personal Information from you such as email address, phone number, or mailing address when you request information about our Services, register for our newsletter, request customer or technical support, or otherwise communicate with us.",MULTI_LABEL,Categories of Personal Information Collected;Categories of Personal Information Shared / Disclosed,3,ra1;ra2;ra5,4,annotation_in_sentence;sentence_in_annotation,C3PA_Dataset/Htmls/WS/91.html,C3PA_Dataset/Annotations/WS/91.csv
WS_91,WS_91_S143,"We may share your information with members of the Redfin family of entities for various purposes, including to: (i) provide the Services to you; (ii) help detect and prevent potentially illegal and fraudulent acts and other violations of our policies and agreements; (iii) help with marketing initiatives; and (iii) manage and improve Redfin products, Sites, Services and tools.",MULTI_LABEL,Categories of Personal Information Collected;Categories of Personal Information Shared / Disclosed;Categories of Personal Information Sold,2,ra1;ra2,4,annotation_in_sentence;sentence_in_annotation,C3PA_Dataset/Htmls/WS/91.html,C3PA_Dataset/Annotations/WS/91.csv
WS_91,WS_91_S151,We may provide Personal Information to business partners to provide you with a product or service you have requested.,MULTI_LABEL,Categories of Personal Information Shared / Disclosed;Categories of Personal Information Sold,1,ra1,2,sentence_in_annotation,C3PA_Dataset/Htmls/WS/91.html,C3PA_Dataset/Annotations/WS/91.csv
WS_91,WS_91_S168,"If we are involved in a merger, acquisition, financing due diligence, reorganization, bankruptcy, receivership, purchase or sale of assets, or transition of service to another provider, then your information may be sold or transferred as part of such a transaction as permitted by law and/or contract.",MULTI_LABEL,Categories of Personal Information Shared / Disclosed;Categories of Personal Information Sold,2,ra2;ra5,3,annotation_in_sentence;sentence_in_annotation,C3PA_Dataset/Htmls/WS/91.html,C3PA_Dataset/Annotations/WS/91.csv
WS_91,WS_91_S189,"To opt out of this use, please click here.",MULTI_LABEL,Description of Right to Opt-out of sale of PI;Methods to exercise rights,1,ra5,2,annotation_in_sentence,C3PA_Dataset/Htmls/WS/91.html,C3PA_Dataset/Annotations/WS/91.csv
WS_91,WS_91_S195,"For more information about Google Analytics, please visit www.google.com/policies/privacy/partners/. You can opt out of Google Analytics' collection and use of data generated by your use of the Services by going to http://tools.google.com/dlpage/gaoptout.",MULTI_LABEL,Description of Right to Opt-out of sale of PI;Methods to exercise rights,1,ra5,2,annotation_in_sentence,C3PA_Dataset/Htmls/WS/91.html,C3PA_Dataset/Annotations/WS/91.csv
WS_91,WS_91_S221,"If you type information into forms or other fields on our Services, what you enter may be captured and retained by us and our third-party partners for our business purposes.",MULTI_LABEL,Categories of Personal Information Collected;Categories of Personal Information Shared / Disclosed,1,ra2,2,annotation_in_sentence,C3PA_Dataset/Htmls/WS/91.html,C3PA_Dataset/Annotations/WS/91.csv
WS_91,WS_91_S226,"In accordance with applicable law, you may have the right to: (i) request confirmation of whether we are processing your Personal Information; (ii) obtain access to or a copy of your Personal Information; (iii) receive an electronic copy of Personal Information that you have provided to us, or ask us to send that information to another company (the ""right of data portability""); (iv) restrict our uses of your Personal Information; (v) seek correction or amendment of inaccurate, untrue, incomplete, or improperly processed Personal Information; and (vi) request erasure of Personal Information held about you by Redfin, subject to certain exceptions prescribed by law.",MULTI_LABEL,Description of Right to Correct Information;Description of Right to Delete;Description of Right to Know PI Collected;Description of Right to Know PI sold / shared;Description of Right to Limit use of PI;Description of Right to Opt-out of sale of PI,2,ra1;ra2,9,annotation_in_sentence,C3PA_Dataset/Htmls/WS/91.html,C3PA_Dataset/Annotations/WS/91.csv
WS_91,WS_91_S429,"Clicking on the ""Do Not Sell or Share My Personal Information"" button below will opt you out of the “sale” and ""sharing"" of your personal information, as defined by the CCPA, of certain advertising of our products and services on this and other sites.",MULTI_LABEL,Description of Right to Opt-out of sale of PI;Methods to exercise rights,1,ra5,2,annotation_in_sentence,C3PA_Dataset/Htmls/WS/91.html,C3PA_Dataset/Annotations/WS/91.csv
WS_91,WS_91_S453,These Cookies are not used by Redfin to “sell” or “share” Personal Information for purposes of targeted advertising.,MULTI_LABEL,Categories of Personal Information Shared / Disclosed;Categories of Personal Information Sold,2,ra1;ra5,4,annotation_in_sentence,C3PA_Dataset/Htmls/WS/91.html,C3PA_Dataset/Annotations/WS/91.csv
WS_91,WS_91_S458,Move this toggle to the left to opt-out of “sales” or “sharing” of Personal Information for purposes of targeted advertising.,MULTI_LABEL,Description of Right to Opt-out of sale of PI;Methods to exercise rights,1,ra5,2,annotation_in_sentence,C3PA_Dataset/Htmls/WS/91.html,C3PA_Dataset/Annotations/WS/91.csv
WS_92,WS_92_S265,"We may use this information for various purposes, including to develop statistical information and to determine features that most interest you for the purpose of providing more personalized content.",MULTI_LABEL,Categories of Personal Information Shared / Disclosed;Categories of Personal Information Sold,1,ra1,2,annotation_in_sentence,C3PA_Dataset/Htmls/WS/92.html,C3PA_Dataset/Annotations/WS/92.csv
WS_92,WS_92_S290,You can manage cookies through your browser’s settings (allaboutcookies.org provides explanations as to how to do this).,MULTI_LABEL,Description of Right to Opt-out of sale of PI;Methods to exercise rights,1,ra5,2,annotation_in_sentence,C3PA_Dataset/Htmls/WS/92.html,C3PA_Dataset/Annotations/WS/92.csv
WS_92,WS_92_S374,"Newegg operates in countries with data protection laws which provide different rights to individuals in respect of access, deletion, rectification and limiting processing of personal information – please see the Appendices for further details of this.",MULTI_LABEL,Description of Right to Correct Information;Description of Right to Delete;Description of Right to Know PI Collected,1,ra5,3,annotation_in_sentence,C3PA_Dataset/Htmls/WS/92.html,C3PA_Dataset/Annotations/WS/92.csv
WS_92,WS_92_S1195,to request access to the personal information we have about you;,MULTI_LABEL,Description of Right to Know PI Collected;Description of Right to Know PI sold / shared,2,ra1;ra2,3,annotation_in_sentence,C3PA_Dataset/Htmls/WS/92.html,C3PA_Dataset/Annotations/WS/92.csv
WS_92,WS_92_S1215,"You have the right to request that we disclose to you what information we collect, use, disclose, and sell.",MULTI_LABEL,Description of Right to Know PI Collected;Description of Right to Know PI sold / shared,1,ra1,2,annotation_in_sentence,C3PA_Dataset/Htmls/WS/92.html,C3PA_Dataset/Annotations/WS/92.csv
WS_93,WS_93_S167,"We use geolocation information to provide you with relevant information that you have requested, such as local searches for rental properties and corresponding maps or directions.",MULTI_LABEL,Categories of Personal Information Shared / Disclosed;Categories of Personal Information Sold,1,ra1,2,annotation_in_sentence,C3PA_Dataset/Htmls/WS/93.html,C3PA_Dataset/Annotations/WS/93.csv
WS_95,WS_95_S123,"The right to know the categories and specific pieces of personal information we collect, use, disclose, and sell about you, the categories of sources from which we collected your personal information, our purposes for collecting or selling your personal information, the categories of your personal information that we have either sold or disclosed for a business purpose, and the categories of third parties with which we have shared personal information.",MULTI_LABEL,Description of Right to Know PI Collected;Description of Right to Know PI sold / shared,3,ra1;ra2;ra5,6,annotation_in_sentence,C3PA_Dataset/Htmls/WS/95.html,C3PA_Dataset/Annotations/WS/95.csv
WS_96,WS_96_S138,"To personalize your Website experience and to deliver content and product and service offerings relevant to your interests, including targeted offers and ads through our Website, third-party sites, and via email or text message (with your consent, where required by law).",MULTI_LABEL,Categories of Personal Information Shared / Disclosed;Categories of Personal Information Sold,1,ra5,2,annotation_in_sentence,C3PA_Dataset/Htmls/WS/96.html,C3PA_Dataset/Annotations/WS/96.csv
WS_96,WS_96_S149,"In connection with or during negotiations of any proposed or actual financing, merger, purchase, sale, sale or transfer of some or all of our assets or stock, joint venture, or any other type of financing, acquisition or business combination of our company, or all or any portion of our assets, or transfer of all or a portion of our business to another company, including without limitation in the event of a divestiture, restructuring, reorganization, dissolution or other event, whether as an ongoing concern or as part of bankruptcy, liquidation or similar proceeding, in which personal information held by ZipRecruiter is among the assets transferred.",MULTI_LABEL,Categories of Personal Information Shared / Disclosed;Categories of Personal Information Sold,2,ra2;ra5,3,annotation_in_sentence,C3PA_Dataset/Htmls/WS/96.html,C3PA_Dataset/Annotations/WS/96.csv
WS_96,WS_96_S267,Right to Know / Access,MULTI_LABEL,Description of Right to Know PI Collected;Description of Right to Know PI sold / shared,1,ra1,2,annotation_in_sentence,C3PA_Dataset/Htmls/WS/96.html,C3PA_Dataset/Annotations/WS/96.csv
WS_97,WS_97_S55,"Where we need to process your Personal Data for our legitimate business interests, and your interests and fundamental rights do not override those interests (“Legitimate Interests”).",MULTI_LABEL,Categories of Personal Information Shared / Disclosed;Categories of Personal Information Sold,1,ra6,2,annotation_in_sentence,C3PA_Dataset/Htmls/WS/97.html,C3PA_Dataset/Annotations/WS/97.csv
WS_97,WS_97_S123,"For instance, if you elect to provide your email address, we may use that information to send you promotional information about our products and services.",MULTI_LABEL,Categories of Personal Information Collected;Categories of Personal Information Shared / Disclosed;Categories of Personal Information Sold,1,ra1,3,annotation_in_sentence,C3PA_Dataset/Htmls/WS/97.html,C3PA_Dataset/Annotations/WS/97.csv
WS_98,WS_98_S145,"The technologies used by Google may collect information such as your IP address, time of visit, whether you are a returning visitor, and any referring website.",MULTI_LABEL,Categories of Personal Information Collected;Categories of Personal Information Shared / Disclosed,1,ra6,2,annotation_in_sentence,C3PA_Dataset/Htmls/WS/98.html,C3PA_Dataset/Annotations/WS/98.csv
WS_99,WS_99_S142,"If you download one of our mobile applications (“App”), we will collect your name and contact information, as well as information about your device, so that we can identify you when you connect with us.",MULTI_LABEL,Categories of Personal Information Collected;Categories of Personal Information Shared / Disclosed,1,ra5,2,annotation_in_sentence;sentence_in_annotation,C3PA_Dataset/Htmls/WS/99.html,C3PA_Dataset/Annotations/WS/99.csv
