doc_id,annotation_id,ranumb,annotation_original,c3pa_label,source_csv
DB_102,32,ra2," 
\n",Categories of Personal Information Shared / Disclosed,C3PA_Dataset/Annotations/DB/102.csv
DB_102,51,ra2,"Name
\n",Categories of Personal Information Shared / Disclosed,C3PA_Dataset/Annotations/DB/102.csv
DB_107,273,ra1,"ComScore ||| 1: comScore, Inc",Categories of Personal Information Shared / Disclosed,C3PA_Dataset/Annotations/DB/107.csv
DB_120,0,ra3,Effective: January 2020,Updated Privacy Policy,C3PA_Dataset/Annotations/DB/120.csv
DB_120,5,ra3,"Cookies and tracking technologies\n\nWe and others use a variety of tracking technologies, including cookies and device IDs on our Sites, in emails, on social media sites, and in advertisements that are served to help:\n\nRecognize users across devices, such as smartphones, computers, tablets or related browsers.\nRecognize the browser of any returning Visitor or Customer browser and save and remember your preference that were set during that browser’s previous visit to the Site, such as your sign-in information.\nCustomize the content or advertisements provided to a Visitor or Customer on the Site or on other websites across the Internet.\nMeasure and research the effectiveness of website features and offerings, advertisements, and emails by determining which emails you open and act upon.",Categories of Personal Information Collected,C3PA_Dataset/Annotations/DB/120.csv
DB_120,7,ra3,We use web beacons (small graphic images on a web page or an HTML e-mail) to monitor your interaction with our Sites or e-mails.,Categories of Personal Information Collected,C3PA_Dataset/Annotations/DB/120.csv
DB_120,8,ra3,"We and others may use these and a variety of technologies and techniques to collect data about you and/or the apps, sites, devices, and browsers you use (“Properties”). We and others use these tools on or through multiple Properties over time and across different Properties. Data collected about you from a particular Property you use may be used and linked with other data collected about you on a different Property you use. Any choice made by you regarding our collection of data on one Property may not apply on other Properties and you should revisit opt-out pages or settings from those other Properties to apply your choices to those Properties.",Categories of Personal Information Shared / Disclosed,C3PA_Dataset/Annotations/DB/120.csv
DB_120,9,ra3,"We and others may use these and a variety of technologies and techniques to collect data about you and/or the apps, sites, devices, and browsers you use (“Properties”). We and others use these tools on or through multiple Properties over time and across different Properties. Data collected about you from a particular Property you use may be used and linked with other data collected about you on a different Property you use. Any choice made by you regarding our collection of data on one Property may not apply on other Properties and you should revisit opt-out pages or settings from those other Properties to apply your choices to those Properties.",Categories of Personal Information Sold,C3PA_Dataset/Annotations/DB/120.csv
DB_120,10,ra3,"We and others may use these and a variety of technologies and techniques to collect data about you and/or the apps, sites, devices, and browsers you use (“Properties”). We and others use these tools on or through multiple Properties over time and across different Properties. Data collected about you from a particular Property you use may be used and linked with other data collected about you on a different Property you use. Any choice made by you regarding our collection of data on one Property may not apply on other Properties and you should revisit opt-out pages or settings from those other Properties to apply your choices to those Properties.",Categories of Personal Information Collected,C3PA_Dataset/Annotations/DB/120.csv
DB_120,19,ra3,"The Platform identifies users by their mobile Ad ID. You may submit a “request to know” by downloading our app or calling 1-844-905-1877. For details, read our Do Not Sell article.",Methods to exercise rights,C3PA_Dataset/Annotations/DB/120.csv
DB_120,20,ra3,"Right to Request Deletion: You also have a right to request that we delete personal data under certain circumstances, subject to a number of exceptions. The Magenta Marketing Platform identifies users by their mobile Ad ID. You may submit a “request to delete” by downloading our app or calling 1-844-905-1877. For details, read our Do Not Sell article.",Description of Right to Delete,C3PA_Dataset/Annotations/DB/120.csv
DB_120,21,ra3,"You may submit a “request to delete” by downloading our app or calling 1-844-905-1877. For details, read our Do Not Sell article.",Methods to exercise rights,C3PA_Dataset/Annotations/DB/120.csv
DB_120,22,ra3,"Right to Opt-Out: You have a right to opt-out from future sales of personal data. Please review the “Categories of Personal Data Sold” section for more information about our sale of personal data under CCPA. If you wish to opt-out (or permit an authorized agent to exercise the opt out on your behalf), visit our “California Do Not Sell My Info” section above. The Platform identifies users by their mobile Ad ID. You may submit a “request to know” by downloading our app or calling 1-844-905-1877. For details, read our Do Not Sell article.",Description of Right to Opt-out of sale of PI,C3PA_Dataset/Annotations/DB/120.csv
DB_120,23,ra3,"You may submit a “request to know” by downloading our app or calling 1-844-905-1877. For details, read our Do Not Sell article.",Methods to exercise rights,C3PA_Dataset/Annotations/DB/120.csv
DB_120,25,ra3,Effective: January 2020,Updated Privacy Policy,C3PA_Dataset/Annotations/DB/120.csv
DB_120,36,ra3,"Business or commercial purpose for collecting, using, and selling personal data\nWe collect, use, and sell personal data for the business and commercial purposes described in “Use of Your Data” above.",Categories of Personal Information Sold,C3PA_Dataset/Annotations/DB/120.csv
DB_120,37,ra3,"Business or commercial purpose for collecting, using, and selling personal data\nWe collect, use, and sell personal data for the business and commercial purposes described in “Use of Your Data” above.",Categories of Personal Information Shared / Disclosed,C3PA_Dataset/Annotations/DB/120.csv
DB_120,38,ra3,"Business or commercial purpose for collecting, using, and selling personal data\nWe collect, use, and sell personal data for the business and commercial purposes described in “Use of Your Data” above.",Categories of Personal Information Collected,C3PA_Dataset/Annotations/DB/120.csv
DB_120,42,ra3,"You may submit a “request to know” by downloading our app or calling 1-844-905-1877. For details, read our Do Not Sell article.",Description of Right to Know PI Collected,C3PA_Dataset/Annotations/DB/120.csv
DB_120,43,ra3,"You may submit a “request to know” by downloading our app or calling 1-844-905-1877. For details, read our Do Not Sell article.",Methods to exercise rights,C3PA_Dataset/Annotations/DB/120.csv
DB_120,44,ra3,"Right to Request Deletion: You also have a right to request that we delete personal data under certain circumstances, subject to a number of exceptions. The Magenta Marketing Platform identifies users by their mobile Ad ID. You may submit a “request to delete” by downloading our app or calling 1-844-905-1877. For details, read our Do Not Sell article.",Description of Right to Delete,C3PA_Dataset/Annotations/DB/120.csv
DB_120,45,ra3,"You may submit a “request to delete” by downloading our app or calling 1-844-905-1877. For details, read our Do Not Sell article.",Methods to exercise rights,C3PA_Dataset/Annotations/DB/120.csv
DB_120,46,ra3,"Right to Opt-Out: You have a right to opt-out from future sales of personal data. Please review the “Categories of Personal Data Sold” section for more information about our sale of personal data under CCPA. If you wish to opt-out (or permit an authorized agent to exercise the opt out on your behalf), visit our “California Do Not Sell My Info” section above. The Magenta Marketing Platform identifies users by their mobile Ad ID. You may submit a “request to know” by downloading our app or calling 1-844-905-1877. For details, read our Do Not Sell article. ",Description of Right to Opt-out of sale of PI,C3PA_Dataset/Annotations/DB/120.csv
DB_120,47,ra3,"You may submit a “request to know” by downloading our app or calling 1-844-905-1877. For details, read our Do Not Sell article. ",Methods to exercise rights,C3PA_Dataset/Annotations/DB/120.csv
DB_120,48,ra2,Effective: January 2020,Updated Privacy Policy,C3PA_Dataset/Annotations/DB/120.csv
DB_120,50,ra2,"Data we automatically collect\n\nWhen Visitors and Customers access or use our Sites and Services, we collect some data automatically. For example:\n\nData about your mobile device such as: operating system, hardware version, device settings, language settings, telecommunications carriers, ISPs, installed application IDs, and time zone.\nData about your use of and interaction with your mobile device, mobile apps, websites, and advertisements including the names and types of apps that you use and features you use in those apps, web browsing and usage history, and search history, pages viewed, time spent on a page, configuration of a Customer’s or Visitor’s landing page, or settings used.",Categories of Personal Information Collected,C3PA_Dataset/Annotations/DB/120.csv
DB_120,52,ra2,"Data we collect from third party sources\n\nWe may collect all of the categories of personal data about you from third-party sources including, for example:\n\nData brokers from which we obtain demographic data to supplement the personal data we collect;\nApplications and services, such as social networks, that license, sell, or otherwise make users’ personal data available to others;\nService providers such as analytics providers or providers that help us determine your device’s location based on its IP address to customize certain Services to your location;\nPartners with which we offer co-branded services or engage in joint marketing activities; and\nPublicly available sources, such as open government databases or other personal information in the public domain.",Categories of Personal Information Collected,C3PA_Dataset/Annotations/DB/120.csv
DB_120,54,ra2,"We and others use a variety of tracking technologies, including cookies and device IDs on our Sites, in emails, on social media sites, and in advertisements that are served to help:\n\nRecognize users across devices, such as smartphones, computers, tablets or related browsers.\nRecognize the browser of any returning Visitor or Customer browser and save and remember your preference that were set during that browser’s previous visit to the Site, such as your sign-in information.\nCustomize the content or advertisements provided to a Visitor or Customer on the Site or on other websites across the Internet.\nMeasure and research the effectiveness of website features and offerings, advertisements, and emails by determining which emails you open and act upon.",Categories of Personal Information Collected,C3PA_Dataset/Annotations/DB/120.csv
DB_120,56,ra2,"We and others may use these and a variety of technologies and techniques to collect data about you and/or the apps, sites, devices, and browsers you use (“Properties”). We and others use these tools on or through multiple Properties over time and across different Properties. Data collected about you from a particular Property you use may be used and linked with other data collected about you on a different Property you use.",Categories of Personal Information Collected,C3PA_Dataset/Annotations/DB/120.csv
DB_120,57,ra2,California “Do Not Sell My Info”\n\nThe California Consumer Protection Act (“CCPA”) requires us to disclose categories of personal data sold to third parties and how to opt-out of future sales.,Description of Right to Opt-out of sale of PI,C3PA_Dataset/Annotations/DB/120.csv
DB_120,59,ra2,"Third party access to your data\n\nWe share or disclose the categories of personal data described above with others, as explained below.\n\nParent company, subsidiaries, and affiliates\n\nWe share personal data with our parent company, T-Mobile USA, Inc., and its subsidiaries and affiliates that share common data systems and process personal data to provide our products and services and operate our business.\n\nService providers\n\nWe share personal data with unaffiliated companies or individuals we hire or work with to provide services or perform business functions on our behalf. These service providers need access to the personal data to perform the functions we’ve requested of them. ",Categories of Personal Information Shared / Disclosed,C3PA_Dataset/Annotations/DB/120.csv
DB_120,62,ra2,"Aggregated data\n\nIn addition to the data described above, we may share aggregated data of Visitors or Customers publicly and with our partners. For example, we may share data publicly to show trends about the general use of our Services. This data cannot be used to identify individuals. We do not share or disclose any data that is confidential or proprietary to our customers.",Categories of Personal Information Shared / Disclosed,C3PA_Dataset/Annotations/DB/120.csv
DB_120,66,ra2,The Platform identifies users by their mobile Ad ID. You may submit a “request to know” by downloading our app or calling 1-844-905-1877.,Methods to exercise rights,C3PA_Dataset/Annotations/DB/120.csv
DB_120,67,ra2,"Right to Request Deletion: You also have a right to request that we delete personal data under certain circumstances, subject to a number of exceptions.",Description of Right to Delete,C3PA_Dataset/Annotations/DB/120.csv
DB_120,68,ra2,"You may submit a “request to delete” by downloading our app or calling 1-844-905-1877. For details, read our Do Not Sell article.",Methods to exercise rights,C3PA_Dataset/Annotations/DB/120.csv
DB_120,69,ra2,Right to Opt-Out: You have a right to opt-out from future sales of personal data. Please review the “Categories of Personal Data Sold” section for more information about our sale of personal data under CCPA.,Description of Right to Opt-out of sale of PI,C3PA_Dataset/Annotations/DB/120.csv
DB_120,70,ra2,"If you wish to opt-out (or permit an authorized agent to exercise the opt out on your behalf), visit our “California Do Not Sell My Info” section above. The Platform identifies users by their mobile Ad ID. You may submit a “request to know” by downloading our app or calling 1-844-905-1877.",Methods to exercise rights,C3PA_Dataset/Annotations/DB/120.csv
DB_120,71,ra2,We will not discriminate against you if you choose to exercise your rights related to your personal data.,Description of Right to Non-discrimination on exercising rights,C3PA_Dataset/Annotations/DB/120.csv
DB_120,73,ra2,Effective: January 2020,Updated Privacy Policy,C3PA_Dataset/Annotations/DB/120.csv
DB_120,78,ra2,Right to Know. You have a right to request that companies provide you with the following information:,Description of Right to Know PI Collected,C3PA_Dataset/Annotations/DB/120.csv
DB_120,82,ra2,"Right to Request Deletion: You also have a right to request that we delete personal data under certain circumstances, subject to a number of exceptions. The Magenta Marketing Platform identifies users by their mobile Ad ID.",Description of Right to Delete,C3PA_Dataset/Annotations/DB/120.csv
DB_120,83,ra2,"You may submit a “request to delete” by downloading our app or calling 1-844-905-1877. For details, read our Do Not Sell article.",Methods to exercise rights,C3PA_Dataset/Annotations/DB/120.csv
DB_120,84,ra2,Right to Opt-Out: You have a right to opt-out from future sales of personal data. Please review the “Categories of Personal Data Sold” section for more information about our sale of personal data under CCPA. ,Description of Right to Opt-out of sale of PI,C3PA_Dataset/Annotations/DB/120.csv
DB_120,85,ra2,"If you wish to opt-out (or permit an authorized agent to exercise the opt out on your behalf), visit our “California Do Not Sell My Info” section above. The Magenta Marketing Platform identifies users by their mobile Ad ID. You may submit a “request to know” by downloading our app or calling 1-844-905-1877. For details, read our Do Not Sell article. ",Methods to exercise rights,C3PA_Dataset/Annotations/DB/120.csv
DB_120,86,ra2,We will not discriminate against you if you choose to exercise your rights related to your personal data.,Description of Right to Non-discrimination on exercising rights,C3PA_Dataset/Annotations/DB/120.csv
DB_120,87,ra4,Effective: January 2020,Updated Privacy Policy,C3PA_Dataset/Annotations/DB/120.csv
DB_120,92,ra4,"Cookies, web beacons, & analysis\nCookies and tracking technologies\n\nWe and others use a variety of tracking technologies, including cookies and device IDs on our Sites, in emails, on social media sites, and in advertisements that are served to help:\n\nRecognize users across devices, such as smartphones, computers, tablets or related browsers.\nRecognize the browser of any returning Visitor or Customer browser and save and remember your preference that were set during that browser’s previous visit to the Site, such as your sign-in information.\nCustomize the content or advertisements provided to a Visitor or Customer on the Site or on other websites across the Internet.\nMeasure and research the effectiveness of website features and offerings, advertisements, and emails by determining which emails you open and act upon.",Categories of Personal Information Collected,C3PA_Dataset/Annotations/DB/120.csv
DB_120,96,ra4,"We and others may use these and a variety of technologies and techniques to collect data about you and/or the apps, sites, devices, and browsers you use (“Properties”). ",Categories of Personal Information Collected,C3PA_Dataset/Annotations/DB/120.csv
DB_120,97,ra4,"We and others may use these and a variety of technologies and techniques to collect data about you and/or the apps, sites, devices, and browsers you use (“Properties”).",Categories of Personal Information Shared / Disclosed,C3PA_Dataset/Annotations/DB/120.csv
DB_120,98,ra4,"We and others may use these and a variety of technologies and techniques to collect data about you and/or the apps, sites, devices, and browsers you use (“Properties”). ",Categories of Personal Information Sold,C3PA_Dataset/Annotations/DB/120.csv
DB_120,99,ra4,Data collected about you from a particular Property you use may be used and linked with other data collected about you on a different Property you use. ,Categories of Personal Information Collected,C3PA_Dataset/Annotations/DB/120.csv
DB_120,102,ra4,California “Do Not Sell My Info”\n\nThe California Consumer Protection Act (“CCPA”) requires us to disclose categories of personal data sold to third parties and how to opt-out of future sales.,Description of Right to Opt-out of sale of PI,C3PA_Dataset/Annotations/DB/120.csv
DB_120,104,ra4,"Third party access to your data\n\nWe share or disclose the categories of personal data described above with others, as explained below.",Categories of Personal Information Shared / Disclosed,C3PA_Dataset/Annotations/DB/120.csv
DB_120,105,ra4,"Parent company, subsidiaries, and affiliates\n\nWe share personal data with our parent company, T-Mobile USA, Inc., and its subsidiaries and affiliates that share common data systems and process personal data to provide our products and services and operate our business.",Categories of Personal Information Shared / Disclosed,C3PA_Dataset/Annotations/DB/120.csv
DB_120,106,ra4,"Service providers\n\nWe share personal data with unaffiliated companies or individuals we hire or work with to provide services or perform business functions on our behalf. These service providers need access to the personal data to perform the functions we’ve requested of them. Examples of service providers we engage include cloud service providers, analytics and measurement providers, and consultants",Categories of Personal Information Shared / Disclosed,C3PA_Dataset/Annotations/DB/120.csv
DB_120,112,ra4,Personalize each Visitor’s or Customer’s experience on the Sites and Services,Categories of Personal Information Shared / Disclosed,C3PA_Dataset/Annotations/DB/120.csv
DB_120,113,ra4,"Optimize our marketing efforts, for example to compile statistics regarding our Visitors and Customers",Categories of Personal Information Shared / Disclosed,C3PA_Dataset/Annotations/DB/120.csv
DB_120,114,ra4,"Optimize our marketing efforts, for example to compile statistics regarding our Visitors and Customers",Categories of Personal Information Sold,C3PA_Dataset/Annotations/DB/120.csv
DB_120,116,ra4,You may submit a “request to know” by downloading our app or calling 1-844-905-1877.,Methods to exercise rights,C3PA_Dataset/Annotations/DB/120.csv
DB_120,117,ra4,"Right to Request Deletion: You also have a right to request that we delete personal data under certain circumstances, subject to a number of exceptions.",Description of Right to Delete,C3PA_Dataset/Annotations/DB/120.csv
DB_120,118,ra4,You may submit a “request to delete” by downloading our app or calling 1-844-905-1877,Methods to exercise rights,C3PA_Dataset/Annotations/DB/120.csv
DB_120,119,ra4,Right to Opt-Out: You have a right to opt-out from future sales of personal data,Description of Right to Opt-out of sale of PI,C3PA_Dataset/Annotations/DB/120.csv
DB_120,120,ra4,"Please review the “Categories of Personal Data Sold” section for more information about our sale of personal data under CCPA. If you wish to opt-out (or permit an authorized agent to exercise the opt out on your behalf), visit our “California Do Not Sell My Info” section above. ",Methods to exercise rights,C3PA_Dataset/Annotations/DB/120.csv
DB_120,121,ra4,You may submit a “request to know” by downloading our app or calling 1-844-905-1877,Methods to exercise rights,C3PA_Dataset/Annotations/DB/120.csv
DB_120,123,ra4,Effective: January 2020,Updated Privacy Policy,C3PA_Dataset/Annotations/DB/120.csv
DB_120,125,ra4,"We and others use a variety of technologies and techniques to collect data about you and/or the apps, sites, devices, and browsers you use (“Properties”).",Categories of Personal Information Collected,C3PA_Dataset/Annotations/DB/120.csv
DB_120,126,ra4,Data collected about you from a particular Property you use may be used and linked with other data collected about you on a different Property you use,Categories of Personal Information Collected,C3PA_Dataset/Annotations/DB/120.csv
DB_120,128,ra4,"To use profiles about you and other individuals to create inferences about you (such as the inference that you visited a store where we determined your location) and others and to create targeting segments of groups of consumer profiles and those inferences that meet the specifications for a particular segment, such as, “female, 25 to 35 years old, interested in luxury goods.”",Categories of Personal Information Sold,C3PA_Dataset/Annotations/DB/120.csv
DB_120,129,ra4,"To use profiles about you and other individuals to create inferences about you (such as the inference that you visited a store where we determined your location) and others and to create targeting segments of groups of consumer profiles and those inferences that meet the specifications for a particular segment, such as, “female, 25 to 35 years old, interested in luxury goods.”",Categories of Personal Information Shared / Disclosed,C3PA_Dataset/Annotations/DB/120.csv
DB_120,136,ra4,"Third party access to user data\nWe share with, or disclose your data to third parties as described below:\n\nParent company, subsidiaries, and affiliates\n\nSubcontractors and service providers\nWe may share personal data with unaffiliated companies or individuals we hire or work with to provide services or perform business functions on our behalf. These service providers need access to the personal data to perform the functions we’ve requested of them. Examples of service providers we engage include cloud service providers, analytics and measurement providers, and consultants.",Categories of Personal Information Shared / Disclosed,C3PA_Dataset/Annotations/DB/120.csv
DB_120,146,ra4,"We do not sell information that identifies you directly, such as name, address, phone number or email address.",Categories of Personal Information Sold,C3PA_Dataset/Annotations/DB/120.csv
DB_120,147,ra4,You may submit a “request to know” by downloading our app or calling 1-844-905-1877.,Methods to exercise rights,C3PA_Dataset/Annotations/DB/120.csv
DB_120,148,ra4,"Right to Request Deletion: You also have a right to request that we delete personal data under certain circumstances, subject to a number of exceptions. ",Description of Right to Delete,C3PA_Dataset/Annotations/DB/120.csv
DB_120,149,ra4,You may submit a “request to delete” by downloading our app or calling 1-844-905-1877.,Methods to exercise rights,C3PA_Dataset/Annotations/DB/120.csv
DB_120,150,ra4,Right to Opt-Out: You have a right to opt-out from future sales of personal data.,Description of Right to Opt-out of sale of PI,C3PA_Dataset/Annotations/DB/120.csv
DB_120,151,ra4,You may submit a “request to know” by downloading our app or calling 1-844-905-1877. ,Methods to exercise rights,C3PA_Dataset/Annotations/DB/120.csv
DB_13,0,ra3,"Identifiers
‍E.g.,  IP address; mobile ad identifiers.
IdentifiersE.g., IP addresses; the names, addresses, phone numbers, etc. of our customers and prospective customers, business partners or employment candidates.",Categories of Personal Information Collected,C3PA_Dataset/Annotations/DB/13.csv
DB_13,1,ra3,Personal information categories listed in the California Customer Records statute (Cal. Civ. Code § 1798.80(e)).,Categories of Personal Information Collected,C3PA_Dataset/Annotations/DB/13.csv
DB_13,2,ra3,"Characteristics of protected classifications under California or federal law (e.g., gender of potential customers in marketing surveys).",Categories of Personal Information Collected,C3PA_Dataset/Annotations/DB/13.csv
DB_13,4,ra3,Internet or other electronic network activity information.,Categories of Personal Information Collected,C3PA_Dataset/Annotations/DB/13.csv
DB_13,6,ra3,No.,Categories of Personal Information Sold,C3PA_Dataset/Annotations/DB/13.csv
DB_13,7,ra3,No.,Categories of Personal Information Sold,C3PA_Dataset/Annotations/DB/13.csv
DB_13,8,ra3,No.,Categories of Personal Information Sold,C3PA_Dataset/Annotations/DB/13.csv
DB_13,9,ra3,No.,Categories of Personal Information Sold,C3PA_Dataset/Annotations/DB/13.csv
DB_13,10,ra3,No.,Categories of Personal Information Sold,C3PA_Dataset/Annotations/DB/13.csv
DB_13,11,ra3,No.,Categories of Personal Information Sold,C3PA_Dataset/Annotations/DB/13.csv
DB_13,12,ra3,No.,Categories of Personal Information Shared / Disclosed,C3PA_Dataset/Annotations/DB/13.csv
DB_13,13,ra3,No.,Categories of Personal Information Shared / Disclosed,C3PA_Dataset/Annotations/DB/13.csv
DB_13,14,ra3,No.,Categories of Personal Information Shared / Disclosed,C3PA_Dataset/Annotations/DB/13.csv
DB_13,15,ra3,No.,Categories of Personal Information Shared / Disclosed,C3PA_Dataset/Annotations/DB/13.csv
DB_13,16,ra3,No.,Categories of Personal Information Shared / Disclosed,C3PA_Dataset/Annotations/DB/13.csv
DB_13,17,ra3,No.,Categories of Personal Information Shared / Disclosed,C3PA_Dataset/Annotations/DB/13.csv
DB_13,18,ra3,"Identifiers
E.g., IP addresses; the names, addresses, phone numbers, etc. of our customers and prospective customers, business partners or employment candidates.
You, analytics providers, advertising networks and platforms",Categories of Personal Information Collected,C3PA_Dataset/Annotations/DB/13.csv
DB_13,19,ra3,Personal information categories listed in the California Customer Records statute (Cal. Civ. Code § 1798.80(e)).,Categories of Personal Information Collected,C3PA_Dataset/Annotations/DB/13.csv
DB_13,20,ra3,"Protected classification characteristics under California or federal law.
You, analytics providers, advertising networks and platforms",Categories of Personal Information Collected,C3PA_Dataset/Annotations/DB/13.csv
DB_13,21,ra3,"Geolocation Data.
Third Party Data Compilers",Categories of Personal Information Collected,C3PA_Dataset/Annotations/DB/13.csv
DB_13,22,ra3,"Internet or other electronic network activity information.
Analytics providers, advertising networks and platforms",Categories of Personal Information Collected,C3PA_Dataset/Annotations/DB/13.csv
DB_13,23,ra3,"Professional or employment-related information.
You, recruiters, and executive search agencies",Categories of Personal Information Collected,C3PA_Dataset/Annotations/DB/13.csv
DB_13,24,ra3,"Sensitive Personal Information (e.g. precise geolocation data)
To the extent we collection sensitive information, we do not use it to infer characteristics about a consumer, consistent with section 1798.121(d).
Third Party Data Compilers",Categories of Personal Information Collected,C3PA_Dataset/Annotations/DB/13.csv
DB_13,25,ra3,No.,Categories of Personal Information Sold,C3PA_Dataset/Annotations/DB/13.csv
DB_13,26,ra3,No.,Categories of Personal Information Shared / Disclosed,C3PA_Dataset/Annotations/DB/13.csv
DB_13,27,ra3,No.,Categories of Personal Information Sold,C3PA_Dataset/Annotations/DB/13.csv
DB_13,28,ra3,No.,Categories of Personal Information Shared / Disclosed,C3PA_Dataset/Annotations/DB/13.csv
DB_13,29,ra3,No.,Categories of Personal Information Sold,C3PA_Dataset/Annotations/DB/13.csv
DB_13,30,ra3,No.,Categories of Personal Information Shared / Disclosed,C3PA_Dataset/Annotations/DB/13.csv
DB_13,31,ra3,No.,Categories of Personal Information Sold,C3PA_Dataset/Annotations/DB/13.csv
DB_13,32,ra3,No.,Categories of Personal Information Shared / Disclosed,C3PA_Dataset/Annotations/DB/13.csv
DB_13,33,ra3,No.,Categories of Personal Information Sold,C3PA_Dataset/Annotations/DB/13.csv
DB_13,34,ra3,No.,Categories of Personal Information Shared / Disclosed,C3PA_Dataset/Annotations/DB/13.csv
DB_13,35,ra3,No.,Categories of Personal Information Sold,C3PA_Dataset/Annotations/DB/13.csv
DB_13,36,ra3,No.,Categories of Personal Information Shared / Disclosed,C3PA_Dataset/Annotations/DB/13.csv
DB_13,37,ra3,No.,Categories of Personal Information Sold,C3PA_Dataset/Annotations/DB/13.csv
DB_13,38,ra3,No.,Categories of Personal Information Shared / Disclosed,C3PA_Dataset/Annotations/DB/13.csv
DB_13,39,ra3,"Identifiers
E.g., IP addresses; the names, addresses, phone numbers, etc. of our customers and prospective customers, business partners or employment candidates
To service providers for the provision of services to SafeGraph.",Categories of Personal Information Shared / Disclosed,C3PA_Dataset/Annotations/DB/13.csv
DB_13,40,ra3,"Marketing, analytics, and other research
Personal information categories listed in the California Customer Records statute (Cal. Civ. Code § 1798.80(e)).
To service providers for the provision of services to SafeGraph; to government regulators as required by law
Marketing, analytics, and other research
Professional or employment-related information.
To service providers for the provision of services to SafeGraph; to government regulators as required by law
Processing job applications and employee management",Categories of Personal Information Shared / Disclosed,C3PA_Dataset/Annotations/DB/13.csv
DB_13,41,ra3,"If you have questions about our privacy policies or practices or this Addendum, please contact us at privacy@safegraph.com.",Methods to exercise rights,C3PA_Dataset/Annotations/DB/13.csv
DB_13,42,ra3,"You have the right to opt-out of the sharing of your Personal Information by us or to limit the use or disclosure of your Sensitive Personal Information.  To exercise these rights, you can use the link Do Not Sell or Share My Personal Information on our website or send an email to privacy@safegraph.com.",Methods to exercise rights,C3PA_Dataset/Annotations/DB/13.csv
DB_13,43,ra3,"Right to Non-discrimination. California Consumers have the right not to be subject to discriminatory treatment for exercising their privacy rights under the CCPA, including the right not to be retaliated against for the exercise of their CCPA rights.",Description of Right to Non-discrimination on exercising rights,C3PA_Dataset/Annotations/DB/13.csv
DB_13,44,ra3,Notice of Right to Limit Use and Disclosure of Sensitive Personal Information: California Consumers have the right to limit the use and disclosure of their sensitive personal information if used or disclosed for purposes not specified in the CCPA. ,Description of Right to Limit use of PI,C3PA_Dataset/Annotations/DB/13.csv
DB_13,45,ra3,Notice of Right To Opt-out of the Sale or Sharing of Information: California Consumers have the right to opt-out of the sale of their Information or the sharing of their Information for cross-context behavioral advertising.  Please note that SafeGraph does not sell Information or engage in cross-contextual behavioral advertising.,Description of Right to Opt-out of sale of PI,C3PA_Dataset/Annotations/DB/13.csv
DB_13,46,ra3,"To submit a data access request, you can click this LINK or email us at privacy@safegraph.com.",Methods to exercise rights,C3PA_Dataset/Annotations/DB/13.csv
DB_13,47,ra3,Right to Correct: California Consumers have the right to correct inaccurate Information that a business maintains about that consumer.,Description of Right to Correct Information,C3PA_Dataset/Annotations/DB/13.csv
DB_13,48,ra3,"Right to Deletion: California Consumers have the right to request deletion of their Information that we have collected about them, subject to certain exemptions, and to have such Information deleted, except where necessary for any list of exempt purposes. Please also note that we may retain Information for certain important purposes, such as (a) to protect our business, systems, and users from fraudulent activity, (b) to address technical issues that impair existing functionality (such as de-bugging purposes), (c) as necessary for us, or others, to exercise their free speech or other rights, (d) to comply with law enforcement requests pursuant to lawful process, (e) for scientific or historical research, (f) for our own internal purposes reasonably related to your relationship with us, or to comply with legal obligations. Additionally, we need certain types of information so that we can provide our Services to you. If you ask us to delete it, you may no longer be able to access or use our Services",Description of Right to Delete,C3PA_Dataset/Annotations/DB/13.csv
DB_13,49,ra3,"Right to Know: California residents have the right to know what Information we have collected about them and the right to request that we provide them certain information about how we have handled their information in the prior 12 months, including the:

categories of Information collected;
categories of sources of Information;",Description of Right to Know PI Collected,C3PA_Dataset/Annotations/DB/13.csv
DB_13,51,ra3,"categories of Information about them we have disclosed for a business purpose or sold;
categories of third parties to whom we have sold or disclosed for a business purpose their Information;
the business or commercial purposes for collecting or selling their Information; and",Description of Right to Know PI sold / shared,C3PA_Dataset/Annotations/DB/13.csv
DB_13,52,ra3,"Without being discriminated against for exercising these rights, California Consumers have the right to request that we disclose what Information we collect from you, to correct that Information, to delete that Information, to opt-out of the sale or sharing of your Information, and to limit the use and disclosure of sensitive personal information subject to certain restrictions.",Description of Right to Non-discrimination on exercising rights,C3PA_Dataset/Annotations/DB/13.csv
DB_13,53,ra3,"Without being discriminated against for exercising these rights, California Consumers have the right to request that we disclose what Information we collect from you, to correct that Information, to delete that Information, to opt-out of the sale or sharing of your Information, and to limit the use and disclosure of sensitive personal information subject to certain restrictions.",Description of Right to Know PI Collected,C3PA_Dataset/Annotations/DB/13.csv
DB_13,54,ra3,"Without being discriminated against for exercising these rights, California Consumers have the right to request that we disclose what Information we collect from you, to correct that Information, to delete that Information, to opt-out of the sale or sharing of your Information, and to limit the use and disclosure of sensitive personal information subject to certain restrictions.",Description of Right to Correct Information,C3PA_Dataset/Annotations/DB/13.csv
DB_13,55,ra3,"Without being discriminated against for exercising these rights, California Consumers have the right to request that we disclose what Information we collect from you, to correct that Information, to delete that Information, to opt-out of the sale or sharing of your Information, and to limit the use and disclosure of sensitive personal information subject to certain restrictions. ",Description of Right to Delete,C3PA_Dataset/Annotations/DB/13.csv
DB_13,56,ra3,"Without being discriminated against for exercising these rights, California Consumers have the right to request that we disclose what Information we collect from you, to correct that Information, to delete that Information, to opt-out of the sale or sharing of your Information, and to limit the use and disclosure of sensitive personal information subject to certain restrictions.",Description of Right to Know PI sold / shared,C3PA_Dataset/Annotations/DB/13.csv
DB_13,57,ra3,"Without being discriminated against for exercising these rights, California Consumers have the right to request that we disclose what Information we collect from you, to correct that Information, to delete that Information, to opt-out of the sale or sharing of your Information, and to limit the use and disclosure of sensitive personal information subject to certain restrictions.",Description of Right to Limit use of PI,C3PA_Dataset/Annotations/DB/13.csv
DB_13,58,ra3,"This section describes how to exercise those rights and our process for handling those requests, to the extent as act as a “business” (as opposed to a “service provider”) for purposes of handling Information.",Methods to exercise rights,C3PA_Dataset/Annotations/DB/13.csv
DB_13,63,ra2,want an authori,Methods to exercise rights,C3PA_Dataset/Annotations/DB/13.csv
DB_13,65,ra2,"You can ask us to delete your personal information we have collected from you. Please be aware that the CCPA has a number of exceptions that allow us to keep your personal information even if you ask us to delete it. For example, we may keep your personal information if it is necessary for us to provide you with a requested service, to detect and protect against security issues, to comply with our legal obligations, or for other purposes that align with your expectations based on your relationship with us or that are consistent with the context in which you provided your personal information. These examples are just a few of the exceptions allowed by the CCPA.",Description of Right to Delete,C3PA_Dataset/Annotations/DB/13.csv
DB_13,66,ra2,"If you do not have an email address or if you prefer not to provide it in connection with your “Delete My PI” request, please call the toll-free telephone number listed above (under “Exercise Your CCPA Rights”) to submit your request.\n\nFor information on “Delete My PI” requests submitted by authorized agents, please read “Exercise Your CCPA Rights” above.",Methods to exercise rights,C3PA_Dataset/Annotations/DB/13.csv
DB_13,67,ra2,"You can request access to the personal information we have collected about you in the last 12 months. We will also include a summary about the personal information we provide in response to your request. Please be aware there may be circumstances where we are not able to provide you with some information, as permitted under the CCPA. For example, if we are not able to verify that information relates to you instead of someone else, if providing information to you could adversely affect the rights of someone else, or if information consists of trade secrets, we may not provide the affected information.",Description of Right to Know PI Collected,C3PA_Dataset/Annotations/DB/13.csv
DB_13,68,ra2,"If you do not have an email address or if you prefer not to provide it in connection with your “Access My PI” request, please call the toll-free telephone number listed above (under “Exercise Your CCPA Rights”) to submit your request. For information on “Access My PI” requests submitted by authorized agents, please read “Exercise Your CCPA Rights” above.",Methods to exercise rights,C3PA_Dataset/Annotations/DB/13.csv
DB_13,69,ra2,"You can opt out of the “sale” of your personal information, which is roughly defined by the CCPA as transfers of your personal information to third parties for valuable consideration. If you opt-out, Censia will not “sell” your data, and will instruct third parties who have already received it from us that they cannot either.",Description of Right to Opt-out of sale of PI,C3PA_Dataset/Annotations/DB/13.csv
DB_13,70,ra2,"Censia. Transformative talent
found. hired. grown.
Manage Cookie Consent\nWe use cookies to personalize content and ads, to provide social media features and to analyze our traffic.",Methods to exercise rights,C3PA_Dataset/Annotations/DB/13.csv
DB_13,74,ra5,"Notice at collection of personal information
Depending on how you interact with us, the table below summarizes the categories of Information we may directly collect about you and whether we sell or share that information:",Description of Right to Know PI Collected,C3PA_Dataset/Annotations/DB/13.csv
DB_13,75,ra5,"During the past twelve months, we have not sold Information or shared  Information for cross-context behavioral advertising.

During the past twelve months, we have disclosed the following Information to third parties for the following business and commercial purposes:

Category
Category of Third Parties to Whom Disclosed
Business or Commercial Purpose
Identifiers
E.g., IP addresses; the names, addresses, phone numbers, etc. of our customers and prospective customers, business partners or employment candidates
To service providers for the provision of services to SafeGraph.
Marketing, analytics, and other research
Personal information categories listed in the California Customer Records statute (Cal. Civ. Code § 1798.80(e)).
To service providers for the provision of services to SafeGraph; to government regulators as required by law
Marketing, analytics, and other research
Professional or employment-related information.
To service providers for the provision of services to SafeGraph; to government regulators as required by law
Processing job applications and employee management",Description of Right to Know PI sold / shared,C3PA_Dataset/Annotations/DB/13.csv
DB_13,76,ra5,"E.g., IP addresses; the names, addresses, phone numbers, etc. of our customers and prospective customers, business partners or employment candidates",Categories of Personal Information Shared / Disclosed,C3PA_Dataset/Annotations/DB/13.csv
DB_13,77,ra5,Personal information categories listed in the California Customer Records statute (Cal. Civ. Code § 1798.80(e)).,Categories of Personal Information Shared / Disclosed,C3PA_Dataset/Annotations/DB/13.csv
DB_13,79,ra5,"Without being discriminated against for exercising these rights, California Consumers have the right to request that we disclose what Information we collect from you, to correct that Information, to delete that Information, to opt-out of the sale or sharing of your Information, and to limit the use and disclosure of sensitive personal information subject to certain restrictions.",Description of Right to Non-discrimination on exercising rights,C3PA_Dataset/Annotations/DB/13.csv
DB_13,80,ra5,"California Consumers have the right to request that we disclose what Information we collect from you, to correct that Information, to delete that Information, to opt-out of the sale or sharing of your Information, and to limit the use and disclosure of sensitive personal information subject to certain restrictions.",Description of Right to Opt-out of sale of PI,C3PA_Dataset/Annotations/DB/13.csv
DB_13,81,ra5," California Consumers have the right to request that we disclose what Information we collect from you, to correct that Information, to delete that Information, to opt-out of the sale or sharing of your Information, and to limit the use and disclosure of sensitive personal information subject to certain restrictions.",Description of Right to Know PI sold / shared,C3PA_Dataset/Annotations/DB/13.csv
DB_13,82,ra5,"California Consumers have the right to request that we disclose what Information we collect from you, to correct that Information, to delete that Information, to opt-out of the sale or sharing of your Information, and to limit the use and disclosure of sensitive personal information subject to certain restrictions.",Description of Right to Limit use of PI,C3PA_Dataset/Annotations/DB/13.csv
DB_13,83,ra5,"California Consumers have the right to request that we disclose what Information we collect from you, to correct that Information, to delete that Information, to opt-out of the sale or sharing of your Information, and to limit the use and disclosure of sensitive personal information subject to certain restrictions",Description of Right to Correct Information,C3PA_Dataset/Annotations/DB/13.csv
DB_13,84,ra5,"California Consumers have the right to request that we disclose what Information we collect from you, to correct that Information, to delete that Information, to opt-out of the sale or sharing of your Information, and to limit the use and disclosure of sensitive personal information subject to certain restrictions",Description of Right to Know PI Collected,C3PA_Dataset/Annotations/DB/13.csv
DB_13,85,ra5,"Right to Know: California residents have the right to know what Information we have collected about them and the right to request that we provide them certain information about how we have handled their information in the prior 12 months, including the:

categories of Information collected;
categories of sources of Information;
categories of Information about them we have disclosed for a business purpose or sold;
categories of third parties to whom we have sold or disclosed for a business purpose their Information;
the business or commercial purposes for collecting or selling their Information; and
a copy of the specific pieces of Information we have collected about them.",Description of Right to Know PI Collected,C3PA_Dataset/Annotations/DB/13.csv
DB_13,86,ra5,"Right to Deletion: California Consumers have the right to request deletion of their Information that we have collected about them, subject to certain exemptions, and to have such Information deleted, except where necessary for any list of exempt purposes. Please also note that we may retain Information for certain important purposes, such as (a) to protect our business, systems, and users from fraudulent activity, (b) to address technical issues that impair existing functionality (such as de-bugging purposes), (c) as necessary for us, or others, to exercise their free speech or other rights, (d) to comply with law enforcement requests pursuant to lawful process, (e) for scientific or historical research, (f) for our own internal purposes reasonably related to your relationship with us, or to comply with legal obligations. Additionally, we need certain types of information so that we can provide our Services to you. If you ask us to delete it, you may no longer be able to access or use our Services",Description of Right to Delete,C3PA_Dataset/Annotations/DB/13.csv
DB_13,87,ra5,Right to Correct: California Consumers have the right to correct inaccurate Information that a business maintains about that consumer.,Description of Right to Correct Information,C3PA_Dataset/Annotations/DB/13.csv
DB_13,88,ra5,Notice of Right To Opt-out of the Sale or Sharing of Information: California Consumers have the right to opt-out of the sale of their Information or the sharing of their Information for cross-context behavioral advertising.  Please note that SafeGraph does not sell Information or engage in cross-contextual behavioral advertising.  ,Description of Right to Opt-out of sale of PI,C3PA_Dataset/Annotations/DB/13.csv
DB_13,89,ra5,Notice of Right to Limit Use and Disclosure of Sensitive Personal Information: California Consumers have the right to limit the use and disclosure of their sensitive personal information if used or disclosed for purposes not specified in the CCPA. ,Description of Right to Limit use of PI,C3PA_Dataset/Annotations/DB/13.csv
DB_13,90,ra5,"Right to Non-discrimination. California Consumers have the right not to be subject to discriminatory treatment for exercising their privacy rights under the CCPA, including the right not to be retaliated against for the exercise of their CCPA rights.",Description of Right to Non-discrimination on exercising rights,C3PA_Dataset/Annotations/DB/13.csv
DB_13,91,ra5,"4. Information About Persons Under 16 Years of Age  
We do not knowingly collect Information from minors under 16 years of age in California unless we have received legal consent to do so. If we learn that personal information from such California residents has been collected, we will take reasonable steps to remove their information from our database (or to obtain legally required consent).",Others,C3PA_Dataset/Annotations/DB/13.csv
DB_13,92,ra5,"5. Methods for Exercising Opt-Out Rights
You have the right to opt-out of the sharing of your Personal Information by us or to limit the use or disclosure of your Sensitive Personal Information.  To exercise these rights, you can use the link Do Not Sell or Share My Personal Information on our website or send an email to privacy@safegraph.com.",Methods to exercise rights,C3PA_Dataset/Annotations/DB/13.csv
DB_13,93,ra5,"For example, if you request deletion, we may need to retain certain personal information to comply with our legal obligations or other permitted purposes. However, we will only use personal information provided in a verifiable consumer request to verify your identity or authority to make the request.",Description of Right to Delete,C3PA_Dataset/Annotations/DB/13.csv
DB_13,94,ra5,"Notice at collection of personal information
Depending on how you interact with us, the table below summarizes the categories of Information we may directly collect about you and whether we sell or share that information:",Description of Right to Know PI sold / shared,C3PA_Dataset/Annotations/DB/13.csv
DB_13,96,ra5,"2. Notice of Collection, Sale, Sharing, and Disclosure of Information in Past 12 Months
During the past twelve months we have collected the following Information for the following business and commercial purposes from the following categories of sources:

Category
Sold or Shared
Included in SafeGraph Services?
Business or Commercial Purpose
Identifiers",Description of Right to Know PI Collected,C3PA_Dataset/Annotations/DB/13.csv
DB_13,97,ra5,"Third Party Data Compilers
No.
To develop SafeGraph Services",Description of Right to Know PI Collected,C3PA_Dataset/Annotations/DB/13.csv
DB_13,98,ra5,"To the extent we collection sensitive information, we do not use it to infer characteristics about a consumer, consistent with section 1798.121(d).
Third Party Data Compilers
No.
To develop SafeGraph Services",Description of Right to Know PI Collected,C3PA_Dataset/Annotations/DB/13.csv
DB_13,99,ra5,"Effective:  January 1, 2023",Updated Privacy Policy,C3PA_Dataset/Annotations/DB/13.csv
DB_13,101,ra5,"Right to Know: California residents have the right to know what Information we have collected about them and the right to request that we provide them certain information about how we have handled their information in the prior 12 months, including the:\n\ncategories of Information collected;\ncategories of sources of Information;\ncategories of Information about them we have disclosed for a business purpose or sold;\ncategories of third parties to whom we have sold or disclosed for a business purpose their Information;\nthe business or commercial purposes for collecting or selling their Information; and\na copy of the specific pieces of Information we have collected about them.",Description of Right to Know PI sold / shared,C3PA_Dataset/Annotations/DB/13.csv
DB_13,103,ra5,"E.g., IP addresses; the names, addresses, phone numbers, etc. of our customers and prospective customers, business partners or employment candidates.",Categories of Personal Information Collected,C3PA_Dataset/Annotations/DB/13.csv
DB_13,104,ra5,Personal information categories listed in the California Customer Records statute (Cal. Civ. Code § 1798.80(e)).,Categories of Personal Information Collected,C3PA_Dataset/Annotations/DB/13.csv
DB_13,105,ra5,Protected classification characteristics under California or federal law.,Categories of Personal Information Collected,C3PA_Dataset/Annotations/DB/13.csv
DB_13,106,ra5,Geolocation Data.,Categories of Personal Information Collected,C3PA_Dataset/Annotations/DB/13.csv
DB_13,107,ra5,Internet or other electronic network activity information.,Categories of Personal Information Collected,C3PA_Dataset/Annotations/DB/13.csv
DB_13,109,ra5,Sensitive Personal Information (e.g. precise geolocation data),Categories of Personal Information Collected,C3PA_Dataset/Annotations/DB/13.csv
DB_13,110,ra5,"You, analytics providers, advertising networks and platforms\nNo.",Description of Right to Know PI Collected,C3PA_Dataset/Annotations/DB/13.csv
DB_13,111,ra5,"You, analytics providers, advertising networks and platforms\nNo.",Description of Right to Know PI Collected,C3PA_Dataset/Annotations/DB/13.csv
DB_13,112,ra5,"You, analytics providers, advertising networks and platforms\nNo.",Description of Right to Know PI Collected,C3PA_Dataset/Annotations/DB/13.csv
DB_13,113,ra5,"Analytics providers, advertising networks and platforms\nNo.",Description of Right to Know PI Collected,C3PA_Dataset/Annotations/DB/13.csv
DB_13,114,ra5,"You, recruiters, and executive search agencies\nNo.",Description of Right to Know PI Collected,C3PA_Dataset/Annotations/DB/13.csv
DB_13,118,ra5,Opt-out from sales: you can instruct us to stop certain transfers of your personal information,Description of Right to Opt-out of sale of PI,C3PA_Dataset/Annotations/DB/13.csv
DB_13,119,ra5,"DELETE MY PI\nYou can ask us to delete your personal information we have collected from you. Please be aware that the CCPA has a number of exceptions that allow us to keep your personal information even if you ask us to delete it. For example, we may keep your personal information if it is necessary for us to provide you with a requested service, to detect and protect against security issues, to comply with our legal obligations, or for other purposes that align with your expectations based on your relationship with us or that are consistent with the context in which you provided your personal information",Description of Right to Delete,C3PA_Dataset/Annotations/DB/13.csv
DB_13,120,ra5,"If you do not have an email address or if you prefer not to provide it in connection with your “Delete My PI” request, please call the toll-free telephone number listed above (under “Exercise Your CCPA Rights”) to submit your request.",Methods to exercise rights,C3PA_Dataset/Annotations/DB/13.csv
DB_13,121,ra5,"If you want to exercise more than one of your CCPA rights, please submit a separate request for each CCPA right, which will help us handle your requests more effectively",Methods to exercise rights,C3PA_Dataset/Annotations/DB/13.csv
DB_13,122,ra5,ACCESS MY PI\nYou can request access to the personal information we have collected about you in the last 12 months. We will also include a summary about the personal information we provide in response to your request. ,Description of Right to Know PI Collected,C3PA_Dataset/Annotations/DB/13.csv
DB_13,123,ra5,ACCESS MY PI\nYou can request access to the personal information we have collected about you in the last 12 months. We will also include a summary about the personal information we provide in response to your request. ,Description of Right to Know PI sold / shared,C3PA_Dataset/Annotations/DB/13.csv
DB_13,124,ra5,"If you do not have an email address or if you prefer not to provide it in connection with your “Access My PI” request, please call the toll-free telephone number listed above (under “Exercise Your CCPA Rights”) to submit your request",Methods to exercise rights,C3PA_Dataset/Annotations/DB/13.csv
DB_13,125,ra5,"DO NOT SELL MY PI\nYou can opt out of the “sale” of your personal information, which is roughly defined by the CCPA as transfers of your personal information to third parties for valuable consideration. If you opt-out, Censia will not “sell” your data, and will instruct third parties who have already received it from us that they cannot either.",Description of Right to Opt-out of sale of PI,C3PA_Dataset/Annotations/DB/13.csv
DB_13,126,ra5,"Exercise Your Right\nTo be removed, please submit form here.",Methods to exercise rights,C3PA_Dataset/Annotations/DB/13.csv
DB_13,127,ra5,"We use cookies to personalize content and ads, to provide social media features and to analyze our traffic",Categories of Personal Information Collected,C3PA_Dataset/Annotations/DB/13.csv
DB_13,128,ra5,"We use cookies to personalize content and ads, to provide social media features and to analyze our traffic. We also share information about your use of our site with our social media, advertising and analytics partners.",Categories of Personal Information Shared / Disclosed,C3PA_Dataset/Annotations/DB/13.csv
DB_13,129,ra5,"We use cookies to personalize content and ads, to provide social media features and to analyze our traffic. We also share information about your use of our site with our social media, advertising and analytics partners",Categories of Personal Information Collected,C3PA_Dataset/Annotations/DB/13.csv
DB_13,130,ra5,"We use cookies to personalize content and ads, to provide social media features and to analyze our traffic. We also share information about your use of our site with our social media, advertising and analytics partners",Categories of Personal Information Shared / Disclosed,C3PA_Dataset/Annotations/DB/13.csv
DB_13,146,ra4,"1. Marketing, analytics, and other research, for example:

to respond to communications and customer service inquiries;
to market to you and provide you information about new products and events;
for our internal and operational purposes, such as to consider or make internal service improvements or quality checking, or for our own sales and marketing purposes.
2. Processing job applications and employee management.
‍
3. Other internal purposes, for example:

internal research, internal operations, auditing, detecting security incidents, debugging, short-term and transient use, quality control, and legal compliance. We use Site Data, from other “business to business” interactions (such as at trade shows) or from data compilers for the above, as well as for our own marketing, business and employee recruitment purposes.",Categories of Personal Information Collected,C3PA_Dataset/Annotations/DB/13.csv
DB_13,147,ra4,"To submit a data access request, you can click this LINK or email us at privacy@safegraph.com.",Methods to exercise rights,C3PA_Dataset/Annotations/DB/13.csv
DB_13,151,ra4,"1. Marketing, analytics, and other research, for example:\n\nto respond to communications and customer service inquiries;\nto market to you and provide you information about new products and events;\nfor our internal and operational purposes, such as to consider or make internal service improvements or quality checking, or for our own sales and marketing purposes.\n2. Processing job applications and employee management.\n‍\n3. Other internal purposes, for example:\n\ninternal research, internal operations, auditing, detecting security incidents, debugging, short-term and transient use, quality control, and legal compliance. We use Site Data, from other “business to business” interactions (such as at trade shows) or from data compilers for the above, as well as for our own marketing, business and employee recruitment purposes.",Categories of Personal Information Shared / Disclosed,C3PA_Dataset/Annotations/DB/13.csv
DB_13,152,ra4,"1. Marketing, analytics, and other research, for example:\n\nto respond to communications and customer service inquiries;\nto market to you and provide you information about new products and events;\nfor our internal and operational purposes, such as to consider or make internal service improvements or quality checking, or for our own sales and marketing purposes.\n2. Processing job applications and employee management.\n‍\n3. Other internal purposes, for example:\n\ninternal research, internal operations, auditing, detecting security incidents, debugging, short-term and transient use, quality control, and legal compliance. We use Site Data, from other “business to business” interactions (such as at trade shows) or from data compilers for the above, as well as for our own marketing, business and employee recruitment purposes.",Categories of Personal Information Sold,C3PA_Dataset/Annotations/DB/13.csv
DB_13,153,ra4,"2. Notice of Collection, Sale, Sharing, and Disclosure of Information in Past 12 Months",Categories of Personal Information Collected,C3PA_Dataset/Annotations/DB/13.csv
DB_13,154,ra4,"2. Notice of Collection, Sale, Sharing, and Disclosure of Information in Past 12 Months",Categories of Personal Information Sold,C3PA_Dataset/Annotations/DB/13.csv
DB_13,155,ra4,"2. Notice of Collection, Sale, Sharing, and Disclosure of Information in Past 12 Months",Categories of Personal Information Shared / Disclosed,C3PA_Dataset/Annotations/DB/13.csv
DB_13,156,ra4,1. Notice at collection of personal information,Categories of Personal Information Collected,C3PA_Dataset/Annotations/DB/13.csv
DB_13,157,ra4,"Category\nSold or Shared\nIncluded in SafeGraph Services?\nBusiness or Commercial Purpose\nIdentifiers\nE.g., IP addresses; the names, addresses, phone numbers, etc. of our customers and prospective customers, business partners or employment candidates.\nYou, analytics providers, advertising networks and platforms\nNo.\nSee Purposes in Section 1 above\nPersonal information categories listed in the California Customer Records statute (Cal. Civ. Code § 1798.80(e)).\nYou, analytics providers, advertising networks and platforms\nNo.\nSee Purposes in Section 1 above\nProtected classification characteristics under California or federal law.\nYou, analytics providers, advertising networks and platforms\nNo.\nSee Purposes in Section 1 above\nGeolocation Data.\nThird Party Data Compilers\nNo.\nTo develop SafeGraph Services\nInternet or other electronic network activity information.\nAnalytics providers, advertising networks and platforms\nNo.\nSee Purposes in Section 1 above\nProfessional or employment-related information.\nYou, recruiters, and executive search agencies\nNo.\nSee Purposes in Section 1 above\nSensitive Personal Information (e.g. precise geolocation data)\nTo the extent we collection sensitive information, we do not use it to infer characteristics about a consumer, consistent with section 1798.121(d).\nThird Party Data Compilers\nNo.\nTo develop SafeGraph Services",Categories of Personal Information Collected,C3PA_Dataset/Annotations/DB/13.csv
DB_13,158,ra4,"Category\nSold or Shared\nIncluded in SafeGraph Services?\nBusiness or Commercial Purpose\nIdentifiers\nE.g., IP addresses; the names, addresses, phone numbers, etc. of our customers and prospective customers, business partners or employment candidates.\nYou, analytics providers, advertising networks and platforms\nNo.\nSee Purposes in Section 1 above\nPersonal information categories listed in the California Customer Records statute (Cal. Civ. Code § 1798.80(e)).\nYou, analytics providers, advertising networks and platforms\nNo.\nSee Purposes in Section 1 above\nProtected classification characteristics under California or federal law.\nYou, analytics providers, advertising networks and platforms\nNo.\nSee Purposes in Section 1 above\nGeolocation Data.\nThird Party Data Compilers\nNo.\nTo develop SafeGraph Services\nInternet or other electronic network activity information.\nAnalytics providers, advertising networks and platforms\nNo.\nSee Purposes in Section 1 above\nProfessional or employment-related information.\nYou, recruiters, and executive search agencies\nNo.\nSee Purposes in Section 1 above\nSensitive Personal Information (e.g. precise geolocation data)\nTo the extent we collection sensitive information, we do not use it to infer characteristics about a consumer, consistent with section 1798.121(d).\nThird Party Data Compilers\nNo.\nTo develop SafeGraph Services",Categories of Personal Information Shared / Disclosed,C3PA_Dataset/Annotations/DB/13.csv
DB_13,159,ra4,"Category\nSold or Shared\nIncluded in SafeGraph Services?\nBusiness or Commercial Purpose\nIdentifiers\nE.g., IP addresses; the names, addresses, phone numbers, etc. of our customers and prospective customers, business partners or employment candidates.\nYou, analytics providers, advertising networks and platforms\nNo.\nSee Purposes in Section 1 above\nPersonal information categories listed in the California Customer Records statute (Cal. Civ. Code § 1798.80(e)).\nYou, analytics providers, advertising networks and platforms\nNo.\nSee Purposes in Section 1 above\nProtected classification characteristics under California or federal law.\nYou, analytics providers, advertising networks and platforms\nNo.\nSee Purposes in Section 1 above\nGeolocation Data.\nThird Party Data Compilers\nNo.\nTo develop SafeGraph Services\nInternet or other electronic network activity information.\nAnalytics providers, advertising networks and platforms\nNo.\nSee Purposes in Section 1 above\nProfessional or employment-related information.\nYou, recruiters, and executive search agencies\nNo.\nSee Purposes in Section 1 above\nSensitive Personal Information (e.g. precise geolocation data)\nTo the extent we collection sensitive information, we do not use it to infer characteristics about a consumer, consistent with section 1798.121(d).\nThird Party Data Compilers\nNo.\nTo develop SafeGraph Services",Categories of Personal Information Sold,C3PA_Dataset/Annotations/DB/13.csv
DB_13,160,ra4,"Category\nCategory of Third Parties to Whom Disclosed\nBusiness or Commercial Purpose\nIdentifiers\nE.g., IP addresses; the names, addresses, phone numbers, etc. of our customers and prospective customers, business partners or employment candidates\nTo service providers for the provision of services to SafeGraph.\nMarketing, analytics, and other research\nPersonal information categories listed in the California Customer Records statute (Cal. Civ. Code § 1798.80(e)).\nTo service providers for the provision of services to SafeGraph; to government regulators as required by law\nMarketing, analytics, and other research\nProfessional or employment-related information.\nTo service providers for the provision of services to SafeGraph; to government regulators as required by law\nProcessing job applications and employee management",Categories of Personal Information Collected,C3PA_Dataset/Annotations/DB/13.csv
DB_13,161,ra4,"Category\nCategory of Third Parties to Whom Disclosed\nBusiness or Commercial Purpose\nIdentifiers\nE.g., IP addresses; the names, addresses, phone numbers, etc. of our customers and prospective customers, business partners or employment candidates\nTo service providers for the provision of services to SafeGraph.\nMarketing, analytics, and other research\nPersonal information categories listed in the California Customer Records statute (Cal. Civ. Code § 1798.80(e)).\nTo service providers for the provision of services to SafeGraph; to government regulators as required by law\nMarketing, analytics, and other research\nProfessional or employment-related information.\nTo service providers for the provision of services to SafeGraph; to government regulators as required by law\nProcessing job applications and employee management",Categories of Personal Information Shared / Disclosed,C3PA_Dataset/Annotations/DB/13.csv
DB_13,162,ra4,"Category\nCategory of Third Parties to Whom Disclosed\nBusiness or Commercial Purpose\nIdentifiers\nE.g., IP addresses; the names, addresses, phone numbers, etc. of our customers and prospective customers, business partners or employment candidates\nTo service providers for the provision of services to SafeGraph.\nMarketing, analytics, and other research\nPersonal information categories listed in the California Customer Records statute (Cal. Civ. Code § 1798.80(e)).\nTo service providers for the provision of services to SafeGraph; to government regulators as required by law\nMarketing, analytics, and other research\nProfessional or employment-related information.\nTo service providers for the provision of services to SafeGraph; to government regulators as required by law\nProcessing job applications and employee management",Categories of Personal Information Sold,C3PA_Dataset/Annotations/DB/13.csv
DB_13,163,ra4,"Without being discriminated against for exercising these rights, California Consumers have the right to request that we disclose what Information we collect from you, to correct that Information, to delete that Information, to opt-out of the sale or sharing of your Information, and to limit the use and disclosure of sensitive personal information subject to certain restrictions. ",Description of Right to Non-discrimination on exercising rights,C3PA_Dataset/Annotations/DB/13.csv
DB_13,164,ra4,"Without being discriminated against for exercising these rights, California Consumers have the right to request that we disclose what Information we collect from you, to correct that Information, to delete that Information, to opt-out of the sale or sharing of your Information, and to limit the use and disclosure of sensitive personal information subject to certain restrictions.",Description of Right to Know PI Collected,C3PA_Dataset/Annotations/DB/13.csv
DB_13,165,ra4,"Without being discriminated against for exercising these rights, California Consumers have the right to request that we disclose what Information we collect from you, to correct that Information, to delete that Information, to opt-out of the sale or sharing of your Information, and to limit the use and disclosure of sensitive personal information subject to certain restrictions.",Description of Right to Correct Information,C3PA_Dataset/Annotations/DB/13.csv
DB_13,166,ra4,"Without being discriminated against for exercising these rights, California Consumers have the right to request that we disclose what Information we collect from you, to correct that Information, to delete that Information, to opt-out of the sale or sharing of your Information, and to limit the use and disclosure of sensitive personal information subject to certain restrictions.",Description of Right to Delete,C3PA_Dataset/Annotations/DB/13.csv
DB_13,167,ra4,"Without being discriminated against for exercising these rights, California Consumers have the right to request that we disclose what Information we collect from you, to correct that Information, to delete that Information, to opt-out of the sale or sharing of your Information, and to limit the use and disclosure of sensitive personal information subject to certain restrictions.",Description of Right to Opt-out of sale of PI,C3PA_Dataset/Annotations/DB/13.csv
DB_13,168,ra4,"Without being discriminated against for exercising these rights, California Consumers have the right to request that we disclose what Information we collect from you, to correct that Information, to delete that Information, to opt-out of the sale or sharing of your Information, and to limit the use and disclosure of sensitive personal information subject to certain restrictions.",Description of Right to Limit use of PI,C3PA_Dataset/Annotations/DB/13.csv
DB_13,169,ra4,"Right to Know: California residents have the right to know what Information we have collected about them and the right to request that we provide them certain information about how we have handled their information in the prior 12 months, including the:\n\ncategories of Information collected;\ncategories of sources of Information;\ncategories of Information about them we have disclosed for a business purpose or sold;\ncategories of third parties to whom we have sold or disclosed for a business purpose their Information;\nthe business or commercial purposes for collecting or selling their Information; and\na copy of the specific pieces of Information we have collected about them.",Description of Right to Know PI Collected,C3PA_Dataset/Annotations/DB/13.csv
DB_13,170,ra4,"Right to Deletion: California Consumers have the right to request deletion of their Information that we have collected about them, subject to certain exemptions, and to have such Information deleted, except where necessary for any list of exempt purposes. Please also note that we may retain Information for certain important purposes, such as (a) to protect our business, systems, and users from fraudulent activity, (b) to address technical issues that impair existing functionality (such as de-bugging purposes), (c) as necessary for us, or others, to exercise their free speech or other rights, (d) to comply with law enforcement requests pursuant to lawful process, (e) for scientific or historical research, (f) for our own internal purposes reasonably related to your relationship with us, or to comply with legal obligations. Additionally, we need certain types of information so that we can provide our Services to you. If you ask us to delete it, you may no longer be able to access or use our Services",Description of Right to Delete,C3PA_Dataset/Annotations/DB/13.csv
DB_13,171,ra4,Right to Correct: California Consumers have the right to correct inaccurate Information that a business maintains about that consumer.,Description of Right to Correct Information,C3PA_Dataset/Annotations/DB/13.csv
DB_13,172,ra4,Notice of Right To Opt-out of the Sale or Sharing of Information: California Consumers have the right to opt-out of the sale of their Information or the sharing of their Information for cross-context behavioral advertising.,Description of Right to Opt-out of sale of PI,C3PA_Dataset/Annotations/DB/13.csv
DB_13,173,ra4,Notice of Right to Limit Use and Disclosure of Sensitive Personal Information: California Consumers have the right to limit the use and disclosure of their sensitive personal information if used or disclosed for purposes not specified in the CCPA,Description of Right to Limit use of PI,C3PA_Dataset/Annotations/DB/13.csv
DB_13,174,ra4,"Right to Non-discrimination. California Consumers have the right not to be subject to discriminatory treatment for exercising their privacy rights under the CCPA, including the right not to be retaliated against for the exercise of their CCPA rights.",Description of Right to Non-discrimination on exercising rights,C3PA_Dataset/Annotations/DB/13.csv
DB_13,175,ra4,"4. Information About Persons Under 16 Years of Age  \nWe do not knowingly collect Information from minors under 16 years of age in California unless we have received legal consent to do so. If we learn that personal information from such California residents has been collected, we will take reasonable steps to remove their information from our database (or to obtain legally required consent).",Others,C3PA_Dataset/Annotations/DB/13.csv
DB_13,176,ra4,"5. Methods for Exercising Opt-Out Rights\nYou have the right to opt-out of the sharing of your Personal Information by us or to limit the use or disclosure of your Sensitive Personal Information.  To exercise these rights, you can use the link Do Not Sell or Share My Personal Information on our website or send an email to privacy@safegraph.com.",Methods to exercise rights,C3PA_Dataset/Annotations/DB/13.csv
DB_13,177,ra4,5. Methods for Exercising Opt-Out Rights\nYou have the right to opt-out of the sharing of your Personal Information by us or to limit the use or disclosure of your Sensitive Personal Information. ,Description of Right to Opt-out of sale of PI,C3PA_Dataset/Annotations/DB/13.csv
DB_13,254,ra1,Opt-out from sales: you can instruct us to stop certain transfers of your personal information,Description of Right to Opt-out of sale of PI,C3PA_Dataset/Annotations/DB/13.csv
DB_13,255,ra1,"If you want to exercise more than one of your CCPA rights, please submit a separate request for each CCPA right, which will help us handle your requests more effectively.",Methods to exercise rights,C3PA_Dataset/Annotations/DB/13.csv
DB_13,256,ra1,"Whether you use the web form or call us, we will need information from you to process your request so that we can confirm you are a California resident, determine if we have personal information about you, and, for access and deletion requests, verify your identity. We may also need to contact you about your request, and you can choose the contact method you would like us to use.",Methods to exercise rights,C3PA_Dataset/Annotations/DB/13.csv
DB_13,257,ra1,"If you want an authorized agent to submit a “Delete My PI” or “Access My PI” request on your behalf, the authorized agent must provide proof of their registration with the California Secretary of State, as well as proof that you gave the authorized agent written permission to submit the request(s) on your behalf.",Methods to exercise rights,C3PA_Dataset/Annotations/DB/13.csv
DB_13,258,ra1,"If you want an authorized agent to submit a “Do Not Sell My PI” instruction on your behalf, the authorized agent must provide proof of their registration with the California Secretary of State, as well as proof that you gave the authorized agent written permission to submit the instruction on your behalf.",Methods to exercise rights,C3PA_Dataset/Annotations/DB/13.csv
DB_13,259,ra1,"DELETE MY PI\nYou can ask us to delete your personal information we have collected from you. Please be aware that the CCPA has a number of exceptions that allow us to keep your personal information even if you ask us to delete it. For example, we may keep your personal information if it is necessary for us to provide you with a requested service, to detect and protect against security issues, to comply with our legal obligations, or for other purposes that align with your expectations based on your relationship with us or that are consistent with the context in which you provided your personal information.",Description of Right to Delete,C3PA_Dataset/Annotations/DB/13.csv
DB_13,260,ra1,"If you do not have an email address or if you prefer not to provide it in connection with your “Delete My PI” request, please call the toll-free telephone number listed above (under “Exercise Your CCPA Rights”) to submit your request.",Methods to exercise rights,C3PA_Dataset/Annotations/DB/13.csv
DB_13,261,ra1,"ACCESS MY PI\nYou can request access to the personal information we have collected about you in the last 12 months. We will also include a summary about the personal information we provide in response to your request. Please be aware there may be circumstances where we are not able to provide you with some information, as permitted under the CCPA. For example, if we are not able to verify that information relates to you instead of someone else, if providing information to you could adversely affect the rights of someone else, or if information consists of trade secrets, we may not provide the affected information. ",Description of Right to Know PI Collected,C3PA_Dataset/Annotations/DB/13.csv
DB_13,262,ra1,"If you do not have an email address or if you prefer not to provide it in connection with your “Access My PI” request, please call the toll-free telephone number listed above (under “Exercise Your CCPA Rights”) to submit your request.",Methods to exercise rights,C3PA_Dataset/Annotations/DB/13.csv
DB_13,263,ra1,"DO NOT SELL MY PI\nYou can opt out of the “sale” of your personal information, which is roughly defined by the CCPA as transfers of your personal information to third parties for valuable consideration. If you opt-out, Censia will not “sell” your data, and will instruct third parties who have already received it from us that they cannot either.",Description of Right to Opt-out of sale of PI,C3PA_Dataset/Annotations/DB/13.csv
DB_13,264,ra1,"Exercise Your Right\nTo be removed, please submit form here.",Methods to exercise rights,C3PA_Dataset/Annotations/DB/13.csv
DB_13,265,ra1,"We use cookies to personalize content and ads, to provide social media features and to analyze our traffic. We also share information about your use of our site with our social media, advertising and analytics partners.\nFunctional cookies Functional cookies Always active \nPreferences Preferences \nStatistics Statistics \nMarketing Marketing ",Categories of Personal Information Collected,C3PA_Dataset/Annotations/DB/13.csv
DB_13,266,ra1,"We use cookies to personalize content and ads, to provide social media features and to analyze our traffic. We also share information about your use of our site with our social media, advertising and analytics partners.\nFunctional cookies Functional cookies Always active \nPreferences Preferences \nStatistics Statistics \nMarketing Marketing ",Categories of Personal Information Shared / Disclosed,C3PA_Dataset/Annotations/DB/13.csv
DB_13,267,ra1,"We use cookies to personalize content and ads, to provide social media features and to analyze our traffic. We also share information about your use of our site with our social media, advertising and analytics partners. Legal - Privacy Policy\nFunctional cookies Functional cookies Always active \nPreferences Preferences \nStatistics Statistics \nMarketing Marketing ",Categories of Personal Information Collected,C3PA_Dataset/Annotations/DB/13.csv
DB_13,268,ra1,"We use cookies to personalize content and ads, to provide social media features and to analyze our traffic. We also share information about your use of our site with our social media, advertising and analytics partners. Legal - Privacy Policy\nFunctional cookies Functional cookies Always active \nPreferences Preferences \nStatistics Statistics \nMarketing Marketing ",Categories of Personal Information Shared / Disclosed,C3PA_Dataset/Annotations/DB/13.csv
DB_132,67,ra5,\n-,Categories of Personal Information Shared / Disclosed,C3PA_Dataset/Annotations/DB/132.csv
DB_137,0,ra2,"2. From Whom We Collect Information

This policy applies to Pipl’s collection, use, and disclosure of the personal information of the following categories of individuals:",Categories of Personal Information Collected,C3PA_Dataset/Annotations/DB/137.csv
DB_137,1,ra2,"Website Visitors: Individuals who visit our Website and who may volunteer certain contact data (such as their email address) to receive communications from Pipl. For the purposes of this Policy, “Website” shall refer to www.pipl.com as well as any other websites Pipl owns and that link to this Policy. For clarity, “Website” does not include any sites owned or operated by our Customers or other third parties.",Categories of Personal Information Collected,C3PA_Dataset/Annotations/DB/137.csv
DB_137,2,ra2,"Customers: Those who register on their own or on behalf of an entity or organization to use any of the Pipl Services (as defined below), including administrators on a Customer account. For the purposes of this Policy, “Services” shall refer to all products or service offerings made available by Pipl. ",Categories of Personal Information Collected,C3PA_Dataset/Annotations/DB/137.csv
DB_137,3,ra2,"3. Commitment to Children's Privacy

We are committed to protecting the privacy of minors. To comply with various privacy regulations, at this time, Pipl is not directed or otherwise intended to be used by users under the age of 18. Therefore, our Services are only available to users who are at least 18 years old and should only be used by users in that condition, in accordance with our terms of service. If you are under 18, please do not use Pipl's service.",Others,C3PA_Dataset/Annotations/DB/137.csv
DB_137,4,ra2,"4. How We Use Your Personal Information 

If you are an individual from the European Economic Area (EEA), please note that our legal basis for collecting and using your personal information will depend on the personal information collected and the specific context in which we collect it. 

We normally collect personal information from you only where: (a) we have your consent to do so, (b) where we need your personal information to perform a contract with you (e.g. to deliver the Pipl Services you have requested), (c) where the processing is in our legitimate interests; or (d) where we are required to collect, retain or share such information under applicable laws. 

In some cases, we may need the personal information to protect your vital interests or those of another person.

Where we rely on your consent to process your personal information, you have the right to withdraw or decline consent at any time. Where we rely on our legitimate interests to process your personal information, you have the right to object.

If you have any questions about or need further information concerning the legal basis on which we collect and use your personal information, please contact us through the contact details available below.",Categories of Personal Information Sold,C3PA_Dataset/Annotations/DB/137.csv
DB_137,5,ra2,"4. How We Use Your Personal Information 

If you are an individual from the European Economic Area (EEA), please note that our legal basis for collecting and using your personal information will depend on the personal information collected and the specific context in which we collect it. 

We normally collect personal information from you only where: (a) we have your consent to do so, (b) where we need your personal information to perform a contract with you (e.g. to deliver the Pipl Services you have requested), (c) where the processing is in our legitimate interests; or (d) where we are required to collect, retain or share such information under applicable laws. 

In some cases, we may need the personal information to protect your vital interests or those of another person.

Where we rely on your consent to process your personal information, you have the right to withdraw or decline consent at any time. Where we rely on our legitimate interests to process your personal information, you have the right to object.

If you have any questions about or need further information concerning the legal basis on which we collect and use your personal information, please contact us through the contact details available below.",Categories of Personal Information Shared / Disclosed,C3PA_Dataset/Annotations/DB/137.csv
DB_137,6,ra2,"4. How We Use Your Personal Information 

If you are an individual from the European Economic Area (EEA), please note that our legal basis for collecting and using your personal information will depend on the personal information collected and the specific context in which we collect it. 

We normally collect personal information from you only where: (a) we have your consent to do so, (b) where we need your personal information to perform a contract with you (e.g. to deliver the Pipl Services you have requested), (c) where the processing is in our legitimate interests; or (d) where we are required to collect, retain or share such information under applicable laws. 

In some cases, we may need the personal information to protect your vital interests or those of another person.

Where we rely on your consent to process your personal information, you have the right to withdraw or decline consent at any time. Where we rely on our legitimate interests to process your personal information, you have the right to object.

If you have any questions about or need further information concerning the legal basis on which we collect and use your personal information, please contact us through the contact details available below.",Categories of Personal Information Collected,C3PA_Dataset/Annotations/DB/137.csv
DB_137,7,ra2,"Purpose

Legal basis

Provision of our Services; support. We use your personal information, such as but not limited to your name and email address, for consumer services purposes. This includes, for example, responding to your inquiries.

The legal bases for processing this data are the performance of our contractual towards you; your consent (for example, when you provide personal information); compliance with our legal obligations; and our legitimate interests. Our legitimate interests in this case are enforcing our policies, protection against fraud and misuse of our Services.

Payments. We collect from our third-party payment processors certain information about your payment instruments for the purpose of connecting your payment instrument to your account on our Services, and sending to you statements, invoices, and payment reminders.

The legal bases for processing this data are the performance of our contractual obligations; the protection of our legitimate interests, in this case provision of our Services; and compliance with legal obligations to which we are subject.

Improve our Services. We collect and analyze information about you and your usage of our Services to improve the usability and effectiveness of our Services.  

The legal basis for processing this data is our legitimate interests, in this case – providing and improving our Services.

Marketing and Advertising. We may use Tracking Technologies (which may collect personal information) in order to provide you with personalized advertisements when you visit our Services. 

The legal basis for processing this data are your consent (when required) and our legitimate interests. Our legitimate interests in this case are providing you with tailored services, content and advertisements that better correspond with your interests. 

Integrity. We may process certain information about you and your use usage of the Service in order to keep the integrity and security of the Services, prevent fraud, identify your identity and enforce our policies.

The legal bases for processing this data are your consent (where required), compliance with our legal obligations and our legitimate interests. Our legitimate interests in this case are keeping the integrity of our Services and the safety of our end-users.

Compliance with applicable laws. 

We may be required to collect, retain, or share your personal information, under applicable laws.",Categories of Personal Information Collected,C3PA_Dataset/Annotations/DB/137.csv
DB_137,8,ra2,"Purpose

Legal basis

Provision of our Services; support. We use your personal information, such as but not limited to your name and email address, for consumer services purposes. This includes, for example, responding to your inquiries.

The legal bases for processing this data are the performance of our contractual towards you; your consent (for example, when you provide personal information); compliance with our legal obligations; and our legitimate interests. Our legitimate interests in this case are enforcing our policies, protection against fraud and misuse of our Services.

Payments. We collect from our third-party payment processors certain information about your payment instruments for the purpose of connecting your payment instrument to your account on our Services, and sending to you statements, invoices, and payment reminders.

The legal bases for processing this data are the performance of our contractual obligations; the protection of our legitimate interests, in this case provision of our Services; and compliance with legal obligations to which we are subject.

Improve our Services. We collect and analyze information about you and your usage of our Services to improve the usability and effectiveness of our Services.  

The legal basis for processing this data is our legitimate interests, in this case – providing and improving our Services.

Marketing and Advertising. We may use Tracking Technologies (which may collect personal information) in order to provide you with personalized advertisements when you visit our Services. 

The legal basis for processing this data are your consent (when required) and our legitimate interests. Our legitimate interests in this case are providing you with tailored services, content and advertisements that better correspond with your interests. 

Integrity. We may process certain information about you and your use usage of the Service in order to keep the integrity and security of the Services, prevent fraud, identify your identity and enforce our policies.

The legal bases for processing this data are your consent (where required), compliance with our legal obligations and our legitimate interests. Our legitimate interests in this case are keeping the integrity of our Services and the safety of our end-users.

Compliance with applicable laws. 

We may be required to collect, retain, or share your personal information, under applicable laws.",Categories of Personal Information Shared / Disclosed,C3PA_Dataset/Annotations/DB/137.csv
DB_137,9,ra2,"Purpose

Legal basis

Provision of our Services; support. We use your personal information, such as but not limited to your name and email address, for consumer services purposes. This includes, for example, responding to your inquiries.

The legal bases for processing this data are the performance of our contractual towards you; your consent (for example, when you provide personal information); compliance with our legal obligations; and our legitimate interests. Our legitimate interests in this case are enforcing our policies, protection against fraud and misuse of our Services.

Payments. We collect from our third-party payment processors certain information about your payment instruments for the purpose of connecting your payment instrument to your account on our Services, and sending to you statements, invoices, and payment reminders.

The legal bases for processing this data are the performance of our contractual obligations; the protection of our legitimate interests, in this case provision of our Services; and compliance with legal obligations to which we are subject.

Improve our Services. We collect and analyze information about you and your usage of our Services to improve the usability and effectiveness of our Services.  

The legal basis for processing this data is our legitimate interests, in this case – providing and improving our Services.

Marketing and Advertising. We may use Tracking Technologies (which may collect personal information) in order to provide you with personalized advertisements when you visit our Services. 

The legal basis for processing this data are your consent (when required) and our legitimate interests. Our legitimate interests in this case are providing you with tailored services, content and advertisements that better correspond with your interests. 

Integrity. We may process certain information about you and your use usage of the Service in order to keep the integrity and security of the Services, prevent fraud, identify your identity and enforce our policies.

The legal bases for processing this data are your consent (where required), compliance with our legal obligations and our legitimate interests. Our legitimate interests in this case are keeping the integrity of our Services and the safety of our end-users.

Compliance with applicable laws. 

We may be required to collect, retain, or share your personal information, under applicable laws.",Categories of Personal Information Sold,C3PA_Dataset/Annotations/DB/137.csv
DB_137,10,ra2,"5. What Personal Information We Collect

Website Visitors:

Name, email address, and other contact information. We ask for and—at your option—collect your contact data (such as name and email address) from you when you submit web forms on our Website, including opportunities to sign up for and agree to receive email communications from us. We also may ask you to submit such personal information if you choose to use interactive features of the Website, including participation in surveys, requesting customer support, or otherwise communicating with us. We will send such communications in accordance with applicable law.

Log Files. Just as when you visit and interact with most websites and services delivered via the Internet, when you visit our website, we gather certain information and store it in log files. This information may include but is not limited to Internet Protocol (IP) addresses, system configuration information, URLs of referring pages, and locale and language preferences. We also collect non-personal data (e.g., metadata, etc.) to provide you with other products and elements of our Services. 

Interactive Areas. The Website may offer publicly accessible blogs, community forums, comments sections, discussion forums, or other interactive features (“Interactive Areas”). If you choose to participate in any of these Interactive Areas, please be aware that that any information that you post in an Interactive Area might be read, collected, and used by others who access it.",Categories of Personal Information Collected,C3PA_Dataset/Annotations/DB/137.csv
DB_137,11,ra2,"Customers:

Customer Account Information. When you register for a Pipl account, we collect your email address and other contact data (such as your name and phone number). We refer to this information as “Customer Information” for the purposes of this Policy. Customer Information is required to identify you as a Customer and permit you to access your account(s). By voluntarily providing us with such Customer Information, you represent that you are the owner of such personal information or otherwise have the requisite consent to provide it to us.

Payment Information. When you sign up for one of our paid Services, you must provide billing information. The information you will need to submit depends on which billing method you choose. For example, if you pay with a credit card, we will collect your card information and billing address, although we do not store full credit card numbers or personal account numbers.",Categories of Personal Information Collected,C3PA_Dataset/Annotations/DB/137.csv
DB_137,12,ra2,"6. Cookies

Pipl may use cookies, pixels, beacons, local storage and similar technologies (""Tracking Technologies"") in an effort to improve the quality of our Services.
A cookie is a small data file that is sent to your computer when you first visit a website. Cookies usually include an identification number that is unique to the computer you are using. Such identifiers can help us better understand our users and how they are using the website and the Services.
Cookies can improve the quality of service e.g. recognizing a user when he visits the site, displaying the site according to the user’s chosen user settings for language, and maintaining the security of the user’s account; and help us provide relevant information and offers to our customers and prospects. If you prefer, however, you can reset your browser so that it refuses all cookies, or notifies you when a cookie is being sent.

When you use or access our Services, we use the following categories of Tracking Technologies:

(a) Strictly Necessary Tracking Technologies – these Tracking Technologies are automatically placed on your computer or device when you access our Services or take certain actions on our website. These Tracking Technologies are essential to enable you to navigate around and use the features of our Services. We do not need to obtain your consent in order to use these Tracking Technologies; 

(b) Tracking and Advertising Tracking Technologies – these Tracking Technologies collect information about your browsing habits in order to make advertising more relevant to you and your interests. They are also used to limit the number of times you see an advertisement as well as help measure the effectiveness of an advertising campaign. The Tracking Technologies remember the websites you visit and that information is shared with other parties such as advertisers and/or publishers. Publishers, advertisers, and third-party ad networks may also utilize Tracking Technologies or similar technologies to deliver ads and monitor the performance of such ads. The collection of information through Tracking Technologies by such third parties will be governed by their own privacy policies/cookies policies and principles, which the Company does not control; 

(c) Functionality Tracking Technologies – these Tracking Technologies allow our Services to remember choices you make (such as your language) and provide enhanced and personalized features. For example, these Tracking Technologies are used for authentication (to remember when you are logged-in) and support other features of our Services; 

(d) Performance Tracking Technologies – these Tracking Technologies collect information about your online activity (for example the duration of your visit on our Services), including behavioral data and content engagement metrics. These Tracking Technologies are used for analytics, research and to perform statistics (based on aggregated information).",Categories of Personal Information Collected,C3PA_Dataset/Annotations/DB/137.csv
DB_137,15,ra2,"EU Residents 

If you reside in the EU (or in other jurisdiction that affords you with the below rights), you may request to:

Receive confirmation as to whether or not personal information concerning you is being processed, and access your stored personal information, together with certain supplementary information.

Receive personal information you directly volunteer to us in a structured, commonly used and machine-readable format.

Request rectification of your personal information that is in our control.

Request erasure of your personal information.

Object to the processing of personal information by us.

Request to restrict processing of your personal information by us.

However, please note that these rights are not absolute, and may be subject to our own legitimate interests and regulatory requirements. You also have a right to lodge a complaint with a supervisory authority. ",Others,C3PA_Dataset/Annotations/DB/137.csv
DB_137,16,ra2,"Access to personal information. You may request, up to two times each year, that we disclose to you the categories and specific pieces of personal information that we have collected about you, the categories of sources from which your personal information is collected, the business or commercial purpose for collecting your personal information, the categories of Personal information that we disclosed for a business purpose, any categories of personal information about you that we sold, the categories of third-parties with whom we have shared your personal information, and the business or commercial purpose for selling your personal information, if applicable.",Description of Right to Know PI Collected,C3PA_Dataset/Annotations/DB/137.csv
DB_137,17,ra2,"Deletion Requests. You have the right to request that we delete any personal information collected from you and retained, unless an exception applies. Once we receive and confirm your verifiable consumer request, we will delete (and direct our service providers, subcontractors, and consultants to delete) your personal information, unless an exception applies.",Description of Right to Delete,C3PA_Dataset/Annotations/DB/137.csv
DB_137,18,ra2,"Right to Opt-Out of the Sale of personal Information. In the event that we sell your personal information, you have the right to submit a request to opt-out of the sale of your personal information. You may change your decision at any time and permit us to sell your personal information. After you opt-out, we may continue to share some personal information with our partners (who will function as our service providers in such instance) to help us perform business-related functions such as, but not limited to, providing the Services, ensuring that the Services is working correctly and securely, providing aggregate statistics and analytics and/or preventing fraud. ",Description of Right to Opt-out of sale of PI,C3PA_Dataset/Annotations/DB/137.csv
DB_137,19,ra2,"Right to non-discrimination. You have the right to be free from any discrimination for exercising your rights under the CCPA. Should you exercise any of your rights under the CCPA, we will not discriminate against you by offering you different pricing or products, or by providing you with a different level or quality of services, based solely upon your request.  However, in some circumstances, for example where you have requested or consented to our Services that use your Personal information to provide the service, we may not be able to provide a service if you choose to delete your Personal information",Description of Right to Non-discrimination on exercising rights,C3PA_Dataset/Annotations/DB/137.csv
DB_137,20,ra2,"Designating Agents. You can designate an authorized agent to make a request under the CCPA on your behalf if:\n\nThe authorized agent is a natural person or a business entity registered with the Secretary of State of California; and\n\nYou sign a written declaration that you authorize the authorized agent to act on your behalf.\n\nIf you use an authorized agent to submit a request to exercise your right to know or your right to request deletion, please mail a certified copy of your written declaration authorizing the authorized agent to act on your behalf using the contact information below. If you provide an authorized agent with power of attorney pursuant to Probate Code sections 4000 to 4465, it may not be necessary to perform these steps and we will respond to any request from such authorized agent in accordance with the CCPA.\n\nCalifornia residents may use this form to exercise their CCPA opt-out rights, or other CCPA rights by emailing privacy@pipl.com directly.",Methods to exercise rights,C3PA_Dataset/Annotations/DB/137.csv
DB_137,21,ra2,"14. Data Security\n\nWe have implemented administrative, technical, and physical safeguards to help prevent unauthorized access, use, or disclosure of your personal information.\n\nWhile we seek to protect your information to ensure that it is kept confidential, we cannot guarantee the security of any information. You should be aware that there is always some risk involved in transmitting information over the internet and that there is also some risk that others could find a way to thwart our security systems. As a result, while we strive to protect your personal information, we cannot ensure or warrant the security and privacy of your personal information or other content you transmit using the Services or Websites, and you do so at your own risk. Thus, we encourage you to exercise discretion regarding the personal information you choose to disclose.",Others,C3PA_Dataset/Annotations/DB/137.csv
DB_137,25,ra6,"In addition, on behalf of our customer we gladly process data subject requests, and as such if you would like to control or submit a request to remove your information please click here to learn how.",Methods to exercise rights,C3PA_Dataset/Annotations/DB/137.csv
DB_137,26,ra6,"By using Pipl, you agree to the collection and use of your personal information as described in this policy as well as to Pipl's terms of service. Any significant changes to this policy – will be posted on Pipl's website (www.pipl.com).",Updated Privacy Policy,C3PA_Dataset/Annotations/DB/137.csv
DB_137,27,ra6,"This policy applies to Pipl’s collection, use, and disclosure of the personal information of the following categories of individuals:\n\nWebsite Visitors: Individuals who visit our Website and who may volunteer certain contact data (such as their email address) to receive communications from Pipl. For the purposes of this Policy, “Website” shall refer to www.pipl.com as well as any other websites Pipl owns and that link to this Policy. For clarity, “Website” does not include any sites owned or operated by our Customers or other third parties.\n\nCustomers: Those who register on their own or on behalf of an entity or organization to use any of the Pipl Services (as defined below), including administrators on a Customer account. For the purposes of this Policy, “Services” shall refer to all products or service offerings made available by Pipl. ",Categories of Personal Information Collected,C3PA_Dataset/Annotations/DB/137.csv
DB_137,28,ra6,"3. Commitment to Children's Privacy\n\nWe are committed to protecting the privacy of minors. To comply with various privacy regulations, at this time, Pipl is not directed or otherwise intended to be used by users under the age of 18. Therefore, our Services are only available to users who are at least 18 years old and should only be used by users in that condition, in accordance with our terms of service. If you are under 18, please do not use Pipl's service.",Others,C3PA_Dataset/Annotations/DB/137.csv
DB_137,29,ra6,"If you are an individual from the European Economic Area (EEA), please note that our legal basis for collecting and using your personal information will depend on the personal information collected and the specific context in which we collect it. ",Others,C3PA_Dataset/Annotations/DB/137.csv
DB_137,30,ra6,"We normally collect personal information from you only where: (a) we have your consent to do so, (b) where we need your personal information to perform a contract with you (e.g. to deliver the Pipl Services you have requested), (c) where the processing is in our legitimate interests; or (d) where we are required to collect, retain or share such information under applicable laws. \n\nIn some cases, we may need the personal information to protect your vital interests or those of another person.",Categories of Personal Information Collected,C3PA_Dataset/Annotations/DB/137.csv
DB_137,31,ra6,"Provision of our Services; support. We use your personal information, such as but not limited to your name and email address, for consumer services purposes. This includes, for example, responding to your inquiries.",Categories of Personal Information Collected,C3PA_Dataset/Annotations/DB/137.csv
DB_137,32,ra6,"Payments. We collect from our third-party payment processors certain information about your payment instruments for the purpose of connecting your payment instrument to your account on our Services, and sending to you statements, invoices, and payment reminders.",Categories of Personal Information Collected,C3PA_Dataset/Annotations/DB/137.csv
DB_137,34,ra6,Marketing and Advertising. We may use Tracking Technologies (which may collect personal information) in order to provide you with personalized advertisements when you visit our Services. ,Categories of Personal Information Collected,C3PA_Dataset/Annotations/DB/137.csv
DB_137,35,ra6,"Integrity. We may process certain information about you and your use usage of the Service in order to keep the integrity and security of the Services, prevent fraud, identify your identity and enforce our policies.",Categories of Personal Information Collected,C3PA_Dataset/Annotations/DB/137.csv
DB_137,36,ra6,"5. What Personal Information We Collect\n\nWebsite Visitors:\n\nName, email address, and other contact information. We ask for and—at your option—collect your contact data (such as name and email address) from you when you submit web forms on our Website, including opportunities to sign up for and agree to receive email communications from us. We also may ask you to submit such personal information if you choose to use interactive features of the Website, including participation in surveys, requesting customer support, or otherwise communicating with us. We will send such communications in accordance with applicable law.\n\nLog Files. Just as when you visit and interact with most websites and services delivered via the Internet, when you visit our website, we gather certain information and store it in log files. This information may include but is not limited to Internet Protocol (IP) addresses, system configuration information, URLs of referring pages, and locale and language preferences. We also collect non-personal data (e.g., metadata, etc.) to provide you with other products and elements of our Services. \n\nInteractive Areas. The Website may offer publicly accessible blogs, community forums, comments sections, discussion forums, or other interactive features (“Interactive Areas”). If you choose to participate in any of these Interactive Areas, please be aware that that any information that you post in an Interactive Area might be read, collected, and used by others who access it.\n\nCustomers:\n\nCustomer Account Information. When you register for a Pipl account, we collect your email address and other contact data (such as your name and phone number). We refer to this information as “Customer Information” for the purposes of this Policy. Customer Information is required to identify you as a Customer and permit you to access your account(s). By voluntarily providing us with such Customer Information, you represent that you are the owner of such personal information or otherwise have the requisite consent to provide it to us.\n\nPayment Information. When you sign up for one of our paid Services, you must provide billing information. The information you will need to submit depends on which billing method you choose. For example, if you pay with a credit card, we will collect your card information and billing address, although we do not store full credit card numbers or personal account numbers.\n\n6. Cookies\n\nPipl may use cookies, pixels, beacons, local storage and similar technologies (""Tracking Technologies"") in an effort to improve the quality of our Services.\nA cookie is a small data file that is sent to your computer when you first visit a website. Cookies usually include an identification number that is unique to the computer you are using. Such identifiers can help us better understand our users and how they are using the website and the Services.\nCookies can improve the quality of service e.g. recognizing a user when he visits the site, displaying the site according to the user’s chosen user settings for language, and maintaining the security of the user’s account; and help us provide relevant information and offers to our customers and prospects. If you prefer, however, you can reset your browser so that it refuses all cookies, or notifies you when a cookie is being sent.",Categories of Personal Information Collected,C3PA_Dataset/Annotations/DB/137.csv
DB_137,37,ra6,"When you use or access our Services, we use the following categories of Tracking Technologies:\n\n(a) Strictly Necessary Tracking Technologies – these Tracking Technologies are automatically placed on your computer or device when you access our Services or take certain actions on our website. These Tracking Technologies are essential to enable you to navigate around and use the features of our Services. We do not need to obtain your consent in order to use these Tracking Technologies; \n\n(b) Tracking and Advertising Tracking Technologies – these Tracking Technologies collect information about your browsing habits in order to make advertising more relevant to you and your interests. They are also used to limit the number of times you see an advertisement as well as help measure the effectiveness of an advertising campaign. The Tracking Technologies remember the websites you visit and that information is shared with other parties such as advertisers and/or publishers. Publishers, advertisers, and third-party ad networks may also utilize Tracking Technologies or similar technologies to deliver ads and monitor the performance of such ads. The collection of information through Tracking Technologies by such third parties will be governed by their own privacy policies/cookies policies and principles, which the Company does not control; \n\n(c) Functionality Tracking Technologies – these Tracking Technologies allow our Services to remember choices you make (such as your language) and provide enhanced and personalized features. For example, these Tracking Technologies are used for authentication (to remember when you are logged-in) and support other features of our Services; \n\n(d) Performance Tracking Technologies – these Tracking Technologies collect information about your online activity (for example the duration of your visit on our Services), including behavioral data and content engagement metrics. These Tracking Technologies are used for analytics, research and to perform statistics (based on aggregated information).",Categories of Personal Information Collected,C3PA_Dataset/Annotations/DB/137.csv
DB_137,38,ra6,"We store Tracking Technologies on your device when you visit or access our Services (for example, when you are visiting our website) – these are called ""First Party Tracking Technologies"". In addition, Tracking Technologies may be stored by other third parties (for example, our analytics service providers, business partners, and advertisers), who run content on our Services – these are called ""Third Party Tracking Technologies"". Both types of Tracking Technologies may be stored either for the duration of your visit on our Services or for repeat visits.",Categories of Personal Information Collected,C3PA_Dataset/Annotations/DB/137.csv
DB_137,39,ra6,"There are various ways in which you can manage and control your Tracking Technologies settings. You can change your preferences using our cookie settings tool (however, please note that this tool may only be available in certain jurisdictions). Other methods of managing your Tracking Technology preferences includes: changing your browser settings to send a “Do-Not-Track” signal. In such case, your browser will send us a special signal to stop tracking your activity. ",Methods to exercise rights,C3PA_Dataset/Annotations/DB/137.csv
DB_137,42,ra6,"We reserve the right to disclose information to third parties if we believe we are required to do so by law or have a good-faith belief that such access or disclosure is reasonably necessary to:\n\nSatisfy any applicable law, regulation, legal process or governmental request;\n\nEnforce Pipl's Terms of Use, including investigation of potential violations thereof;\n\nDetect, prevent, or otherwise address fraud, security or technical issues;\n\nRespond to user support requests; and\n\nProtect the rights, property or safety of Pipl, its users and the public.",Categories of Personal Information Shared / Disclosed,C3PA_Dataset/Annotations/DB/137.csv
DB_137,43,ra6,"Information collected by Pipl may be stored and processed in the United States or any other country in which Pipl or its agents maintain facilities. By using Pipl, you consent to any such transfer of information outside of your country.",Categories of Personal Information Collected,C3PA_Dataset/Annotations/DB/137.csv
DB_137,44,ra6,"We reserve the right to transfer information in the event of a transfer of ownership of Pipl, such as acquisition by or merger with another company.",Categories of Personal Information Collected,C3PA_Dataset/Annotations/DB/137.csv
DB_137,45,ra6,"With respect to the personal information that Pipl receives from its EU-based Customers, Pipl complies with applicable transfer mechanism(s) in place at such time.",Others,C3PA_Dataset/Annotations/DB/137.csv
DB_137,46,ra6,"EU Residents \n\nIf you reside in the EU (or in other jurisdiction that affords you with the below rights), you may request to:\n\nReceive confirmation as to whether or not personal information concerning you is being processed, and access your stored personal information, together with certain supplementary information.\n\nReceive personal information you directly volunteer to us in a structured, commonly used and machine-readable format.\n\nRequest rectification of your personal information that is in our control.\n\nRequest erasure of your personal information.\n\nObject to the processing of personal information by us.\n\nRequest to restrict processing of your personal information by us.\n\nHowever, please note that these rights are not absolute, and may be subject to our own legitimate interests and regulatory requirements. You also have a right to lodge a complaint with a supervisory authority. ",Others,C3PA_Dataset/Annotations/DB/137.csv
DB_137,47,ra6,"Access to personal information. You may request, up to two times each year, that we disclose to you the categories and specific pieces of personal information that we have collected about you, the categories of sources from which your personal information is collected, the business or commercial purpose for collecting your personal information, the categories of Personal information that we disclosed for a business purpose, any categories of personal information about you that we sold, the categories of third-parties with whom we have shared your personal information, and the business or commercial purpose for selling your personal information, if applicable.",Description of Right to Know PI Collected,C3PA_Dataset/Annotations/DB/137.csv
DB_137,48,ra6,"Access to personal information. You may request, up to two times each year, that we disclose to you the categories and specific pieces of personal information that we have collected about you, the categories of sources from which your personal information is collected, the business or commercial purpose for collecting your personal information, the categories of Personal information that we disclosed for a business purpose, any categories of personal information about you that we sold, the categories of third-parties with whom we have shared your personal information, and the business or commercial purpose for selling your personal information, if applicable.",Description of Right to Know PI sold / shared,C3PA_Dataset/Annotations/DB/137.csv
DB_137,49,ra6,"Deletion Requests. You have the right to request that we delete any personal information collected from you and retained, unless an exception applies. Once we receive and confirm your verifiable consumer request, we will delete (and direct our service providers, subcontractors, and consultants to delete) your personal information, unless an exception applies.",Description of Right to Delete,C3PA_Dataset/Annotations/DB/137.csv
DB_137,50,ra6,"Right to Opt-Out of the Sale of personal Information. In the event that we sell your personal information, you have the right to submit a request to opt-out of the sale of your personal information. You may change your decision at any time and permit us to sell your personal information. After you opt-out, we may continue to share some personal information with our partners (who will function as our service providers in such instance) to help us perform business-related functions such as, but not limited to, providing the Services, ensuring that the Services is working correctly and securely, providing aggregate statistics and analytics and/or preventing fraud. ",Description of Right to Opt-out of sale of PI,C3PA_Dataset/Annotations/DB/137.csv
DB_137,51,ra6,"Right to non-discrimination. You have the right to be free from any discrimination for exercising your rights under the CCPA. Should you exercise any of your rights under the CCPA, we will not discriminate against you by offering you different pricing or products, or by providing you with a different level or quality of services, based solely upon your request.  However, in some circumstances, for example where you have requested or consented to our Services that use your Personal information to provide the service, we may not be able to provide a service if you choose to delete your Personal information\n\n",Description of Right to Non-discrimination on exercising rights,C3PA_Dataset/Annotations/DB/137.csv
DB_137,52,ra6,"Designating Agents. You can designate an authorized agent to make a request under the CCPA on your behalf if:\n\nThe authorized agent is a natural person or a business entity registered with the Secretary of State of California; and\n\nYou sign a written declaration that you authorize the authorized agent to act on your behalf.\n\nIf you use an authorized agent to submit a request to exercise your right to know or your right to request deletion, please mail a certified copy of your written declaration authorizing the authorized agent to act on your behalf using the contact information below. If you provide an authorized agent with power of attorney pursuant to Probate Code sections 4000 to 4465, it may not be necessary to perform these steps and we will respond to any request from such authorized agent in accordance with the CCPA.\n\nCalifornia residents may use this form to exercise their CCPA opt-out rights, or other CCPA rights by emailing privacy@pipl.com directly. ",Methods to exercise rights,C3PA_Dataset/Annotations/DB/137.csv
DB_137,54,ra1,This policy describes the types of personal information we may collect from our users and how we may use such information.,Categories of Personal Information Collected,C3PA_Dataset/Annotations/DB/137.csv
DB_137,55,ra1,"In addition, on behalf of our customer we gladly process data subject requests, and as such if you would like to control or submit a request to remove your information please click here to learn how.",Methods to exercise rights,C3PA_Dataset/Annotations/DB/137.csv
DB_137,56,ra1,"In addition, on behalf of our customer we gladly process data subject requests, and as such if you would like to control or submit a request to remove your information please click here to learn how.",Description of Right to Delete,C3PA_Dataset/Annotations/DB/137.csv
DB_137,57,ra1,Any significant changes to this policy – will be posted on Pipl's website (www.pipl.com).,Updated Privacy Policy,C3PA_Dataset/Annotations/DB/137.csv
DB_137,58,ra1," From Whom We Collect Information\n\nThis policy applies to Pipl’s collection, use, and disclosure of the personal information of the following categories of individuals:\n\nWebsite Visitors: Individuals who visit our Website and who may volunteer certain contact data (such as their email address) to receive communications from Pipl.",Categories of Personal Information Collected,C3PA_Dataset/Annotations/DB/137.csv
DB_137,59,ra1,"Customers: Those who register on their own or on behalf of an entity or organization to use any of the Pipl Services (as defined below), including administrators on a Customer account.",Categories of Personal Information Collected,C3PA_Dataset/Annotations/DB/137.csv
DB_137,60,ra1,"We normally collect personal information from you only where: (a) we have your consent to do so, (b) where we need your personal information to perform a contract with you (e.g. to deliver the Pipl Services you have requested), (c) where the processing is in our legitimate interests; or (d) where we are required to collect, retain or share such information under applicable laws. ",Categories of Personal Information Collected,C3PA_Dataset/Annotations/DB/137.csv
DB_137,61,ra1,"In some cases, we may need the personal information to protect your vital interests or those of another person.",Categories of Personal Information Collected,C3PA_Dataset/Annotations/DB/137.csv
DB_137,62,ra1,"Where we rely on your consent to process your personal information, you have the right to withdraw or decline consent at any time. Where we rely on our legitimate interests to process your personal information, you have the right to object.",Description of Right to Limit use of PI,C3PA_Dataset/Annotations/DB/137.csv
DB_137,63,ra1,"If you have any questions about or need further information concerning the legal basis on which we collect and use your personal information, please contact us through the contact details available below.",Methods to exercise rights,C3PA_Dataset/Annotations/DB/137.csv
DB_137,64,ra1,"Provision of our Services; support. We use your personal information, such as but not limited to your name and email address, for consumer services purposes. This includes, for example, responding to your inquiries.",Categories of Personal Information Collected,C3PA_Dataset/Annotations/DB/137.csv
DB_137,65,ra1,"Payments. We collect from our third-party payment processors certain information about your payment instruments for the purpose of connecting your payment instrument to your account on our Services, and sending to you statements, invoices, and payment reminders.",Categories of Personal Information Collected,C3PA_Dataset/Annotations/DB/137.csv
DB_137,67,ra1,Marketing and Advertising. We may use Tracking Technologies (which may collect personal information) in order to provide you with personalized advertisements when you visit our Services. ,Categories of Personal Information Collected,C3PA_Dataset/Annotations/DB/137.csv
DB_137,68,ra1,"Integrity. We may process certain information about you and your use usage of the Service in order to keep the integrity and security of the Services, prevent fraud, identify your identity and enforce our policies.",Categories of Personal Information Collected,C3PA_Dataset/Annotations/DB/137.csv
DB_137,69,ra1,"We may be required to collect, retain, or share your personal information, under applicable laws.",Categories of Personal Information Collected,C3PA_Dataset/Annotations/DB/137.csv
DB_137,70,ra1,"We may be required to collect, retain, or share your personal information, under applicable laws.",Categories of Personal Information Shared / Disclosed,C3PA_Dataset/Annotations/DB/137.csv
DB_137,71,ra1,"	\nWe may be required to collect, retain, or share your personal information, under applicable laws.",Categories of Personal Information Collected,C3PA_Dataset/Annotations/DB/137.csv
DB_137,72,ra1,"We may be required to collect, retain, or share your personal information, under applicable laws.",Categories of Personal Information Shared / Disclosed,C3PA_Dataset/Annotations/DB/137.csv
DB_137,73,ra1,"What Personal Information We Collect\n\nWebsite Visitors:\n\nName, email address, and other contact information. We ask for and—at your option—collect your contact data (such as name and email address) from you when you submit web forms on our Website, including opportunities to sign up for and agree to receive email communications from us. We also may ask you to submit such personal information if you choose to use interactive features of the Website, including participation in surveys, requesting customer support, or otherwise communicating with us.",Categories of Personal Information Collected,C3PA_Dataset/Annotations/DB/137.csv
DB_137,74,ra1,"Log Files. Just as when you visit and interact with most websites and services delivered via the Internet, when you visit our website, we gather certain information and store it in log files. This information may include but is not limited to Internet Protocol (IP) addresses, system configuration information, URLs of referring pages, and locale and language preferences. We also collect non-personal data (e.g., metadata, etc.) to provide you with other products and elements of our Services. \n\n",Categories of Personal Information Collected,C3PA_Dataset/Annotations/DB/137.csv
DB_137,75,ra1,"Interactive Areas. The Website may offer publicly accessible blogs, community forums, comments sections, discussion forums, or other interactive features (“Interactive Areas”). If you choose to participate in any of these Interactive Areas, please be aware that that any information that you post in an Interactive Area might be read, collected, and used by others who access it.",Categories of Personal Information Collected,C3PA_Dataset/Annotations/DB/137.csv
DB_137,76,ra1,"Customer Account Information. When you register for a Pipl account, we collect your email address and other contact data (such as your name and phone number).",Categories of Personal Information Collected,C3PA_Dataset/Annotations/DB/137.csv
DB_137,77,ra1,"Payment Information. When you sign up for one of our paid Services, you must provide billing information. The information you will need to submit depends on which billing method you choose. For example, if you pay with a credit card, we will collect your card information and billing address, although we do not store full credit card numbers or personal account numbers.",Categories of Personal Information Collected,C3PA_Dataset/Annotations/DB/137.csv
DB_137,78,ra1,"Cookies\n\nPipl may use cookies, pixels, beacons, local storage and similar technologies (""Tracking Technologies"") in an effort to improve the quality of our Services.\nA cookie is a small data file that is sent to your computer when you first visit a website. Cookies usually include an identification number that is unique to the computer you are using.",Categories of Personal Information Collected,C3PA_Dataset/Annotations/DB/137.csv
DB_137,79,ra1,"Cookies can improve the quality of service e.g. recognizing a user when he visits the site, displaying the site according to the user’s chosen user settings for language, and maintaining the security of the user’s account; and help us provide relevant information and offers to our customers and prospects.",Categories of Personal Information Collected,C3PA_Dataset/Annotations/DB/137.csv
DB_137,80,ra1,"If you prefer, however, you can reset your browser so that it refuses all cookies, or notifies you when a cookie is being sent.",Methods to exercise rights,C3PA_Dataset/Annotations/DB/137.csv
DB_137,81,ra1,"When you use or access our Services, we use the following categories of Tracking Technologies:\n\n(a) Strictly Necessary Tracking Technologies – these Tracking Technologies are automatically placed on your computer or device when you access our Services or take certain actions on our website.",Categories of Personal Information Collected,C3PA_Dataset/Annotations/DB/137.csv
DB_137,82,ra1,Tracking and Advertising Tracking Technologies – these Tracking Technologies collect information about your browsing habits in order to make advertising more relevant to you and your interests. They are also used to limit the number of times you see an advertisement as well as help measure the effectiveness of an advertising campaign. The Tracking Technologies remember the websites you visit and that information is shared with other parties such as advertisers and/or publishers.,Categories of Personal Information Collected,C3PA_Dataset/Annotations/DB/137.csv
DB_137,83,ra1,"Publishers, advertisers, and third-party ad networks may also utilize Tracking Technologies or similar technologies to deliver ads and monitor the performance of such ads. The collection of information through Tracking Technologies by such third parties will be governed by their own privacy policies/cookies policies and principles, which the Company does not control;",Categories of Personal Information Shared / Disclosed,C3PA_Dataset/Annotations/DB/137.csv
DB_137,84,ra1," Functionality Tracking Technologies – these Tracking Technologies allow our Services to remember choices you make (such as your language) and provide enhanced and personalized features. For example, these Tracking Technologies are used for authentication (to remember when you are logged-in) and support other features of our Services; ",Categories of Personal Information Collected,C3PA_Dataset/Annotations/DB/137.csv
DB_137,85,ra1,"Performance Tracking Technologies – these Tracking Technologies collect information about your online activity (for example the duration of your visit on our Services), including behavioral data and content engagement metrics. These Tracking Technologies are used for analytics, research and to perform statistics (based on aggregated information).",Categories of Personal Information Collected,C3PA_Dataset/Annotations/DB/137.csv
DB_137,86,ra1,"We store Tracking Technologies on your device when you visit or access our Services (for example, when you are visiting our website) – these are called ""First Party Tracking Technologies"".",Categories of Personal Information Collected,C3PA_Dataset/Annotations/DB/137.csv
DB_137,87,ra1,"In addition, Tracking Technologies may be stored by other third parties (for example, our analytics service providers, business partners, and advertisers), who run content on our Services – these are called ""Third Party Tracking Technologies"". Both types of Tracking Technologies may be stored either for the duration of your visit on our Services or for repeat visits.",Categories of Personal Information Collected,C3PA_Dataset/Annotations/DB/137.csv
DB_137,88,ra1,"There are various ways in which you can manage and control your Tracking Technologies settings. You can change your preferences using our cookie settings tool (however, please note that this tool may only be available in certain jurisdictions). Other methods of managing your Tracking Technology preferences includes: changing your browser settings to send a “Do-Not-Track” signal. In such case, your browser will send us a special signal to stop tracking your activity. \n\nTo learn more about how can manage your cookies, below is a list of useful links that can provide you with more information on how to manage your cookies:\n\n",Methods to exercise rights,C3PA_Dataset/Annotations/DB/137.csv
DB_137,89,ra1,You can learn more and turn off certain third party targeting and advertising cookies by visiting the following third party webpages:,Methods to exercise rights,C3PA_Dataset/Annotations/DB/137.csv
DB_137,91,ra1,"Our Support Portal is powered by Salesforce Service Cloud, so please note that when you send us a support request, a feedback, or when you are using the support portal, the processing of your personal information will also be subject to their policy in addition to ours, so we strongly recommend that you read their privacy page for more information.",Categories of Personal Information Shared / Disclosed,C3PA_Dataset/Annotations/DB/137.csv
DB_137,92,ra1,"We reserve the right to disclose information to third parties if we believe we are required to do so by law or have a good-faith belief that such access or disclosure is reasonably necessary to:\n\nSatisfy any applicable law, regulation, legal process or governmental request;\n\nEnforce Pipl's Terms of Use, including investigation of potential violations thereof;\n\nDetect, prevent, or otherwise address fraud, security or technical issues;\n\nRespond to user support requests; and\n\nProtect the rights, property or safety of Pipl, its users and the public.",Categories of Personal Information Shared / Disclosed,C3PA_Dataset/Annotations/DB/137.csv
DB_137,93,ra1,"Transfer of Information\n\nInformation collected by Pipl may be stored and processed in the United States or any other country in which Pipl or its agents maintain facilities. By using Pipl, you consent to any such transfer of information outside of your country.",Categories of Personal Information Shared / Disclosed,C3PA_Dataset/Annotations/DB/137.csv
DB_14,0,ra3,Understand who their personal data has been disclosed to.,Description of Right to Know PI sold / shared,C3PA_Dataset/Annotations/DB/14.csv
DB_14,1,ra3,Learn what personal data a company has about them.,Description of Right to Know PI Collected,C3PA_Dataset/Annotations/DB/14.csv
DB_14,2,ra3,Determine what third-parties their personal data has been sold to.,Description of Right to Know PI sold / shared,C3PA_Dataset/Annotations/DB/14.csv
DB_14,3,ra3,Right to Access- California residents can opt-out of such transactions or request their data be deleted altogether.,Description of Right to Opt-out of sale of PI,C3PA_Dataset/Annotations/DB/14.csv
DB_14,4,ra3,Right to Access- California residents can opt-out of such transactions or request their data be deleted altogether.,Description of Right to Delete,C3PA_Dataset/Annotations/DB/14.csv
DB_14,10,ra5,"We will continue to revise this page as updates become available, so be sure to check back often.",Updated Privacy Policy,C3PA_Dataset/Annotations/DB/14.csv
DB_14,17,ra4,"Understand who their personal data has been disclosed to.
Learn what personal data a company has about them.",Description of Right to Know PI Collected,C3PA_Dataset/Annotations/DB/14.csv
DB_14,18,ra4,Determine what third-parties their personal data has been sold to.,Categories of Personal Information Sold,C3PA_Dataset/Annotations/DB/14.csv
DB_14,19,ra4,Right to Access- California residents can opt-out of such transactions or request their data be deleted altogether.,Description of Right to Opt-out of sale of PI,C3PA_Dataset/Annotations/DB/14.csv
DB_14,20,ra4,Right to Access- California residents can opt-out of such transactions or request their data be deleted altogether.,Description of Right to Delete,C3PA_Dataset/Annotations/DB/14.csv
DB_14,23,ra4,"We will continue to revise this page as updates become available, so be sure to check back often.",Updated Privacy Policy,C3PA_Dataset/Annotations/DB/14.csv
DB_144,24,ra2,argeting Cookies\n,Categories of Personal Information Collected,C3PA_Dataset/Annotations/DB/144.csv
DB_152,21,ra2,e. Alternatively,Description of Right to Non-discrimination on exercising rights,C3PA_Dataset/Annotations/DB/152.csv
DB_152,26,ra5,"By clicking ""Accept"", you agree to the storage of cookies on your device to improve website navigation, analyze website usage and assist with our marketing efforts",Categories of Personal Information Collected,C3PA_Dataset/Annotations/DB/152.csv
DB_152,129,ra1,"When you visit websites, they may store or retrieve data in your browser. This storage is often necessary for the basic functionality of the website. The storage may be used for marketing, analytics, and personalization of the site, such as storing your preferences.",Categories of Personal Information Collected,C3PA_Dataset/Annotations/DB/152.csv
DB_152,130,ra1,"When you visit websites, they may store or retrieve data in your browser. This storage is often necessary for the basic functionality of the website. The storage may be used for marketing, analytics, and personalization of the site, such as storing your preferences.",Categories of Personal Information Shared / Disclosed,C3PA_Dataset/Annotations/DB/152.csv
DB_152,131,ra1,"Privacy is important to us, so you have the option of disabling certain types of storage that may not be necessary for the basic functioning of the website.",Methods to exercise rights,C3PA_Dataset/Annotations/DB/152.csv
DB_152,132,ra1,"Always Active\nThese items are required to enable basic website functionality.\nMarketing\nEssential\nThese items are used to deliver advertising that is more relevant to you and your interests. They may also be used to limit the number of times you see an advertisement and measure the effectiveness of advertising campaigns. Advertising networks usually place them with the website operator’s permission.\nPersonalization\nEssential\nThese items allow the website to remember choices you make (such as your user name, language, or the region you are in) and provide enhanced, more personal features. For example, a website may provide you with local weather reports or traffic news by storing data about your current location.\nAnalytics\nEssential\nThese items help the website operator understand how its website performs, how visitors interact with the site, and whether there may be technical issues. This storage type usually doesn’t collect information that identifies a visitor.",Categories of Personal Information Collected,C3PA_Dataset/Annotations/DB/152.csv
DB_157,12,ra2,"Unrolling Table Method 1
",Categories of Personal Information Shared / Disclosed,C3PA_Dataset/Annotations/DB/157.csv
DB_160,10,ra2,"11 months ||| 11 months ||| 11 months ||| 11 months ||| 11 months ||| 11 months
\n",Categories of Personal Information Shared / Disclosed,C3PA_Dataset/Annotations/DB/160.csv
DB_167,47,ra5,	\nIP address,Categories of Personal Information Shared / Disclosed,C3PA_Dataset/Annotations/DB/167.csv
DB_167,48,ra5,\nCategory,Categories of Personal Information Shared / Disclosed,C3PA_Dataset/Annotations/DB/167.csv
DB_182,256,ra6, individuals in certain jurisdictions may have data subject rights enabling them to request to opt-out of third-party sharing or selling,Description of Right to Opt-out of sale of PI,C3PA_Dataset/Annotations/DB/182.csv
DB_206,8,ra5,\n                (e)        ,Categories of Personal Information Sold,C3PA_Dataset/Annotations/DB/206.csv
DB_210,113,ra6,Birth year\nGender,Categories of Personal Information Collected,C3PA_Dataset/Annotations/DB/210.csv
DB_37,0,ra3,"Effective date: December 22, 2022\n\nLast updated: December 2, 2022",Updated Privacy Policy,C3PA_Dataset/Annotations/DB/37.csv
DB_37,2,ra3,"During the 12-month period prior to the last updated date of this California Consumer Privacy Notice, we may have obtained personal information about you from various sources, including as described below:\n\nDirectly from you, such as when you connect to us via social media, send us questions, requests, or comments, elect to receive business alerts, newsletters, and other communications, or when you provide information about an incident or allegation\nFrom your devices, such as when you visit our website or use our mobile applications\n Our affiliates\nSocial networking services\nOnline advertising companies\nConsumer data vendors and other data suppliers with whom we have contractual agreements\nPublic databases\ni360/system generated data",Categories of Personal Information Collected,C3PA_Dataset/Annotations/DB/37.csv
DB_37,4,ra3,"In connection with certain of our products and services, we may sell certain personal information we obtain about you for monetary consideration.",Categories of Personal Information Sold,C3PA_Dataset/Annotations/DB/37.csv
DB_37,5,ra3,We also may share your personal information for cross-context behavioral advertising purposes.,Categories of Personal Information Shared / Disclosed,C3PA_Dataset/Annotations/DB/37.csv
DB_37,6,ra3,"You have the right to opt out of such sale of your information or sharing of your personal information, as detailed below.",Description of Right to Opt-out of sale of PI,C3PA_Dataset/Annotations/DB/37.csv
DB_37,9,ra3,"Access: You may have the right to request, twice in a 12-month period, that we disclose to you the personal information we have collected, used, disclosed, and sold about you.",Description of Right to Know PI Collected,C3PA_Dataset/Annotations/DB/37.csv
DB_37,10,ra3,"Access: You may have the right to request, twice in a 12-month period, that we disclose to you the personal information we have collected, used, disclosed, and sold about you.",Description of Right to Know PI sold / shared,C3PA_Dataset/Annotations/DB/37.csv
DB_37,11,ra3,Correction: You have the right to request that we correct the personal information we maintain about you if that information is inaccurate.,Description of Right to Correct Information,C3PA_Dataset/Annotations/DB/37.csv
DB_37,12,ra3,Deletion: You have the right to request that we delete certain personal information we have collected from you.,Description of Right to Delete,C3PA_Dataset/Annotations/DB/37.csv
DB_37,13,ra3,Opt-Out of Sale or Sharing: You have the right to opt-out of the sale or sharing of your personal information.,Description of Right to Opt-out of sale of PI,C3PA_Dataset/Annotations/DB/37.csv
DB_37,14,ra3,"How to Submit a Request: To submit an access, correction, or deletion request, or to opt-out of the sale of your personal information, click here to submit your request via the i360 California Consumer Privacy Act California resident request system or call our CCPA information line at 1-844-611-2737.\n\nTo submit a CCPA request as an authorized agent on behalf of a consumer, click here to submit the consumer’s request via the i360 California Consumer Privacy Act California resident request system or call our CCPA information line at 1-844-611-2737. After submitting the consumer’s request, we will collect proof of your status as an authorized agent through the i360 California Consumer Privacy Act California resident request system.",Methods to exercise rights,C3PA_Dataset/Annotations/DB/37.csv
DB_37,15,ra3,"Last Updated: January 12, 2020",Updated Privacy Policy,C3PA_Dataset/Annotations/DB/37.csv
DB_37,16,ra3," INFORMATION WE COLLECT\n\nWe collect information that identifies, relates to, describes, references, is capable of being associated with, or could reasonably be linked, directly or indirectly, with a particular consumer or device (“personal information”).  This data includes hashed email address, Cookie ID, Mobile Ad Id, IP address, and web site page views on our Website as well as Partner and Client web sites.  This data is collected for the purpose of targeted advertising, advertising campaign attribution and identity resolution.\n\nIn addition to this data collected, we may receive name, email and physical address information and online and offline activity from our Partners which may be shared with Our Clients for targeted advertising purposes.",Categories of Personal Information Collected,C3PA_Dataset/Annotations/DB/37.csv
DB_37,17,ra3,"In addition to this data collected, we may receive name, email and physical address information and online and offline activity from our Partners which may be shared with Our Clients for targeted advertising purposes.",Categories of Personal Information Shared / Disclosed,C3PA_Dataset/Annotations/DB/37.csv
DB_37,18,ra3,"In addition to this data collected, we may receive name, email and physical address information and online and offline activity from our Partners which may be shared with Our Clients for targeted advertising purposes.",Categories of Personal Information Sold,C3PA_Dataset/Annotations/DB/37.csv
DB_37,19,ra3,"This data is collected for the purpose of targeted advertising, advertising campaign attribution and identity resolution.",Categories of Personal Information Shared / Disclosed,C3PA_Dataset/Annotations/DB/37.csv
DB_37,20,ra3,"This data is collected for the purpose of targeted advertising, advertising campaign attribution and identity resolution.",Categories of Personal Information Sold,C3PA_Dataset/Annotations/DB/37.csv
DB_37,21,ra3,"INFORMATION WE MAY SELL\nWe may sell names, mailing addresses and email addresses to our Clients which is collected directly by Us on their behalf leveraging third-party Partners.  This data may be sold to our Clients for targeted advertising, advertising campaign attribution, fraud monitoring, and identity resolution services.",Categories of Personal Information Sold,C3PA_Dataset/Annotations/DB/37.csv
DB_37,22,ra3,"Right to View all Data Collected and Stored About You\n\n-You have the right to request a record of all data that has been collected and stored about you by LeadPost.  To request a copy of this data, you may visit -https://leadpost.wpengine.com/contact-us/, call us toll free at (866) 456-6674 or email this request to mydata@LeadPost.com.",Description of Right to Know PI Collected,C3PA_Dataset/Annotations/DB/37.csv
DB_37,23,ra3,"You have the right to request a record of all data that has been collected and stored about you by LeadPost.  To request a copy of this data, you may visit -https://leadpost.wpengine.com/contact-us/, call us toll free at (866) 456-6674 or email this request to mydata@LeadPost.com.",Methods to exercise rights,C3PA_Dataset/Annotations/DB/37.csv
DB_37,24,ra3,"-Right to Request Deletion of all Data Collected and Stored about You\n\n-You have the right to request the deletion of all data that has been collected and stored about you by LeadPost.  To request permanent deletion of this data, you may visit https://leadpost.wpengine.com/contact-us/, you may call us toll free at (866) 456-6674 or email this request to delete_mydata@LeadPost.com.",Description of Right to Delete,C3PA_Dataset/Annotations/DB/37.csv
DB_37,25,ra3,"You have the right to request the deletion of all data that has been collected and stored about you by LeadPost.  To request permanent deletion of this data, you may visit https://leadpost.wpengine.com/contact-us/, you may call us toll free at (866) 456-6674 or email this request to delete_mydata@LeadPost.com.",Methods to exercise rights,C3PA_Dataset/Annotations/DB/37.csv
DB_37,26,ra3,"Right to Opt Out from having any Data Collected or Stored about You\n\n-You have the right to opt out from LeadPost collecting or storing any data about you.  To opt out of data collection and storage, you may visit https://leadpost.wpengine.com/contact-us/, you may call us toll free at (866) 456-6674 or email this request to dontstore_mydata@LeadPost.com.",Description of Right to Opt-out of sale of PI,C3PA_Dataset/Annotations/DB/37.csv
DB_37,27,ra3,"You have the right to opt out from LeadPost collecting or storing any data about you.  To opt out of data collection and storage, you may visit https://leadpost.wpengine.com/contact-us/, you may call us toll free at (866) 456-6674 or email this request to dontstore_mydata@LeadPost.com.",Methods to exercise rights,C3PA_Dataset/Annotations/DB/37.csv
DB_37,28,ra3,"Right to Opt Out from Having any Data about You Sold to Third Parties\n\n-You have the right to opt out from LeadPost selling any data collected or stored about you to third parties.  To make this request, you may visit https://leadpost.wpengine.com/contact-us, you may call us toll free at (866) 456-6674 or email this request to dontsell_mydata@LeadPost.com.",Description of Right to Opt-out of sale of PI,C3PA_Dataset/Annotations/DB/37.csv
DB_37,29,ra3,"You have the right to opt out from LeadPost selling any data collected or stored about you to third parties.  To make this request, you may visit https://leadpost.wpengine.com/contact-us, you may call us toll free at (866) 456-6674 or email this request to dontsell_mydata@LeadPost.com.",Methods to exercise rights,C3PA_Dataset/Annotations/DB/37.csv
DB_37,30,ra3,"MODIFICATION TO THIS PRIVACY NOTICE\nWe reserve the right to change this privacy notice from time to time; however, all changes will be posted to this Privacy Notice at the time such changes are made.\n\nThe date of the most recent revisions will appear on this page so please check back. If you continue to access this Website that will constitute your acceptance of any changes or revisions to this Privacy Notice.",Updated Privacy Policy,C3PA_Dataset/Annotations/DB/37.csv
DB_37,31,ra5,"1. Notice of Collection and Use of Personal Information
i360 collects information from government and other sources. In doing so, we may collect (and may have collected during the 12-month period prior to the last updated date of this California Consumer Privacy Notice) the following categories of personal information about you:

Identifiers: identifiers such as a real name, alias, postal address, unique personal identifier (such as a device identifier; cookies, beacons, pixel tags, mobile ad identifiers and similar technology, telephone number, and other forms of persistent or probabilistic identifiers), online identifier, internet protocol address, email address, account name, and other similar identifiers
Additional Data Subject to Cal. Civ. Code § 1798.80: physical characteristics or description, education, income level and other financial information, and medical-related information
Protected Classifications: characteristics of protected classifications under California or federal law, such as race, color, national origin, religion, age, sex, gender, marital status, medical-related information, ancestry, and military and veteran status
Commercial Information: commercial information, including records of personal property, products or services purchased, obtained, or considered, and other purchasing or consuming histories or tendencies
Online Activity: Internet and other electronic network activity information, including, but not limited to, browsing history, search history, and information regarding your interaction with websites, applications, or advertisements
Geolocation Data
Sensory Information: audio, electronic, and similar information when you call i360 and leave a voicemail, or record such information on an i360 software application
Employment Information: professional or employment-related information
Inferences: inferences drawn from any of the information identified above to create a profile about you reflecting your preferences, characteristics, predispositions, behavior, or attitudes",Categories of Personal Information Collected,C3PA_Dataset/Annotations/DB/37.csv
DB_37,32,ra5,"1. Notice of Collection and Use of Personal Information
i360 collects information from government and other sources. In doing so, we may collect (and may have collected during the 12-month period prior to the last updated date of this California Consumer Privacy Notice) the following categories of personal information about you:

Identifiers: identifiers such as a real name, alias, postal address, unique personal identifier (such as a device identifier; cookies, beacons, pixel tags, mobile ad identifiers and similar technology, telephone number, and other forms of persistent or probabilistic identifiers), online identifier, internet protocol address, email address, account name, and other similar identifiers
Additional Data Subject to Cal. Civ. Code § 1798.80: physical characteristics or description, education, income level and other financial information, and medical-related information
Protected Classifications: characteristics of protected classifications under California or federal law, such as race, color, national origin, religion, age, sex, gender, marital status, medical-related information, ancestry, and military and veteran status
Commercial Information: commercial information, including records of personal property, products or services purchased, obtained, or considered, and other purchasing or consuming histories or tendencies
Online Activity: Internet and other electronic network activity information, including, but not limited to, browsing history, search history, and information regarding your interaction with websites, applications, or advertisements
Geolocation Data
Sensory Information: audio, electronic, and similar information when you call i360 and leave a voicemail, or record such information on an i360 software application
Employment Information: professional or employment-related information
Inferences: inferences drawn from any of the information identified above to create a profile about you reflecting your preferences, characteristics, predispositions, behavior, or attitudes",Categories of Personal Information Shared / Disclosed,C3PA_Dataset/Annotations/DB/37.csv
DB_37,33,ra5,"3. Sources of Personal Information
During the 12-month period prior to the last updated date of this California Consumer Privacy Notice, we may have obtained personal information about you from various sources, including as described below:

Directly from you, such as when you connect to us via social media, send us questions, requests, or comments, elect to receive business alerts, newsletters, and other communications, or when you provide information about an incident or allegation
From your devices, such as when you visit our website or use our mobile applications
 Our affiliates
Social networking services
Online advertising companies
Consumer data vendors and other data suppliers with whom we have contractual agreements
Public databases
i360/system generated data",Categories of Personal Information Collected,C3PA_Dataset/Annotations/DB/37.csv
DB_37,34,ra5,We do not have actual knowledge that we sell or share the personal information of minors under 18 years of age.,Categories of Personal Information Sold,C3PA_Dataset/Annotations/DB/37.csv
DB_37,35,ra5,"6. California Consumer Privacy Rights
You may have certain choices regarding our use and disclosure of your personal information, subject to relevant exceptions under applicable law, as described below.

Access: You may have the right to request, twice in a 12-month period, that we disclose to you the personal information we have collected, used, disclosed, and sold about you.",Description of Right to Know PI Collected,C3PA_Dataset/Annotations/DB/37.csv
DB_37,36,ra5,"6. California Consumer Privacy Rights
You may have certain choices regarding our use and disclosure of your personal information, subject to relevant exceptions under applicable law, as described below.

Access: You may have the right to request, twice in a 12-month period, that we disclose to you the personal information we have collected, used, disclosed, and sold about you.",Description of Right to Know PI sold / shared,C3PA_Dataset/Annotations/DB/37.csv
DB_37,37,ra5,Correction: You have the right to request that we correct the personal information we maintain about you if that information is inaccurate.,Description of Right to Correct Information,C3PA_Dataset/Annotations/DB/37.csv
DB_37,38,ra5,Deletion: You have the right to request that we delete certain personal information we have collected from you.,Description of Right to Delete,C3PA_Dataset/Annotations/DB/37.csv
DB_37,39,ra5,Opt-Out of Sale or Sharing: You have the right to opt-out of the sale or sharing of your personal information.,Description of Right to Opt-out of sale of PI,C3PA_Dataset/Annotations/DB/37.csv
DB_37,40,ra5,"How to Submit a Request: To submit an access, correction, or deletion request, or to opt-out of the sale of your personal information, click here to submit your request via the i360 California Consumer Privacy Act California resident request system or call our CCPA information line at 1-844-611-2737.

To submit a CCPA request as an authorized agent on behalf of a consumer, click here to submit the consumer’s request via the i360 California Consumer Privacy Act California resident request system or call our CCPA information line at 1-844-611-2737. After submitting the consumer’s request, we will collect proof of your status as an authorized agent through the i360 California Consumer Privacy Act California resident request system.",Methods to exercise rights,C3PA_Dataset/Annotations/DB/37.csv
DB_37,41,ra5,"Additional Information: If you choose to exercise any of your rights under the CCPA, you have the right to not receive discriminatory treatment by us related to products or services we offer you",Description of Right to Non-discrimination on exercising rights,C3PA_Dataset/Annotations/DB/37.csv
DB_37,42,ra5,"Effective date: December 22, 2022\n\nLast updated: December 2, 2022",Updated Privacy Policy,C3PA_Dataset/Annotations/DB/37.csv
DB_37,46,ra5,"1. Notice of Collection and Use of Personal Information\ni360 collects information from government and other sources. In doing so, we may collect (and may have collected during the 12-month period prior to the last updated date of this California Consumer Privacy Notice) the following categories of personal information about you:\n\nIdentifiers: identifiers such as a real name, alias, postal address, unique personal identifier (such as a device identifier; cookies, beacons, pixel tags, mobile ad identifiers and similar technology, telephone number, and other forms of persistent or probabilistic identifiers), online identifier, internet protocol address, email address, account name, and other similar identifiers\nAdditional Data Subject to Cal. Civ. Code § 1798.80: physical characteristics or description, education, income level and other financial information, and medical-related information\nProtected Classifications: characteristics of protected classifications under California or federal law, such as race, color, national origin, religion, age, sex, gender, marital status, medical-related information, ancestry, and military and veteran status\nCommercial Information: commercial information, including records of personal property, products or services purchased, obtained, or considered, and other purchasing or consuming histories or tendencies\nOnline Activity: Internet and other electronic network activity information, including, but not limited to, browsing history, search history, and information regarding your interaction with websites, applications, or advertisements\nGeolocation Data\nSensory Information: audio, electronic, and similar information when you call i360 and leave a voicemail, or record such information on an i360 software application\nEmployment Information: professional or employment-related information\nInferences: inferences drawn from any of the information identified above to create a profile about you reflecting your preferences, characteristics, predispositions, behavior, or attitudes",Categories of Personal Information Sold,C3PA_Dataset/Annotations/DB/37.csv
DB_37,47,ra5,Third-party vendors who provide services on our behalf\n\nIdentifiers\nAdditional Data Subject to §1798.80\nProtected Classifications\nCommercial Information\nOnline Activity\nGeolocation Data\nEmployment Information\nInferences,Categories of Personal Information Sold,C3PA_Dataset/Annotations/DB/37.csv
DB_37,48,ra5,"Marketing partners (including network advertising companies, publishers, and business partners)\n\nIdentifiers\nAdditional Data Subject to §1798.80\nProtected Classifications\nCommercial Information\nOnline Activity\nGeolocation Data\nEmployment Information\nInferences",Categories of Personal Information Sold,C3PA_Dataset/Annotations/DB/37.csv
DB_37,49,ra5,Consumer data vendors\n\nIdentifiers\nAdditional Data Subject to §1798.80\nProtected Classifications\nCommercial Information\nOnline Activity\nGeolocation Data\nEmployment Information\nInferences\n,Categories of Personal Information Sold,C3PA_Dataset/Annotations/DB/37.csv
DB_37,50,ra5," Sale or Sharing of Personal Information\nIn connection with certain of our products and services, we may sell certain personal information we obtain about you for monetary consideration",Categories of Personal Information Sold,C3PA_Dataset/Annotations/DB/37.csv
DB_37,51,ra5,We also may share your personal information for cross-context behavioral advertising purposes. ,Categories of Personal Information Shared / Disclosed,C3PA_Dataset/Annotations/DB/37.csv
DB_37,52,ra5,"You have the right to opt out of such sale of your information or sharing of your personal information, as detailed below.",Description of Right to Opt-out of sale of PI,C3PA_Dataset/Annotations/DB/37.csv
DB_37,55,ra5,Inferences,Categories of Personal Information Shared / Disclosed,C3PA_Dataset/Annotations/DB/37.csv
DB_37,56,ra5,We do not have actual knowledge that we sell or share the personal information of minors under 18 years of age.,Categories of Personal Information Shared / Disclosed,C3PA_Dataset/Annotations/DB/37.csv
DB_37,57,ra5,"Categories of Third Parties\nCategories of Personal Information\nOur affiliates\n\nIdentifiers\nAdditional Data Subject to §1798.80\nProtected Classifications\nCommercial Information\nOnline Activity\nGeolocation Data\nEmployment Information\nEducation Information\nInferences\nThird-party vendors who provide services on our behalf\n\nIdentifiers\nAdditional Data Subject to §1798.80\nProtected Classifications\nCommercial Information\nOnline Activity\nGeolocation Data\nEmployment Information\nEducation Information\nInferences\nCorporate business partners (such as parties involved in a transfer of our assets, attorneys and consultants)\n\nIdentifiers\nAdditional Data Subject to §1798.80\nProtected Classifications\nCommercial Information\nOnline Activity\nGeolocation Data\nEmployment Information\nEducation Information\nInferences\nMarketing partners (including network advertising companies, publishers, and business partners)\n\nIdentifiers\nAdditional Data Subject to §1798.80\nProtected Classifications\nCommercial Information\nOnline Activity\nGeolocation Data\nEmployment Information\nEducation Information\nInferences\nData analytics providers\n\nIdentifiers\nAdditional Data Subject to §1798.80\nProtected Classifications\nCommercial Information\nOnline Activity\nGeolocation Data\nEmployment Information\nEducation Information\nInferences\nSocial networking services\n\nIdentifiers\nAdditional Data Subject to §1798.80\nProtected Classifications\nCommercial Information\nOnline Activity\nGeolocation Data\nEmployment Information\nEducation Information\nInferences\nConsumer data vendors\n\nIdentifiers\nAdditional Data Subject to §1798.80\nProtected Classifications\nCommercial Information\nOnline Activity\nGeolocation Data\nEmployment Information\nEducation Information\nInferences\ni360 Clients (For-profit companies, political committees, non-profit advocacy groups, and similar organizations)\n\nIdentifiers\nAdditional Data Subject to §1798.80\nProtected Classifications\nCommercial Information\nOnline Activity\nGeolocation Data\nEmployment Information\nEducation Information\nInferences",Categories of Personal Information Shared / Disclosed,C3PA_Dataset/Annotations/DB/37.csv
DB_37,58,ra5,"Categories of Third Parties\nCategories of Personal Information\nOur affiliates\n\nIdentifiers\nAdditional Data Subject to §1798.80\nProtected Classifications\nCommercial Information\nOnline Activity\nGeolocation Data\nEmployment Information\nEducation Information\nInferences\nThird-party vendors who provide services on our behalf\n\nIdentifiers\nAdditional Data Subject to §1798.80\nProtected Classifications\nCommercial Information\nOnline Activity\nGeolocation Data\nEmployment Information\nEducation Information\nInferences\nCorporate business partners (such as parties involved in a transfer of our assets, attorneys and consultants)\n\nIdentifiers\nAdditional Data Subject to §1798.80\nProtected Classifications\nCommercial Information\nOnline Activity\nGeolocation Data\nEmployment Information\nEducation Information\nInferences\nMarketing partners (including network advertising companies, publishers, and business partners)\n\nIdentifiers\nAdditional Data Subject to §1798.80\nProtected Classifications\nCommercial Information\nOnline Activity\nGeolocation Data\nEmployment Information\nEducation Information\nInferences\nData analytics providers\n\nIdentifiers\nAdditional Data Subject to §1798.80\nProtected Classifications\nCommercial Information\nOnline Activity\nGeolocation Data\nEmployment Information\nEducation Information\nInferences\nSocial networking services\n\nIdentifiers\nAdditional Data Subject to §1798.80\nProtected Classifications\nCommercial Information\nOnline Activity\nGeolocation Data\nEmployment Information\nEducation Information\nInferences\nConsumer data vendors\n\nIdentifiers\nAdditional Data Subject to §1798.80\nProtected Classifications\nCommercial Information\nOnline Activity\nGeolocation Data\nEmployment Information\nEducation Information\nInferences\ni360 Clients (For-profit companies, political committees, non-profit advocacy groups, and similar organizations)\n\nIdentifiers\nAdditional Data Subject to §1798.80\nProtected Classifications\nCommercial Information\nOnline Activity\nGeolocation Data\nEmployment Information\nEducation Information\nInferences",Categories of Personal Information Sold,C3PA_Dataset/Annotations/DB/37.csv
DB_37,59,ra5,"Last Updated: January 12, 2020",Updated Privacy Policy,C3PA_Dataset/Annotations/DB/37.csv
DB_37,60,ra5,"This data includes hashed email address, Cookie ID, Mobile Ad Id, IP address, and web site page views on our Website as well as Partner and Client web sites.  This data is collected for the purpose of targeted advertising, advertising campaign attribution and identity resolution.",Categories of Personal Information Collected,C3PA_Dataset/Annotations/DB/37.csv
DB_37,61,ra5,"In addition to this data collected, we may receive name, email and physical address information and online and offline activity from our Partners which may be shared with Our Clients for targeted advertising purposes.",Categories of Personal Information Shared / Disclosed,C3PA_Dataset/Annotations/DB/37.csv
DB_37,62,ra5,"In addition to this data collected, we may receive name, email and physical address information and online and offline activity from our Partners which may be shared with Our Clients for targeted advertising purposes.",Categories of Personal Information Shared / Disclosed,C3PA_Dataset/Annotations/DB/37.csv
DB_37,63,ra5,"INFORMATION WE MAY SELL\nWe may sell names, mailing addresses and email addresses to our Clients which is collected directly by Us on their behalf leveraging third-party Partners.  This data may be sold to our Clients for targeted advertising, advertising campaign attribution, fraud monitoring, and identity resolution services.",Categories of Personal Information Sold,C3PA_Dataset/Annotations/DB/37.csv
DB_37,64,ra5,"In addition to this data collected, we may receive name, email and physical address information and online and offline activity from our Partners which may be shared with Our Clients for targeted advertising purposes.\nII. INFORMATION WE MAY SELL\nWe may sell names, mailing addresses and email addresses to our Clients which is collected directly by Us on their behalf leveraging third-party Partners.  This data may be sold to our Clients for targeted advertising, advertising campaign attribution, fraud monitoring, and identity resolution services.",Categories of Personal Information Collected,C3PA_Dataset/Annotations/DB/37.csv
DB_37,65,ra5,YOUR RIGHTS AND CHOICES\n\n-Right to View all Data Collected and Stored About You,Description of Right to Know PI Collected,C3PA_Dataset/Annotations/DB/37.csv
DB_37,66,ra5, YOUR RIGHTS AND CHOICES\n\n-Right to View all Data Collected and Stored About You,Description of Right to Know PI sold / shared,C3PA_Dataset/Annotations/DB/37.csv
DB_37,67,ra5,Right to Request Deletion of all Data Collected and Stored about You,Description of Right to Delete,C3PA_Dataset/Annotations/DB/37.csv
DB_37,68,ra5,You have the right to request the deletion of all data that has been collected and stored about you by LeadPost,Description of Right to Delete,C3PA_Dataset/Annotations/DB/37.csv
DB_37,69,ra5,"To request permanent deletion of this data, you may visit https://leadpost.wpengine.com/contact-us/, you may call us toll free at (866) 456-6674 or email this request to delete_mydata@LeadPost.com.",Methods to exercise rights,C3PA_Dataset/Annotations/DB/37.csv
DB_37,70,ra5,Right to Opt Out from Having any Data about You Sold to Third Parties\n\n-You have the right to opt out from LeadPost selling any data collected or stored about you to third parties,Description of Right to Opt-out of sale of PI,C3PA_Dataset/Annotations/DB/37.csv
DB_37,71,ra5,"To make this request, you may visit https://leadpost.wpengine.com/contact-us, you may call us toll free at (866) 456-6674 or email this request to dontsell_mydata@LeadPost.com.",Methods to exercise rights,C3PA_Dataset/Annotations/DB/37.csv
DB_37,72,ra5,"MODIFICATION TO THIS PRIVACY NOTICE\nWe reserve the right to change this privacy notice from time to time; however, all changes will be posted to this Privacy Notice at the time such changes are made.\n\nThe date of the most recent revisions will appear on this page so please check back",Updated Privacy Policy,C3PA_Dataset/Annotations/DB/37.csv
DB_37,73,ra4,"i360 collects information from government and other sources. In doing so, we may collect (and may have collected during the 12-month period prior to the last updated date of this California Consumer Privacy Notice) the following categories of personal information about you:

Identifiers: identifiers such as a real name, alias, postal address, unique personal identifier (such as a device identifier; cookies, beacons, pixel tags, mobile ad identifiers and similar technology, telephone number, and other forms of persistent or probabilistic identifiers), online identifier, internet protocol address, email address, account name, and other similar identifiers
Additional Data Subject to Cal. Civ. Code § 1798.80: physical characteristics or description, education, income level and other financial information, and medical-related information
Protected Classifications: characteristics of protected classifications under California or federal law, such as race, color, national origin, religion, age, sex, gender, marital status, medical-related information, ancestry, and military and veteran status
Commercial Information: commercial information, including records of personal property, products or services purchased, obtained, or considered, and other purchasing or consuming histories or tendencies
Online Activity: Internet and other electronic network activity information, including, but not limited to, browsing history, search history, and information regarding your interaction with websites, applications, or advertisements
Geolocation Data
Sensory Information: audio, electronic, and similar information when you call i360 and leave a voicemail, or record such information on an i360 software application
Employment Information: professional or employment-related information
Inferences: inferences drawn from any of the information identified above to create a profile about you reflecting your preferences, characteristics, predispositions, behavior, or attitudes",Categories of Personal Information Collected,C3PA_Dataset/Annotations/DB/37.csv
DB_37,75,ra4,We do not collect or process sensitive personal information for purposes of inferring characteristics about consumers.,Categories of Personal Information Collected,C3PA_Dataset/Annotations/DB/37.csv
DB_37,76,ra4,"3. Sources of Personal Information
During the 12-month period prior to the last updated date of this California Consumer Privacy Notice, we may have obtained personal information about you from various sources, including as described below:

Directly from you, such as when you connect to us via social media, send us questions, requests, or comments, elect to receive business alerts, newsletters, and other communications, or when you provide information about an incident or allegation
From your devices, such as when you visit our website or use our mobile applications
 Our affiliates
Social networking services
Online advertising companies
Consumer data vendors and other data suppliers with whom we have contractual agreements
Public databases
i360/system generated data",Categories of Personal Information Collected,C3PA_Dataset/Annotations/DB/37.csv
DB_37,80,ra4,"Categories of Third Parties
Categories of Personal Information
Our affiliates

Identifiers
Additional Data Subject to §1798.80
Protected Classifications
Commercial Information
Online Activity
Geolocation Data
Employment Information
Inferences
Third-party vendors who provide services on our behalf

Identifiers
Additional Data Subject to §1798.80
Protected Classifications
Commercial Information
Online Activity
Geolocation Data
Employment Information
Inferences",Categories of Personal Information Shared / Disclosed,C3PA_Dataset/Annotations/DB/37.csv
DB_37,82,ra4,"Our affiliates

Identifiers
Additional Data Subject to §1798.80
Protected Classifications
Commercial Information
Online Activity
Geolocation Data
Employment Information
Education Information
Inferences
Third-party vendors who provide services on our behalf

Identifiers
Additional Data Subject to §1798.80
Protected Classifications
Commercial Information
Online Activity
Geolocation Data
Employment Information
Education Information
Inferences
Corporate business partners (such as parties involved in a transfer of our assets, attorneys and consultants)

Identifiers
Additional Data Subject to §1798.80
Protected Classifications
Commercial Information
Online Activity
Geolocation Data
Employment Information
Education Information
Inferences
Marketing partners (including network advertising companies, publishers, and business partners)

Identifiers
Additional Data Subject to §1798.80
Protected Classifications
Commercial Information
Online Activity
Geolocation Data
Employment Information
Education Information
Inferences
Data analytics providers

Identifiers
Additional Data Subject to §1798.80
Protected Classifications
Commercial Information
Online Activity
Geolocation Data
Employment Information
Education Information
Inferences
Social networking services

Identifiers
Additional Data Subject to §1798.80
Protected Classifications
Commercial Information
Online Activity
Geolocation Data
Employment Information
Education Information
Inferences
Consumer data vendors

Identifiers
Additional Data Subject to §1798.80
Protected Classifications
Commercial Information
Online Activity
Geolocation Data
Employment Information
Education Information
Inferences
i360 Clients (For-profit companies, political committees, non-profit advocacy groups, and similar organizations)

Identifiers
Additional Data Subject to §1798.80
Protected Classifications
Commercial Information
Online Activity
Geolocation Data
Employment Information
Education Information
Inferences",Categories of Personal Information Sold,C3PA_Dataset/Annotations/DB/37.csv
DB_37,83,ra4,"Our affiliates

Identifiers
Additional Data Subject to §1798.80
Protected Classifications
Commercial Information
Online Activity
Geolocation Data
Employment Information
Education Information
Inferences
Third-party vendors who provide services on our behalf

Identifiers
Additional Data Subject to §1798.80
Protected Classifications
Commercial Information
Online Activity
Geolocation Data
Employment Information
Education Information
Inferences
Corporate business partners (such as parties involved in a transfer of our assets, attorneys and consultants)

Identifiers
Additional Data Subject to §1798.80
Protected Classifications
Commercial Information
Online Activity
Geolocation Data
Employment Information
Education Information
Inferences
Marketing partners (including network advertising companies, publishers, and business partners)

Identifiers
Additional Data Subject to §1798.80
Protected Classifications
Commercial Information
Online Activity
Geolocation Data
Employment Information
Education Information
Inferences
Data analytics providers

Identifiers
Additional Data Subject to §1798.80
Protected Classifications
Commercial Information
Online Activity
Geolocation Data
Employment Information
Education Information
Inferences
Social networking services

Identifiers
Additional Data Subject to §1798.80
Protected Classifications
Commercial Information
Online Activity
Geolocation Data
Employment Information
Education Information
Inferences
Consumer data vendors

Identifiers
Additional Data Subject to §1798.80
Protected Classifications
Commercial Information
Online Activity
Geolocation Data
Employment Information
Education Information
Inferences
i360 Clients (For-profit companies, political committees, non-profit advocacy groups, and similar organizations)

Identifiers
Additional Data Subject to §1798.80
Protected Classifications
Commercial Information
Online Activity
Geolocation Data
Employment Information
Education Information
Inferences",Categories of Personal Information Shared / Disclosed,C3PA_Dataset/Annotations/DB/37.csv
DB_37,84,ra4,"Access: You may have the right to request, twice in a 12-month period, that we disclose to you the personal information we have collected, used, disclosed, and sold about you.",Description of Right to Know PI Collected,C3PA_Dataset/Annotations/DB/37.csv
DB_37,85,ra4,"Access: You may have the right to request, twice in a 12-month period, that we disclose to you the personal information we have collected, used, disclosed, and sold about you.",Description of Right to Know PI sold / shared,C3PA_Dataset/Annotations/DB/37.csv
DB_37,86,ra4,Correction: You have the right to request that we correct the personal information we maintain about you if that information is inaccurate.,Description of Right to Correct Information,C3PA_Dataset/Annotations/DB/37.csv
DB_37,87,ra4,Deletion: You have the right to request that we delete certain personal information we have collected from you,Description of Right to Delete,C3PA_Dataset/Annotations/DB/37.csv
DB_37,88,ra4,Opt-Out of Sale or Sharing: You have the right to opt-out of the sale or sharing of your personal information.,Description of Right to Opt-out of sale of PI,C3PA_Dataset/Annotations/DB/37.csv
DB_37,89,ra4,"How to Submit a Request: To submit an access, correction, or deletion request, or to opt-out of the sale of your personal information, click here to submit your request via the i360 California Consumer Privacy Act California resident request system or call our CCPA information line at 1-844-611-2737.",Methods to exercise rights,C3PA_Dataset/Annotations/DB/37.csv
DB_37,90,ra4,"To submit a CCPA request as an authorized agent on behalf of a consumer, click here to submit the consumer’s request via the i360 California Consumer Privacy Act California resident request system or call our CCPA information line at 1-844-611-2737. After submitting the consumer’s request, we will collect proof of your status as an authorized agent through the i360 California Consumer Privacy Act California resident request system.",Methods to exercise rights,C3PA_Dataset/Annotations/DB/37.csv
DB_37,91,ra4,"Effective date: December 22, 2022\n\nLast updated: December 2, 2022",Updated Privacy Policy,C3PA_Dataset/Annotations/DB/37.csv
DB_37,92,ra4,Marketing: Providing advertising and marketing services,Categories of Personal Information Shared / Disclosed,C3PA_Dataset/Annotations/DB/37.csv
DB_37,93,ra4,Marketing: Providing advertising and marketing services,Categories of Personal Information Sold,C3PA_Dataset/Annotations/DB/37.csv
DB_37,94,ra4,"Marketing partners (including network advertising companies, publishers, and business partners)\n\nIdentifiers\nAdditional Data Subject to §1798.80\nProtected Classifications\nCommercial Information\nOnline Activity\nGeolocation Data\nEmployment Information\nInferences",Categories of Personal Information Sold,C3PA_Dataset/Annotations/DB/37.csv
DB_37,95,ra4,Social networking services\n\nIdentifiers\nAdditional Data Subject to §1798.80\nProtected Classifications\nCommercial Information\nOnline Activity\nGeolocation Data\nEmployment Information\nInferences,Categories of Personal Information Sold,C3PA_Dataset/Annotations/DB/37.csv
DB_37,96,ra4,Consumer data vendors\n\nIdentifiers\nAdditional Data Subject to §1798.80\nProtected Classifications\nCommercial Information\nOnline Activity\nGeolocation Data\nEmployment Information\nInferences,Categories of Personal Information Sold,C3PA_Dataset/Annotations/DB/37.csv
DB_37,97,ra4,"Political committees, non-profit advocacy groups, and similar organizations\n\nIdentifiers\nAdditional Data Subject to §1798.80\nProtected Classifications\nCommercial Information\nOnline Activity\nGeolocation Data\nEmployment Information\nInferences",Categories of Personal Information Sold,C3PA_Dataset/Annotations/DB/37.csv
DB_37,98,ra4,"Sale or Sharing of Personal Information\nIn connection with certain of our products and services, we may sell certain personal information we obtain about you for monetary consideration. We also may share your personal information for cross-context behavioral advertising purposes.",Categories of Personal Information Sold,C3PA_Dataset/Annotations/DB/37.csv
DB_37,99,ra4,"Sale or Sharing of Personal Information\nIn connection with certain of our products and services, we may sell certain personal information we obtain about you for monetary consideration. We also may share your personal information for cross-context behavioral advertising purposes.",Categories of Personal Information Shared / Disclosed,C3PA_Dataset/Annotations/DB/37.csv
DB_37,102,ra4,"I. INFORMATION WE COLLECT\n\nWe collect information that identifies, relates to, describes, references, is capable of being associated with, or could reasonably be linked, directly or indirectly, with a particular consumer or device (“personal information”).  This data includes hashed email address, Cookie ID, Mobile Ad Id, IP address, and web site page views on our Website as well as Partner and Client web sites.  This data is collected for the purpose of targeted advertising, advertising campaign attribution and identity resolution.",Categories of Personal Information Collected,C3PA_Dataset/Annotations/DB/37.csv
DB_37,103,ra4,"In addition to this data collected, we may receive name, email and physical address information and online and offline activity from our Partners which may be shared with Our Clients for targeted advertising purposes.",Categories of Personal Information Collected,C3PA_Dataset/Annotations/DB/37.csv
DB_37,104,ra4,"In addition to this data collected, we may receive name, email and physical address information and online and offline activity from our Partners which may be shared with Our Clients for targeted advertising purposes.",Categories of Personal Information Shared / Disclosed,C3PA_Dataset/Annotations/DB/37.csv
DB_37,105,ra4,"II. INFORMATION WE MAY SELL\nWe may sell names, mailing addresses and email addresses to our Clients which is collected directly by Us on their behalf leveraging third-party Partners.  This data may be sold to our Clients for targeted advertising, advertising campaign attribution, fraud monitoring, and identity resolution services.",Categories of Personal Information Sold,C3PA_Dataset/Annotations/DB/37.csv
DB_37,106,ra4,-Right to View all Data Collected and Stored About You,Description of Right to Know PI Collected,C3PA_Dataset/Annotations/DB/37.csv
DB_37,107,ra4,-You have the right to request a record of all data that has been collected and stored about you by LeadPost.,Description of Right to Know PI Collected,C3PA_Dataset/Annotations/DB/37.csv
DB_37,108,ra4,"To request a copy of this data, you may visit -https://leadpost.wpengine.com/contact-us/, call us toll free at (866) 456-6674 or email this request to mydata@LeadPost.com.",Methods to exercise rights,C3PA_Dataset/Annotations/DB/37.csv
DB_37,109,ra4,-Right to Request Deletion of all Data Collected and Stored about You,Description of Right to Delete,C3PA_Dataset/Annotations/DB/37.csv
DB_37,110,ra4,-You have the right to request the deletion of all data that has been collected and stored about you by LeadPost.,Description of Right to Delete,C3PA_Dataset/Annotations/DB/37.csv
DB_37,111,ra4,"To request permanent deletion of this data, you may visit https://leadpost.wpengine.com/contact-us/, you may call us toll free at (866) 456-6674 or email this request to delete_mydata@LeadPost.com.",Methods to exercise rights,C3PA_Dataset/Annotations/DB/37.csv
DB_37,112,ra4,-Right to Opt Out from Having any Data about You Sold to Third Parties\n\n-You have the right to opt out from LeadPost selling any data collected or stored about you to third parties.,Description of Right to Opt-out of sale of PI,C3PA_Dataset/Annotations/DB/37.csv
DB_37,113,ra4,"To make this request, you may visit https://leadpost.wpengine.com/contact-us, you may call us toll free at (866) 456-6674 or email this request to dontsell_mydata@LeadPost.com.",Methods to exercise rights,C3PA_Dataset/Annotations/DB/37.csv
DB_37,114,ra4,"IV. MODIFICATION TO THIS PRIVACY NOTICE\nWe reserve the right to change this privacy notice from time to time; however, all changes will be posted to this Privacy Notice at the time such changes are made.\n\nThe date of the most recent revisions will appear on this page so please check back. If you continue to access this Website that will constitute your acceptance of any changes or revisions to this Privacy Notice.",Updated Privacy Policy,C3PA_Dataset/Annotations/DB/37.csv
DB_37,115,ra4,"Last Updated: January 12, 2020",Updated Privacy Policy,C3PA_Dataset/Annotations/DB/37.csv
DB_47,7,ra2,"(1) Right to Know About Personal Information Collected, Disclosed, or Sold.
\na. You have the right to request that we advise you what Personal Information we collect, use, disclose, and sell that belongs to you. Personal Information does not include: (i) Publicly available information from government records; (ii) De-identified or aggregated consumer information; (iii) Information excluded from the CCPA’s scope, like health or medical information covered by the Health Insurance Portability and Accountability Act of 1996 (""HIPAA""); (iv) Personal Information covered by certain sector-specific privacy laws, including the Fair Credit Reporting Act (""FCRA""), the Gramm-Leach-Bliley Act (""GLBA""), California Financial Information Privacy Act (""FIPA""), or the Driver’s Privacy Protection Act of 1994 (""DPPA"").",Description of Right to Know PI Collected,C3PA_Dataset/Annotations/DB/47.csv
DB_47,8,ra2,"(1) Right to Know About Personal Information Collected, Disclosed, or Sold.
\na. You have the right to request that we advise you what Personal Information we collect, use, disclose, and sell that belongs to you. Personal Information does not include: (i) Publicly available information from government records; (ii) De-identified or aggregated consumer information; (iii) Information excluded from the CCPA’s scope, like health or medical information covered by the Health Insurance Portability and Accountability Act of 1996 (""HIPAA""); (iv) Personal Information covered by certain sector-specific privacy laws, including the Fair Credit Reporting Act (""FCRA""), the Gramm-Leach-Bliley Act (""GLBA""), California Financial Information Privacy Act (""FIPA""), or the Driver’s Privacy Protection Act of 1994 (""DPPA"").",Description of Right to Know PI sold / shared,C3PA_Dataset/Annotations/DB/47.csv
DB_47,9,ra2,b. You may submit a verifiable consumer request to obtain the specific Personal Information we have collected about you either through our California Resident Portal form or you may email us at privacyofficer@datacomplianceportal.com.,Methods to exercise rights,C3PA_Dataset/Annotations/DB/47.csv
DB_47,11,ra2,"f. We have disclosed, shared and/or received compensation for our disclosure of Personal Information for the following commercial/business purposes in the preceding 12 months:
\ni. To obtain the services or products you have registered for on our Website.
\nii. To allow a third-party to market their products or services to you.
\niii. To provide you with information, products or services that you request from us or resolve consumer concerns or request to opt-out of marketing.
\niv. To provide you with notices concerning our products or services, or events or news, that may be of interest to you.
\nv. To carry out our obligations and enforce our rights arising from any contracts entered into between you and us, including for billing and collections.
\nvi. To improve our website, products and services, and present its contents to you including testing, research, analysis and product development.
\nvii. To personalize your Website experience and to deliver content and product and service offerings relevant to your interests, including targeted offers and ads through our Website, third-party sites, and via email or text message (with your consent, where required by law).
\nviii. To maintain the safety, security, and integrity of our Website, platforms as well as products and services, databases and other technology assets, and business.
\nix. To respond to government or law enforcement requests and as required by applicable law, court order, or governmental regulations.
\nx. To evaluate or conduct a merger, restructuring, reorganization, dissolution, or other sale or transfer of some or all of our business or assets.
\nxi. A",Categories of Personal Information Shared / Disclosed,C3PA_Dataset/Annotations/DB/47.csv
DB_47,12,ra2,"f. We have disclosed, shared and/or received compensation for our disclosure of Personal Information for the following commercial/business purposes in the preceding 12 months:
\ni. To obtain the services or products you have registered for on our Website.
\nii. To allow a third-party to market their products or services to you.
\niii. To provide you with information, products or services that you request from us or resolve consumer concerns or request to opt-out of marketing.
\niv. To provide you with notices concerning our products or services, or events or news, that may be of interest to you.
\nv. To carry out our obligations and enforce our rights arising from any contracts entered into between you and us, including for billing and collections.
\nvi. To improve our website, products and services, and present its contents to you including testing, research, analysis and product development.
\nvii. To personalize your Website experience and to deliver content and product and service offerings relevant to your interests, including targeted offers and ads through our Website, third-party sites, and via email or text message (with your consent, where required by law).
\nviii. To maintain the safety, security, and integrity of our Website, platforms as well as products and services, databases and other technology assets, and business.
\nix. To respond to government or law enforcement requests and as required by applicable law, court order, or governmental regulations.
\nx. To evaluate or conduct a merger, restructuring, reorganization, dissolution, or other sale or transfer of some or all of our business or assets.
\nxi. A",Categories of Personal Information Sold,C3PA_Dataset/Annotations/DB/47.csv
DB_47,14,ra2,"We do not collect, distribute, share or sell the Personal Information of anyone under the age of 16.
\n",Description of Right to Delete,C3PA_Dataset/Annotations/DB/47.csv
DB_47,19,ra2,"You may only make a verifiable consumer request for access twice within a twelve (12) month period. The verifiable consumer request must: (a) Provide sufficient information that allows us to reasonably verify you are the person about whom we collected Personal Information or your authorized agent; (b) Describe your request with sufficient detail that allows us to properly understand, evaluate, and respond to you; (c) We cannot respond to your request or provide you with Personal Information if we cannot verify your identity or authority to make the request and confirm the Personal Information relates to you; (d) Making a verifiable consumer request does not require you to create an account with us. We will only use Personal Information provided in a verifiable consumer request to verify the requestor’s identity or authority to make the request.
\n",Updated Privacy Policy,C3PA_Dataset/Annotations/DB/47.csv
DB_47,31,ra5,"Right to Know About Personal Information Collected, Disclosed, or Sold.

a. You have the right to request that we advise you what Personal Information we collect, use, disclose, and sell that belongs to you.",Description of Right to Know PI Collected,C3PA_Dataset/Annotations/DB/47.csv
DB_47,32,ra5,"Right to Know About Personal Information Collected, Disclosed, or Sold.

a. You have the right to request that we advise you what Personal Information we collect, use, disclose, and sell that belongs to you",Description of Right to Know PI sold / shared,C3PA_Dataset/Annotations/DB/47.csv
DB_47,33,ra5,You may submit a verifiable consumer request to obtain the specific Personal Information we have collected about you either through our California Resident Portal form or you may email us at privacyofficer@datacomplianceportal.com.,Methods to exercise rights,C3PA_Dataset/Annotations/DB/47.csv
DB_47,37,ra5,You may submit a verifiable consumer request to delete your information using our California Consumer Portal and fully fill out the request form or contact us by email at privacyofficer@datacomplianceportal.com.,Methods to exercise rights,C3PA_Dataset/Annotations/DB/47.csv
DB_47,41,ra5," Right to Non-Discrimination for the Exercise of a Consumer's Privacy Rights.

You have a right not to receive discriminatory treatment by us for the exercise of these privacy rights conferred by the CCPA. As such, we will not deny you goods or services, charge you different prices or rates for goods or services, or deny you discounts or other benefits; nor will we provide you a different level or quality of goods or services or recommend a different level or quality of goods or services.",Description of Right to Non-discrimination on exercising rights,C3PA_Dataset/Annotations/DB/47.csv
DB_47,44,ra5,"x. To evaluate or conduct a merger, restructuring, reorganization, dissolution, or other sale or transfer of some or all of our business or assets.",Categories of Personal Information Sold,C3PA_Dataset/Annotations/DB/47.csv
DB_47,79,ra1,"Right to Know About Personal Information Collected, Disclosed, or Sold.\n\na. You have the right to request that we advise you what Personal Information we collect, use, disclose, and sell that belongs to you. Personal Information does not include: (i) Publicly available information from government records; (ii) De-identified or aggregated consumer information; (iii) Information excluded from the CCPA’s scope, like health or medical information covered by the Health Insurance Portability and Accountability Act of 1996 (""HIPAA""); (iv) Personal Information covered by certain sector-specific privacy laws, including the Fair Credit Reporting Act (""FCRA""), the Gramm-Leach-Bliley Act (""GLBA""), California Financial Information Privacy Act (""FIPA""), or the Driver’s Privacy Protection Act of 1994 (""DPPA"").",Description of Right to Know PI Collected,C3PA_Dataset/Annotations/DB/47.csv
DB_47,80,ra1,"Right to Know About Personal Information Collected, Disclosed, or Sold.\n\na. You have the right to request that we advise you what Personal Information we collect, use, disclose, and sell that belongs to you. Personal Information does not include: (i) Publicly available information from government records; (ii) De-identified or aggregated consumer information; (iii) Information excluded from the CCPA’s scope, like health or medical information covered by the Health Insurance Portability and Accountability Act of 1996 (""HIPAA""); (iv) Personal Information covered by certain sector-specific privacy laws, including the Fair Credit Reporting Act (""FCRA""), the Gramm-Leach-Bliley Act (""GLBA""), California Financial Information Privacy Act (""FIPA""), or the Driver’s Privacy Protection Act of 1994 (""DPPA"").",Description of Right to Know PI sold / shared,C3PA_Dataset/Annotations/DB/47.csv
DB_47,81,ra1,You may submit a verifiable consumer request to obtain the specific Personal Information we have collected about you either through our California Resident Portal form or you may email us at privacyofficer@datacomplianceportal.com.,Methods to exercise rights,C3PA_Dataset/Annotations/DB/47.csv
DB_47,82,ra1,"Upon receiving your information, we are required to verify that you are the same consumer with whom we have the information in our systems. To verify your identify, we will require that you fill out the portal form in its entirety which includes your name, address, email address and may include the last four digits of your social security number, your bank account number and other Personal Information we have collected. Click here to visit our portal.",Methods to exercise rights,C3PA_Dataset/Annotations/DB/47.csv
DB_47,84,ra1,"We have disclosed, shared and/or received compensation for our disclosure of Personal Information for the following commercial/business purposes in the preceding 12 months:\n\ni. To obtain the services or products you have registered for on our Website.\n\nii. To allow a third-party to market their products or services to you.\n\niii. To provide you with information, products or services that you request from us or resolve consumer concerns or request to opt-out of marketing.\n\niv. To provide you with notices concerning our products or services, or events or news, that may be of interest to you.\n\nv. To carry out our obligations and enforce our rights arising from any contracts entered into between you and us, including for billing and collections.\n\nvi. To improve our website, products and services, and present its contents to you including testing, research, analysis and product development.\n\nvii. To personalize your Website experience and to deliver content and product and service offerings relevant to your interests, including targeted offers and ads through our Website, third-party sites, and via email or text message (with your consent, where required by law).\n\nviii. To maintain the safety, security, and integrity of our Website, platforms as well as products and services, databases and other technology assets, and business.\n\nix. To respond to government or law enforcement requests and as required by applicable law, court order, or governmental regulations.\n\nx. To evaluate or conduct a merger, restructuring, reorganization, dissolution, or other sale or transfer of some or all of our business or assets.\n\nxi. As described to you when collecting your Personal Information or as otherwise set forth in the CCPA.",Categories of Personal Information Shared / Disclosed,C3PA_Dataset/Annotations/DB/47.csv
DB_47,85,ra1,"We have disclosed, shared and/or received compensation for our disclosure of Personal Information for the following commercial/business purposes in the preceding 12 months:\n\ni. To obtain the services or products you have registered for on our Website.\n\nii. To allow a third-party to market their products or services to you.\n\niii. To provide you with information, products or services that you request from us or resolve consumer concerns or request to opt-out of marketing.\n\niv. To provide you with notices concerning our products or services, or events or news, that may be of interest to you.\n\nv. To carry out our obligations and enforce our rights arising from any contracts entered into between you and us, including for billing and collections.\n\nvi. To improve our website, products and services, and present its contents to you including testing, research, analysis and product development.\n\nvii. To personalize your Website experience and to deliver content and product and service offerings relevant to your interests, including targeted offers and ads through our Website, third-party sites, and via email or text message (with your consent, where required by law).\n\nviii. To maintain the safety, security, and integrity of our Website, platforms as well as products and services, databases and other technology assets, and business.\n\nix. To respond to government or law enforcement requests and as required by applicable law, court order, or governmental regulations.\n\nx. To evaluate or conduct a merger, restructuring, reorganization, dissolution, or other sale or transfer of some or all of our business or assets.\n\nxi. As described to you when collecting your Personal Information or as otherwise set forth in the CCPA.",Categories of Personal Information Sold,C3PA_Dataset/Annotations/DB/47.csv
DB_47,86,ra1,"We have disclosed, shared and/or received compensation for our disclosure of Personal Information for the following commercial/business purposes in the preceding 12 months:\n\ni. To obtain the services or products you have registered for on our Website.\n\nii. To allow a third-party to market their products or services to you.\n\niii. To provide you with information, products or services that you request from us or resolve consumer concerns or request to opt-out of marketing.\n\niv. To provide you with notices concerning our products or services, or events or news, that may be of interest to you.\n\nv. To carry out our obligations and enforce our rights arising from any contracts entered into between you and us, including for billing and collections.\n\nvi. To improve our website, products and services, and present its contents to you including testing, research, analysis and product development.\n\nvii. To personalize your Website experience and to deliver content and product and service offerings relevant to your interests, including targeted offers and ads through our Website, third-party sites, and via email or text message (with your consent, where required by law).\n\nviii. To maintain the safety, security, and integrity of our Website, platforms as well as products and services, databases and other technology assets, and business.\n\nix. To respond to government or law enforcement requests and as required by applicable law, court order, or governmental regulations.\n\nx. To evaluate or conduct a merger, restructuring, reorganization, dissolution, or other sale or transfer of some or all of our business or assets.\n\nxi. As described to you when collecting your Personal Information or as otherwise set forth in the CCPA.",Categories of Personal Information Collected,C3PA_Dataset/Annotations/DB/47.csv
DB_47,89,ra1,You may submit a verifiable consumer request to delete your information using our California Consumer Portal and fully fill out the request form or contact us by email at privacyofficer@datacomplianceportal.com.,Methods to exercise rights,C3PA_Dataset/Annotations/DB/47.csv
DB_47,93,ra1,"Right to Non-Discrimination for the Exercise of a Consumer's Privacy Rights.\n\nYou have a right not to receive discriminatory treatment by us for the exercise of these privacy rights conferred by the CCPA. As such, we will not deny you goods or services, charge you different prices or rates for goods or services, or deny you discounts or other benefits; nor will we provide you a different level or quality of goods or services or recommend a different level or quality of goods or services.",Description of Right to Non-discrimination on exercising rights,C3PA_Dataset/Annotations/DB/47.csv
DB_47,95,ra1,"We reserve the right to amend this privacy notice at our discretion and at any time. When we make changes to this privacy notice, we will enforce the terms of the new policy going forward. You will receive no other notice than an updated posting on this page. Please check back each time you use or visit our Website.",Updated Privacy Policy,C3PA_Dataset/Annotations/DB/47.csv
DB_49,0,ra3,"LAST UPDATED:  July 7, 2022",Updated Privacy Policy,C3PA_Dataset/Annotations/DB/49.csv
DB_49,8,ra3,"To exercise any of the above rights, please contact us using the following information and submit the required verifying information, as further described below:\n\nOnline at experian.com/ccpa\nBy phone at 1-833-210-4615\nBy mail at PO Box 703, Allen, TX 75013",Methods to exercise rights,C3PA_Dataset/Annotations/DB/49.csv
DB_49,17,ra2,"LAST UPDATED:  July 7, 2022",Updated Privacy Policy,C3PA_Dataset/Annotations/DB/49.csv
DB_49,18,ra2,"To exercise any of the above rights, please contact us using the following information and submit the required verifying information, as further described below:\n\nOnline at experian.com/ccpa\nBy phone at 1-833-210-4615\nBy mail at PO Box 703, Allen, TX 75013",Methods to exercise rights,C3PA_Dataset/Annotations/DB/49.csv
DB_49,29,ra2,"LAST UPDATED:  July 7, 2022",Updated Privacy Policy,C3PA_Dataset/Annotations/DB/49.csv
DB_49,30,ra2,"To exercise any of the above rights, please contact us using the following information and submit the required verifying information, as further described below:\n\nOnline at experian.com/ccpa\nBy phone at 1-833-210-4615\nBy mail at PO Box 703, Allen, TX 75013",Methods to exercise rights,C3PA_Dataset/Annotations/DB/49.csv
DB_49,31,ra5,"LAST UPDATED:  July 7, 2022",Updated Privacy Policy,C3PA_Dataset/Annotations/DB/49.csv
DB_49,32,ra5,"Your Rights Regarding Personal Information. California residents have certain rights with respect to the personal information collected by businesses in the last 12 months. If you are a California resident, you may exercise the following rights regarding your personal information, subject to certain exceptions and limitations:

The right to know:

The categories and specific pieces of personal information we collect, use, disclose and sell about you;
The categories of sources of the personal information;
The categories of personal information that we have disclosed to third parties for a business purpose, and the categories of recipients to whom this information was disclosed;
The categories of personal information we have sold and the categories of third parties to whom the information was sold; and
The business or commercial purposes for collecting or selling the personal information.",Description of Right to Know PI sold / shared,C3PA_Dataset/Annotations/DB/49.csv
DB_49,35,ra5,"Verification Process and Required Information. Note that we may need to request additional information from you to verify your identity or understand the scope of your request, although you will not be required to create an account with us to submit a request or have it fulfilled. In order to exercise your rights under the CCPA, we will require you to provide, at a minimum first name, last name, social security number, and address. For requests submitted by mail, you will need to send copies of two forms of identification that include your first name, last name and current address.

In certain circumstances, we may decline a request to exercise the right to know and/or right to deletion, particularly where we are unable to verify your identity.",Methods to exercise rights,C3PA_Dataset/Annotations/DB/49.csv
DB_49,39,ra5,"Your Rights Regarding Personal Information. California residents have certain rights with respect to the personal information collected by businesses in the last 12 months. If you are a California resident, you may exercise the following rights regarding your personal information, subject to certain exceptions and limitations:\n\nThe right to know:\n\nThe categories and specific pieces of personal information we collect, use, disclose and sell about you;\nThe categories of sources of the personal information;\nThe categories of personal information that we have disclosed to third parties for a business purpose, and the categories of recipients to whom this information was disclosed;\nThe categories of personal information we have sold and the categories of third parties to whom the information was sold; and\nThe business or commercial purposes for collecting or selling the personal information.",Description of Right to Know PI Collected,C3PA_Dataset/Annotations/DB/49.csv
DB_49,41,ra5,"To exercise any of the above rights, please contact us using the following information and submit the required verifying information, as further described below:\n\nOnline at experian.com/ccpa\nBy phone at 1-833-210-4615\nBy mail at PO Box 703, Allen, TX 75013",Methods to exercise rights,C3PA_Dataset/Annotations/DB/49.csv
DB_49,42,ra1,"LAST UPDATED:  July 7, 2022",Updated Privacy Policy,C3PA_Dataset/Annotations/DB/49.csv
DB_49,44,ra1,"Personal Information We Collect, Disclose, and Sell. We collect the categories of personal information about California consumers identified in the chart below. As further set forth in the chart below, in the past 12 months, we have disclosed and sold California consumers’ personal information to third parties for business or commercial purposes.",Categories of Personal Information Collected,C3PA_Dataset/Annotations/DB/49.csv
DB_49,45,ra1,"Personal Information We Collect, Disclose, and Sell. We collect the categories of personal information about California consumers identified in the chart below. As further set forth in the chart below, in the past 12 months, we have disclosed and sold California consumers’ personal information to third parties for business or commercial purposes.",Categories of Personal Information Shared / Disclosed,C3PA_Dataset/Annotations/DB/49.csv
DB_49,46,ra1,"Personal Information We Collect, Disclose, and Sell. We collect the categories of personal information about California consumers identified in the chart below. As further set forth in the chart below, in the past 12 months, we have disclosed and sold California consumers’ personal information to third parties for business or commercial purposes.",Categories of Personal Information Sold,C3PA_Dataset/Annotations/DB/49.csv
DB_49,57,ra1,"To exercise any of the above rights, please contact us using the following information and submit the required verifying information, as further described below:\n\nOnline at experian.com/ccpa\nBy phone at 1-833-210-4615\nBy mail at PO Box 703, Allen, TX 75013",Methods to exercise rights,C3PA_Dataset/Annotations/DB/49.csv
DB_49,58,ra1,"Verification Process and Required Information. Note that we may need to request additional information from you to verify your identity or understand the scope of your request, although you will not be required to create an account with us to submit a request or have it fulfilled. In order to exercise your rights under the CCPA, we will require you to provide, at a minimum first name, last name, social security number, and address. For requests submitted by mail, you will need to send copies of two forms of identification that include your first name, last name and current address.",Methods to exercise rights,C3PA_Dataset/Annotations/DB/49.csv
DB_49,59,ra1,"	\nExperian\n\nTapad\n\nGabi\n\nRequests to Know\n\nRequests to Delete\n\nRequests to Opt-Out\n\nRequests to Know\n\nRequests to Delete\n\nRequests to Opt-Out [1]\n\nRequests to Delete\n\nTotal Requests Received\n\n1029\n\n707\n\n1300\n\n29\n\n182\n\n1,591,681 [2]\n\n213\n\nNumber of requests complied with in whole\n\n1029\n\n707\n\n1300\n\n3\n\n0\n\n1,591,681\n\n213\n\nNumber of requests complied with in part\n\n0\n\n0\n\n0\n\n0\n\n0\n\n0\n\n0\n\nNumber of requests denied due to inability to verify consumer [3]\n\n0\n\n0\n\n0\n\n26\n\n182\n\n0\n\n0\n\nAverage number of days to substantively respond [4]\n\n3.11\n\n3.11\n\n3.11\n\n5\n\n5\n\nImmediately\n\n5",Others,C3PA_Dataset/Annotations/DB/49.csv
DB_49,60,ra1,"LAST UPDATED:  July 7, 2022",Updated Privacy Policy,C3PA_Dataset/Annotations/DB/49.csv
DB_49,71,ra1,"To exercise any of the above rights, please contact us using the following information and submit the required verifying information, as further described below:\n\nOnline at experian.com/ccpa\nBy phone at 1-833-210-4615\nBy mail at PO Box 703, Allen, TX 75013",Methods to exercise rights,C3PA_Dataset/Annotations/DB/49.csv
DB_49,72,ra1,"To the extent that Experian sells or discloses deidentified patient information which is exempt from the CCPA under Section 1798.146(a)(4)(A)(i), it does so pursuant to the deidentification methodology described in Section 164.514(b)(2) of Title 45 of the Code of Federal Regulations, commonly known as the HIPAA safe harbor method.",Categories of Personal Information Shared / Disclosed,C3PA_Dataset/Annotations/DB/49.csv
DB_49,73,ra1,"To the extent that Experian sells or discloses deidentified patient information which is exempt from the CCPA under Section 1798.146(a)(4)(A)(i), it does so pursuant to the deidentification methodology described in Section 164.514(b)(2) of Title 45 of the Code of Federal Regulations, commonly known as the HIPAA safe harbor method.",Categories of Personal Information Sold,C3PA_Dataset/Annotations/DB/49.csv
DB_49,74,ra1,"In order to exercise your rights under the CCPA, we will require you to provide, at a minimum first name, last name, social security number, and address. For requests submitted by mail, you will need to send copies of two forms of identification that include your first name, last name and current address",Methods to exercise rights,C3PA_Dataset/Annotations/DB/49.csv
DB_49,75,ra1,Authorized Agent. You may designate an authorized agent to make a CCPA request on your behalf through the designated methods set forth in these Disclosures where we can verify the authorized agent’s authority to act on your behalf.,Methods to exercise rights,C3PA_Dataset/Annotations/DB/49.csv
DB_58,461,ra4,4. Cookies,Categories of Personal Information Collected,C3PA_Dataset/Annotations/DB/58.csv
DB_62,25,ra2,"Received ||| 30
\nComplied ||| ",Categories of Personal Information Collected,C3PA_Dataset/Annotations/DB/62.csv
DB_62,26,ra2,Denied ||| ,Categories of Personal Information Sold,C3PA_Dataset/Annotations/DB/62.csv
DB_62,27,ra2,Denied ||| ,Categories of Personal Information Shared / Disclosed,C3PA_Dataset/Annotations/DB/62.csv
DB_73,28,ra2,:\n\n,Categories of Personal Information Collected,C3PA_Dataset/Annotations/DB/73.csv
DB_89,41,ra2,"x label label
check",Categories of Personal Information Collected,C3PA_Dataset/Annotations/DB/89.csv
DB_91,55,ra2,questing to be deleted\n,Categories of Personal Information Collected,C3PA_Dataset/Annotations/DB/91.csv
DB_92,0,ra3,Date Last Updated: 3rd February 2022,Updated Privacy Policy,C3PA_Dataset/Annotations/DB/92.csv
DB_92,1,ra3,"Category of personal information\nCategory Examples\n(Note: These are examples of the category and not all of this data is collected)\n\nA. Identifiers.	\nA real name, alias, postal address, unique personal identifier, online identifier, Internet Protocol address, email address, account name, or other similar identifiers\nB. Personal information categories listed in the California Customer Records statute (Cal. Civ. Code § 1798.80(e)).	\nA name, signature, physical characteristics or description, address, telephone number, driver’s license or state identification card number, education, employment.\nC. Protected classification characteristics under California or federal law.\nAge (40 years or older), race, religion, marital status, health data (excluding PHI), physical or mental disability, sex (including gender, gender identity, gender expression, pregnancy or childbirth and related medical conditions), sexual orientation, veteran or military status.\nD. Commercial information.\nRecords of personal property, products or services purchased, obtained, or considered, or other purchasing or consuming histories or tendencies.\nE. Internet or other similar network activity.\nBrowsing history, search history, information on a consumer’s interaction with a website, application, or advertisement.\nF. Geolocation data.\nPostal address, IP address (which is converted into country, region, or zip code level location data) and latitude/longitude data of properties/houses\nG. Inferences drawn from other personal information.	Profile reflecting a person’s preferences, characteristics,  behavior, attitudes or interests.",Categories of Personal Information Collected,C3PA_Dataset/Annotations/DB/92.csv
DB_92,2,ra3,"We collect information that identifies, relates to, describes, references, is reasonably capable of being associated with, or could reasonably be linked, directly or indirectly, with a particular consumer or household (“personal information”). Within the last 12 months, we have collected the following categories of personal information from consumers, or have received the following categories of personal information from other businesses:",Categories of Personal Information Collected,C3PA_Dataset/Annotations/DB/92.csv
DB_92,3,ra3,"Category of personal information: A. Identifiers. ||| Category Examples (Note: These are examples of the category and not all of this data is collected): A real name, alias, postal address, unique personal identifier, online identifier, Internet Protocol address, email address, account name, or other similar identifiers\n\nCategory of personal information: B. Personal information categories listed in the California Customer Records statute (Cal. Civ. Code § 1798.80(e)). ||| Category Examples (Note: These are examples of the category and not all of this data is collected): A name, signature, physical characteristics or description, address, telephone number, driver’s license or state identification card number, education, employment.\n\nCategory of personal information: C. Protected classification characteristics under California or federal law. ||| Category Examples (Note: These are examples of the category and not all of this data is collected): Age (40 years or older), race, religion, marital status, health data (excluding PHI), physical or mental disability, sex (including gender, gender identity, gender expression, pregnancy or childbirth and related medical conditions), sexual orientation, veteran or military status.\n\nCategory of personal information: D. Commercial information. ||| Category Examples (Note: These are examples of the category and not all of this data is collected): Records of personal property, products or services purchased, obtained, or considered, or other purchasing or consuming histories or tendencies.\n\nCategory of personal information: E. Internet or other similar network activity. ||| Category Examples (Note: These are examples of the category and not all of this data is collected): Browsing history, search history, information on a consumer’s interaction with a website, application, or advertisement.\n\nCategory of personal information: F. Geolocation data. ||| Category Examples (Note: These are examples of the category and not all of this data is collected): Postal address, IP address (which is converted into country, region, or zip code level location data) and latitude/longitude data of properties/houses\n\nCategory of personal information: G. Inferences drawn from other personal information. ||| Category Examples (Note: These are examples of the category and not all of this data is collected): Profile reflecting a person’s preferences, characteristics, behavior, attitudes or interests.\n\nCategory of personal information: nan ||| Category Examples (Note: These are examples of the category and not all of this data is collected): nan",Categories of Personal Information Collected,C3PA_Dataset/Annotations/DB/92.csv
DB_92,4,ra3,"Sources, purposes and sharing of personal information\nBelow outlines:\n\nthe business purpose and if we share the personal information,\nhow we collect or receive the categories of personal information, and\nthe categories of third parties we share personal information with.\nWe may share all of the information listed in Chart A for our business purposes. We may disclose your personal information to other companies in our corporate group, affiliates and third parties to help us process your personal information for the purposes set out in this policy. When we disclose personal information for a business purpose, we enter a contract that describes the purpose of the processing and prevents the recipient from retaining, using or disclosing the personal information for any purpose other than performing the contract.\n\nFor all of the categories in Chart A above, we collect personal information about consumers to provide marketing, advertising and analytics services.\n\nFor example, this may include helping clients deliver online advertising campaigns to their customers, helping clients identify new customers that are similar to their existing customers, and helping clients understand more about their customers so that they can develop better products and advertising campaigns with those customers in mind.\n\nFor all of the categories in Chart A above, we collect or receive the categories of personal information from categories of data sources listed in Chart B.\n\nWe may share or sell all of the information listed in Chart A for the purposes outlined above. The categories of third parties that we may have sold or disclosed the personal information to is outlined in the chart below:\n\nChart B:\n\nCategory of Company Receiving Data\nDescription\nAdvertising/Marketing Companies\nCompanies that provide marketing services and advertising services both online and offline. Typically, these companies are using the data to improve marketing relevance for consumers.\nApparel & Accessory Companies	\nRetailers and other merchants that typically sell clothing, shoes and fashion accessory products.\nAutomotive Companies	\nCar companies or companies that provide services for cars and trucks such as sales, car service, or car products.\nBusiness to Business Companies	\nCompanies that provide products and services for other businesses such as computer services, paper, and other products or services.\nParenting Product Companies	\nRetailers and other merchants that typically sell children’s products including clothing, shoes, toys, and other products.\nCommunication Services Companies	\nCompanies that provide services such as home phones, cellular phones, TV services, and satellite service.\nConsumer Packaged Goods Companies	\nRetailers and other merchants that typically sell groceries and other household products such as cleaning supplies.\nConsumer Services Companies	\nCompanies that provide consumer and residential services including storage, lawn care, home security.\nData Compiling Companies	Companies that purchase data from other companies and organize the data into descriptive categorizations for use in marketing activities.\nEducational Institutions & Companies	\nOrganization and companies offering education services including colleges, training centers and certification programs.\nElectronics Companies	Retailers and other merchants that typically sell electronics such as computers, TV’s, phones and other electronic products.\nEnergy and Utility Companies	\nCompanies that provide residential energy and water services.\nFinancial Services Companies	\nCompanies that provide financial services for consumers – note no credit information, bank information, or social security numbers are ever collected or used.\nFood & Beverage Companies	\nRetailers and other merchants that typically sell food and beverage products such as meat, vegetables, and wine.\nGift Product Companies	\nRetailers and other merchants that typically sell gift products such as flowers, gift baskets, and other similar products.\nPublic Institutions	\nOrganizations supporting consumer interests through public programs, government programs, and other related activities.\nHealth Product Companies	\nRetailers and other merchants that typically sell health related products such as vitamins, supplements, and other related products. Note: no medical data, insurance data, or prescription data is ever collected or used.\nLifestyle & Interest Product Companies	\nRetailers and other merchants that typically sell specialized products for hobbies, sports, fitness, wellness, and other lifestyle related activities.\nManufacturing Companies	\nCompanies that produce consumer products for distribution through retailers and other merchants.\nNot for Profit Organizations	\nNot for profit companies such as Charities and Political groups that collect donations from consumers for a specific cause.\nPublishing Product Companies	\nCompanies that create and sell products including magazines, books, newsletters, and newspapers.\nTechnology/Computer Software Companies	\nCompanies that provide computer related products such as computer hardware and software, web and smart phone applications\nTelecommunications Companies	\nCompanies that provide services such as home phones, cellular phones, TV services, and satellite service.\nTravel, Leisure & Entertainment Companies	\nCompanies that provide services or products related to travel and entertainment including hotels, airlines, cruises, show tickets and other similar items.",Categories of Personal Information Sold,C3PA_Dataset/Annotations/DB/92.csv
DB_92,5,ra3,"Sources, purposes and sharing of personal information\nBelow outlines:\n\nthe business purpose and if we share the personal information,\nhow we collect or receive the categories of personal information, and\nthe categories of third parties we share personal information with.\nWe may share all of the information listed in Chart A for our business purposes. We may disclose your personal information to other companies in our corporate group, affiliates and third parties to help us process your personal information for the purposes set out in this policy. When we disclose personal information for a business purpose, we enter a contract that describes the purpose of the processing and prevents the recipient from retaining, using or disclosing the personal information for any purpose other than performing the contract.\n\nFor all of the categories in Chart A above, we collect personal information about consumers to provide marketing, advertising and analytics services.\n\nFor example, this may include helping clients deliver online advertising campaigns to their customers, helping clients identify new customers that are similar to their existing customers, and helping clients understand more about their customers so that they can develop better products and advertising campaigns with those customers in mind.\n\nFor all of the categories in Chart A above, we collect or receive the categories of personal information from categories of data sources listed in Chart B.\n\nWe may share or sell all of the information listed in Chart A for the purposes outlined above. The categories of third parties that we may have sold or disclosed the personal information to is outlined in the chart below:\n\nChart B:\n\nCategory of Company Receiving Data\nDescription\nAdvertising/Marketing Companies\nCompanies that provide marketing services and advertising services both online and offline. Typically, these companies are using the data to improve marketing relevance for consumers.\nApparel & Accessory Companies	\nRetailers and other merchants that typically sell clothing, shoes and fashion accessory products.\nAutomotive Companies	\nCar companies or companies that provide services for cars and trucks such as sales, car service, or car products.\nBusiness to Business Companies	\nCompanies that provide products and services for other businesses such as computer services, paper, and other products or services.\nParenting Product Companies	\nRetailers and other merchants that typically sell children’s products including clothing, shoes, toys, and other products.\nCommunication Services Companies	\nCompanies that provide services such as home phones, cellular phones, TV services, and satellite service.\nConsumer Packaged Goods Companies	\nRetailers and other merchants that typically sell groceries and other household products such as cleaning supplies.\nConsumer Services Companies	\nCompanies that provide consumer and residential services including storage, lawn care, home security.\nData Compiling Companies	Companies that purchase data from other companies and organize the data into descriptive categorizations for use in marketing activities.\nEducational Institutions & Companies	\nOrganization and companies offering education services including colleges, training centers and certification programs.\nElectronics Companies	Retailers and other merchants that typically sell electronics such as computers, TV’s, phones and other electronic products.\nEnergy and Utility Companies	\nCompanies that provide residential energy and water services.\nFinancial Services Companies	\nCompanies that provide financial services for consumers – note no credit information, bank information, or social security numbers are ever collected or used.\nFood & Beverage Companies	\nRetailers and other merchants that typically sell food and beverage products such as meat, vegetables, and wine.\nGift Product Companies	\nRetailers and other merchants that typically sell gift products such as flowers, gift baskets, and other similar products.\nPublic Institutions	\nOrganizations supporting consumer interests through public programs, government programs, and other related activities.\nHealth Product Companies	\nRetailers and other merchants that typically sell health related products such as vitamins, supplements, and other related products. Note: no medical data, insurance data, or prescription data is ever collected or used.\nLifestyle & Interest Product Companies	\nRetailers and other merchants that typically sell specialized products for hobbies, sports, fitness, wellness, and other lifestyle related activities.\nManufacturing Companies	\nCompanies that produce consumer products for distribution through retailers and other merchants.\nNot for Profit Organizations	\nNot for profit companies such as Charities and Political groups that collect donations from consumers for a specific cause.\nPublishing Product Companies	\nCompanies that create and sell products including magazines, books, newsletters, and newspapers.\nTechnology/Computer Software Companies	\nCompanies that provide computer related products such as computer hardware and software, web and smart phone applications\nTelecommunications Companies	\nCompanies that provide services such as home phones, cellular phones, TV services, and satellite service.\nTravel, Leisure & Entertainment Companies	\nCompanies that provide services or products related to travel and entertainment including hotels, airlines, cruises, show tickets and other similar items.\n",Categories of Personal Information Shared / Disclosed,C3PA_Dataset/Annotations/DB/92.csv
DB_92,6,ra3,"In the preceding twelve (12) months, we have sold personal information in all of the categories listed in chart A above.",Categories of Personal Information Sold,C3PA_Dataset/Annotations/DB/92.csv
DB_92,7,ra3,"Access to your personal information and data portability\nYou have the right to request that we disclose certain information to you about our collection and use of your personal information over the past 12 months. Once we receive your request, we will disclose to you:\n\nThe categories of personal information we collected, disclosed, and sold about you, if any.\nFor each category of personal information we collected about you:\nThe categories of sources from which this was collected.\nOur business or commercial purpose for collecting that personal information.\nOur business or commercial purpose for selling or disclosing that personal information.\nThe categories of third parties with whom we disclose or sell your personal information.\nThe specific pieces of personal information we collected about you to the extent such disclosure is permitted by the CCPA.\nFor data portability requests, we will provide your personal information in a format that is readily useable and should allow you to transmit the information from us to another entity.",Description of Right to Know PI Collected,C3PA_Dataset/Annotations/DB/92.csv
DB_92,8,ra3,"Access to your personal information and data portability\nYou have the right to request that we disclose certain information to you about our collection and use of your personal information over the past 12 months. Once we receive your request, we will disclose to you:\n\nThe categories of personal information we collected, disclosed, and sold about you, if any.\nFor each category of personal information we collected about you:\nThe categories of sources from which this was collected.\nOur business or commercial purpose for collecting that personal information.\nOur business or commercial purpose for selling or disclosing that personal information.\nThe categories of third parties with whom we disclose or sell your personal information.\nThe specific pieces of personal information we collected about you to the extent such disclosure is permitted by the CCPA.\nFor data portability requests, we will provide your personal information in a format that is readily useable and should allow you to transmit the information from us to another entity.",Description of Right to Know PI sold / shared,C3PA_Dataset/Annotations/DB/92.csv
DB_92,9,ra3,"Opt-out of the sale of your personal information\nYou have the right to direct us to not sell your personal information (also referred to as the right to opt out). Once we receive your request, we will not include your personal information in any further sales unless you subsequently provide express authorization for us to do so. Our Consumer Preference Portal enables you to submit your request here or call us at the following toll-free number: 1 (888) 885-7576. We will respond to your request to opt-out within 15 days.",Description of Right to Opt-out of sale of PI,C3PA_Dataset/Annotations/DB/92.csv
DB_92,10,ra3,Our Consumer Preference Portal enables you to submit your request here or call us at the following toll-free number: 1 (888) 885-7576. We will respond to your request to opt-out within 15 days.,Methods to exercise rights,C3PA_Dataset/Annotations/DB/92.csv
DB_92,11,ra3,"Deletion request\nYou have the right to request that we delete any of your personal information that we collected directly from you and retained. We may deny your deletion request if it is necessary for us or our service providers to retain your personal information, based upon allowed exceptions. Once we receive and verify your request, and no exception applies, we will delete and direct our service providers to delete your personal information as requested. We will contact you to confirm the deletion and the manner in which it was deleted. Please click here to make a deletion request.",Description of Right to Delete,C3PA_Dataset/Annotations/DB/92.csv
DB_92,12,ra3, Please click here to make a deletion request.,Methods to exercise rights,C3PA_Dataset/Annotations/DB/92.csv
DB_92,13,ra3,Non-discrimination\nWe will not discriminate against you for exercising any of your rights under the CCPA.,Description of Right to Non-discrimination on exercising rights,C3PA_Dataset/Annotations/DB/92.csv
DB_92,14,ra3,"Exercising access, opt-out, data portability and deletion rights\nTo exercise the rights described above please submit your request to us by either:\n\nToll-Free Number: 1-888-885-7576\nEmail: privacy@Choreograph.com\nClick here to opt out of the sale of your personal information\nClick here to make a deletion request\nClick here to request access to your data",Methods to exercise rights,C3PA_Dataset/Annotations/DB/92.csv
DB_92,15,ra3,"Changes to this privacy policy\nWe review this privacy policy on a regular basis to ensure that it is up-to-date with our use of your personal information, and compliant with applicable data protection laws. We reserve the right, at our discretion, to revise this privacy policy at any time. The updated privacy policy will be posted on our website. You are encouraged to review this privacy policy from time to time.",Updated Privacy Policy,C3PA_Dataset/Annotations/DB/92.csv
DB_92,17,ra5,Date Last Updated: 3rd February 2022,Updated Privacy Policy,C3PA_Dataset/Annotations/DB/92.csv
DB_92,18,ra5,"Category of personal information\nCategory Examples\n(Note: These are examples of the category and not all of this data is collected)\n\nA. Identifiers.	\nA real name, alias, postal address, unique personal identifier, online identifier, Internet Protocol address, email address, account name, or other similar identifiers\nB. Personal information categories listed in the California Customer Records statute (Cal. Civ. Code § 1798.80(e)).	\nA name, signature, physical characteristics or description, address, telephone number, driver’s license or state identification card number, education, employment.\nC. Protected classification characteristics under California or federal law.\nAge (40 years or older), race, religion, marital status, health data (excluding PHI), physical or mental disability, sex (including gender, gender identity, gender expression, pregnancy or childbirth and related medical conditions), sexual orientation, veteran or military status.\nD. Commercial information.\nRecords of personal property, products or services purchased, obtained, or considered, or other purchasing or consuming histories or tendencies.\nE. Internet or other similar network activity.\nBrowsing history, search history, information on a consumer’s interaction with a website, application, or advertisement.\nF. Geolocation data.\nPostal address, IP address (which is converted into country, region, or zip code level location data) and latitude/longitude data of properties/houses\nG. Inferences drawn from other personal information.	Profile reflecting a person’s preferences, characteristics,  behavior, attitudes or interests.",Categories of Personal Information Collected,C3PA_Dataset/Annotations/DB/92.csv
DB_92,19,ra5,"We may share all of the information listed in Chart A for our business purposes. We may disclose your personal information to other companies in our corporate group, affiliates and third parties to help us process your personal information for the purposes set out in this policy. When we disclose personal information for a business purpose, we enter a contract that describes the purpose of the processing and prevents the recipient from retaining, using or disclosing the personal information for any purpose other than performing the contract.",Categories of Personal Information Shared / Disclosed,C3PA_Dataset/Annotations/DB/92.csv
DB_92,20,ra5,"For all of the categories in Chart A above, we collect personal information about consumers to provide marketing, advertising and analytics services.\n\nFor example, this may include helping clients deliver online advertising campaigns to their customers, helping clients identify new customers that are similar to their existing customers, and helping clients understand more about their customers so that they can develop better products and advertising campaigns with those customers in mind.",Categories of Personal Information Collected,C3PA_Dataset/Annotations/DB/92.csv
DB_92,21,ra5,"For all of the categories in Chart A above, we collect personal information about consumers to provide marketing, advertising and analytics services.\n\nFor example, this may include helping clients deliver online advertising campaigns to their customers, helping clients identify new customers that are similar to their existing customers, and helping clients understand more about their customers so that they can develop better products and advertising campaigns with those customers in mind.",Categories of Personal Information Shared / Disclosed,C3PA_Dataset/Annotations/DB/92.csv
DB_92,22,ra5,"Category of personal information\nCategory Examples\n(Note: These are examples of the category and not all of this data is collected)\n\nA. Identifiers.	\nA real name, alias, postal address, unique personal identifier, online identifier, Internet Protocol address, email address, account name, or other similar identifiers\nB. Personal information categories listed in the California Customer Records statute (Cal. Civ. Code § 1798.80(e)).	\nA name, signature, physical characteristics or description, address, telephone number, driver’s license or state identification card number, education, employment.\nC. Protected classification characteristics under California or federal law.\nAge (40 years or older), race, religion, marital status, health data (excluding PHI), physical or mental disability, sex (including gender, gender identity, gender expression, pregnancy or childbirth and related medical conditions), sexual orientation, veteran or military status.\nD. Commercial information.\nRecords of personal property, products or services purchased, obtained, or considered, or other purchasing or consuming histories or tendencies.\nE. Internet or other similar network activity.\nBrowsing history, search history, information on a consumer’s interaction with a website, application, or advertisement.\nF. Geolocation data.\nPostal address, IP address (which is converted into country, region, or zip code level location data) and latitude/longitude data of properties/houses\nG. Inferences drawn from other personal information.	Profile reflecting a person’s preferences, characteristics,  behavior, attitudes or interests.",Categories of Personal Information Shared / Disclosed,C3PA_Dataset/Annotations/DB/92.csv
DB_92,23,ra5,"Category of personal information\nCategory Examples\n(Note: These are examples of the category and not all of this data is collected)\n\nA. Identifiers.	\nA real name, alias, postal address, unique personal identifier, online identifier, Internet Protocol address, email address, account name, or other similar identifiers\nB. Personal information categories listed in the California Customer Records statute (Cal. Civ. Code § 1798.80(e)).	\nA name, signature, physical characteristics or description, address, telephone number, driver’s license or state identification card number, education, employment.\nC. Protected classification characteristics under California or federal law.\nAge (40 years or older), race, religion, marital status, health data (excluding PHI), physical or mental disability, sex (including gender, gender identity, gender expression, pregnancy or childbirth and related medical conditions), sexual orientation, veteran or military status.\nD. Commercial information.\nRecords of personal property, products or services purchased, obtained, or considered, or other purchasing or consuming histories or tendencies.\nE. Internet or other similar network activity.\nBrowsing history, search history, information on a consumer’s interaction with a website, application, or advertisement.\nF. Geolocation data.\nPostal address, IP address (which is converted into country, region, or zip code level location data) and latitude/longitude data of properties/houses\nG. Inferences drawn from other personal information.	Profile reflecting a person’s preferences, characteristics,  behavior, attitudes or interests.",Categories of Personal Information Sold,C3PA_Dataset/Annotations/DB/92.csv
DB_92,24,ra5,"We may share all of the information listed in Chart A for our business purposes. We may disclose your personal information to other companies in our corporate group, affiliates and third parties to help us process your personal information for the purposes set out in this policy. When we disclose personal information for a business purpose, we enter a contract that describes the purpose of the processing and prevents the recipient from retaining, using or disclosing the personal information for any purpose other than performing the contract.\n\nFor all of the categories in Chart A above, we collect personal information about consumers to provide marketing, advertising and analytics services.\n\nFor example, this may include helping clients deliver online advertising campaigns to their customers, helping clients identify new customers that are similar to their existing customers, and helping clients understand more about their customers so that they can develop better products and advertising campaigns with those customers in mind.",Categories of Personal Information Sold,C3PA_Dataset/Annotations/DB/92.csv
DB_92,25,ra5,"We may share all of the information listed in Chart A for our business purposes. We may disclose your personal information to other companies in our corporate group, affiliates and third parties to help us process your personal information for the purposes set out in this policy. When we disclose personal information for a business purpose, we enter a contract that describes the purpose of the processing and prevents the recipient from retaining, using or disclosing the personal information for any purpose other than performing the contract.\n\n",Categories of Personal Information Collected,C3PA_Dataset/Annotations/DB/92.csv
DB_92,26,ra5,"For all of the categories in Chart A above, we collect or receive the categories of personal information from categories of data sources listed in Chart B.",Categories of Personal Information Collected,C3PA_Dataset/Annotations/DB/92.csv
DB_92,27,ra5,We may share or sell all of the information listed in Chart A for the purposes outlined above. ,Categories of Personal Information Shared / Disclosed,C3PA_Dataset/Annotations/DB/92.csv
DB_92,28,ra5,We may share or sell all of the information listed in Chart A for the purposes outlined above. ,Categories of Personal Information Sold,C3PA_Dataset/Annotations/DB/92.csv
DB_92,29,ra5,"The categories of third parties that we may have sold or disclosed the personal information to is outlined in the chart below:\n\nChart B:\n\nCategory of Company Receiving Data\nDescription\nAdvertising/Marketing Companies\nCompanies that provide marketing services and advertising services both online and offline. Typically, these companies are using the data to improve marketing relevance for consumers.\nApparel & Accessory Companies	\nRetailers and other merchants that typically sell clothing, shoes and fashion accessory products.\nAutomotive Companies	\nCar companies or companies that provide services for cars and trucks such as sales, car service, or car products.\nBusiness to Business Companies	\nCompanies that provide products and services for other businesses such as computer services, paper, and other products or services.\nParenting Product Companies	\nRetailers and other merchants that typically sell children’s products including clothing, shoes, toys, and other products.\nCommunication Services Companies	\nCompanies that provide services such as home phones, cellular phones, TV services, and satellite service.\nConsumer Packaged Goods Companies	\nRetailers and other merchants that typically sell groceries and other household products such as cleaning supplies.\nConsumer Services Companies	\nCompanies that provide consumer and residential services including storage, lawn care, home security.\nData Compiling Companies	Companies that purchase data from other companies and organize the data into descriptive categorizations for use in marketing activities.\nEducational Institutions & Companies	\nOrganization and companies offering education services including colleges, training centers and certification programs.\nElectronics Companies	Retailers and other merchants that typically sell electronics such as computers, TV’s, phones and other electronic products.\nEnergy and Utility Companies	\nCompanies that provide residential energy and water services.\nFinancial Services Companies	\nCompanies that provide financial services for consumers – note no credit information, bank information, or social security numbers are ever collected or used.\nFood & Beverage Companies	\nRetailers and other merchants that typically sell food and beverage products such as meat, vegetables, and wine.\nGift Product Companies	\nRetailers and other merchants that typically sell gift products such as flowers, gift baskets, and other similar products.\nPublic Institutions	\nOrganizations supporting consumer interests through public programs, government programs, and other related activities.\nHealth Product Companies	\nRetailers and other merchants that typically sell health related products such as vitamins, supplements, and other related products. Note: no medical data, insurance data, or prescription data is ever collected or used.\nLifestyle & Interest Product Companies	\nRetailers and other merchants that typically sell specialized products for hobbies, sports, fitness, wellness, and other lifestyle related activities.\nManufacturing Companies	\nCompanies that produce consumer products for distribution through retailers and other merchants.\nNot for Profit Organizations	\nNot for profit companies such as Charities and Political groups that collect donations from consumers for a specific cause.\nPublishing Product Companies	\nCompanies that create and sell products including magazines, books, newsletters, and newspapers.\nTechnology/Computer Software Companies	\nCompanies that provide computer related products such as computer hardware and software, web and smart phone applications\nTelecommunications Companies	\nCompanies that provide services such as home phones, cellular phones, TV services, and satellite service.\nTravel, Leisure & Entertainment Companies	\nCompanies that provide services or products related to travel and entertainment including hotels, airlines, cruises, show tickets and other similar items.",Categories of Personal Information Shared / Disclosed,C3PA_Dataset/Annotations/DB/92.csv
DB_92,30,ra5,"The categories of third parties that we may have sold or disclosed the personal information to is outlined in the chart below:\n\nChart B:\n\nCategory of Company Receiving Data\nDescription\nAdvertising/Marketing Companies\nCompanies that provide marketing services and advertising services both online and offline. Typically, these companies are using the data to improve marketing relevance for consumers.\nApparel & Accessory Companies	\nRetailers and other merchants that typically sell clothing, shoes and fashion accessory products.\nAutomotive Companies	\nCar companies or companies that provide services for cars and trucks such as sales, car service, or car products.\nBusiness to Business Companies	\nCompanies that provide products and services for other businesses such as computer services, paper, and other products or services.\nParenting Product Companies	\nRetailers and other merchants that typically sell children’s products including clothing, shoes, toys, and other products.\nCommunication Services Companies	\nCompanies that provide services such as home phones, cellular phones, TV services, and satellite service.\nConsumer Packaged Goods Companies	\nRetailers and other merchants that typically sell groceries and other household products such as cleaning supplies.\nConsumer Services Companies	\nCompanies that provide consumer and residential services including storage, lawn care, home security.\nData Compiling Companies	Companies that purchase data from other companies and organize the data into descriptive categorizations for use in marketing activities.\nEducational Institutions & Companies	\nOrganization and companies offering education services including colleges, training centers and certification programs.\nElectronics Companies	Retailers and other merchants that typically sell electronics such as computers, TV’s, phones and other electronic products.\nEnergy and Utility Companies	\nCompanies that provide residential energy and water services.\nFinancial Services Companies	\nCompanies that provide financial services for consumers – note no credit information, bank information, or social security numbers are ever collected or used.\nFood & Beverage Companies	\nRetailers and other merchants that typically sell food and beverage products such as meat, vegetables, and wine.\nGift Product Companies	\nRetailers and other merchants that typically sell gift products such as flowers, gift baskets, and other similar products.\nPublic Institutions	\nOrganizations supporting consumer interests through public programs, government programs, and other related activities.\nHealth Product Companies	\nRetailers and other merchants that typically sell health related products such as vitamins, supplements, and other related products. Note: no medical data, insurance data, or prescription data is ever collected or used.\nLifestyle & Interest Product Companies	\nRetailers and other merchants that typically sell specialized products for hobbies, sports, fitness, wellness, and other lifestyle related activities.\nManufacturing Companies	\nCompanies that produce consumer products for distribution through retailers and other merchants.\nNot for Profit Organizations	\nNot for profit companies such as Charities and Political groups that collect donations from consumers for a specific cause.\nPublishing Product Companies	\nCompanies that create and sell products including magazines, books, newsletters, and newspapers.\nTechnology/Computer Software Companies	\nCompanies that provide computer related products such as computer hardware and software, web and smart phone applications\nTelecommunications Companies	\nCompanies that provide services such as home phones, cellular phones, TV services, and satellite service.\nTravel, Leisure & Entertainment Companies	\n",Categories of Personal Information Sold,C3PA_Dataset/Annotations/DB/92.csv
DB_92,31,ra5,We do not sell personal information of persons under age 18.,Categories of Personal Information Sold,C3PA_Dataset/Annotations/DB/92.csv
DB_92,32,ra5,"Access to your personal information and data portability\nYou have the right to request that we disclose certain information to you about our collection and use of your personal information over the past 12 months. Once we receive your request, we will disclose to you:\n\nThe categories of personal information we collected, disclosed, and sold about you, if any.\nFor each category of personal information we collected about you:\nThe categories of sources from which this was collected.\nOur business or commercial purpose for collecting that personal information.\nOur business or commercial purpose for selling or disclosing that personal information.\nThe categories of third parties with whom we disclose or sell your personal information.\nThe specific pieces of personal information we collected about you to the extent such disclosure is permitted by the CCPA.",Description of Right to Know PI Collected,C3PA_Dataset/Annotations/DB/92.csv
DB_92,33,ra5,"Access to your personal information and data portability\nYou have the right to request that we disclose certain information to you about our collection and use of your personal information over the past 12 months. Once we receive your request, we will disclose to you:\n\nThe categories of personal information we collected, disclosed, and sold about you, if any.\nFor each category of personal information we collected about you:\nThe categories of sources from which this was collected.\nOur business or commercial purpose for collecting that personal information.\nOur business or commercial purpose for selling or disclosing that personal information.\nThe categories of third parties with whom we disclose or sell your personal information.\nThe specific pieces of personal information we collected about you to the extent such disclosure is permitted by the CCPA.",Description of Right to Know PI sold / shared,C3PA_Dataset/Annotations/DB/92.csv
DB_92,34,ra5,"Opt-out of the sale of your personal information\nYou have the right to direct us to not sell your personal information (also referred to as the right to opt out). Once we receive your request, we will not include your personal information in any further sales unless you subsequently provide express authorization for us to do so. ",Description of Right to Opt-out of sale of PI,C3PA_Dataset/Annotations/DB/92.csv
DB_92,35,ra5,Our Consumer Preference Portal enables you to submit your request here or call us at the following toll-free number: 1 (888) 885-7576. We will respond to your request to opt-out within 15 days.,Methods to exercise rights,C3PA_Dataset/Annotations/DB/92.csv
DB_92,36,ra5,"Deletion request\nYou have the right to request that we delete any of your personal information that we collected directly from you and retained. We may deny your deletion request if it is necessary for us or our service providers to retain your personal information, based upon allowed exceptions. Once we receive and verify your request, and no exception applies, we will delete and direct our service providers to delete your personal information as requested.",Description of Right to Delete,C3PA_Dataset/Annotations/DB/92.csv
DB_92,37,ra5, We will contact you to confirm the deletion and the manner in which it was deleted.,Description of Right to Delete,C3PA_Dataset/Annotations/DB/92.csv
DB_92,38,ra5,Please click here to make a deletion request.,Methods to exercise rights,C3PA_Dataset/Annotations/DB/92.csv
DB_92,39,ra5,Non-discrimination\nWe will not discriminate against you for exercising any of your rights under the CCPA.,Description of Right to Non-discrimination on exercising rights,C3PA_Dataset/Annotations/DB/92.csv
DB_92,40,ra5,"Exercising access, opt-out, data portability and deletion rights\nTo exercise the rights described above please submit your request to us by either:\n\nToll-Free Number: 1-888-885-7576\nEmail: privacy@Choreograph.com\nClick here to opt out of the sale of your personal information\nClick here to make a deletion request\nClick here to request access to your data",Methods to exercise rights,C3PA_Dataset/Annotations/DB/92.csv
DB_92,41,ra5,"Changes to this privacy policy\nWe review this privacy policy on a regular basis to ensure that it is up-to-date with our use of your personal information, and compliant with applicable data protection laws. We reserve the right, at our discretion, to revise this privacy policy at any time. The updated privacy policy will be posted on our website. You are encouraged to review this privacy policy from time to time.",Updated Privacy Policy,C3PA_Dataset/Annotations/DB/92.csv
DB_92,43,ra4,Date Last Updated: 3rd February 2022,Updated Privacy Policy,C3PA_Dataset/Annotations/DB/92.csv
DB_92,44,ra4,"Within the last 12 months, we have collected the following categories of personal information from consumers, or have received the following categories of personal information from other businesses:\n\nChart A:\n\nCategory of personal information\nCategory Examples\n(Note: These are examples of the category and not all of this data is collected)\n\nA. Identifiers.	\nA real name, alias, postal address, unique personal identifier, online identifier, Internet Protocol address, email address, account name, or other similar identifiers\nB. Personal information categories listed in the California Customer Records statute (Cal. Civ. Code § 1798.80(e)).	\nA name, signature, physical characteristics or description, address, telephone number, driver’s license or state identification card number, education, employment.\nC. Protected classification characteristics under California or federal law.\nAge (40 years or older), race, religion, marital status, health data (excluding PHI), physical or mental disability, sex (including gender, gender identity, gender expression, pregnancy or childbirth and related medical conditions), sexual orientation, veteran or military status.\nD. Commercial information.\nRecords of personal property, products or services purchased, obtained, or considered, or other purchasing or consuming histories or tendencies.\nE. Internet or other similar network activity.\nBrowsing history, search history, information on a consumer’s interaction with a website, application, or advertisement.\nF. Geolocation data.\nPostal address, IP address (which is converted into country, region, or zip code level location data) and latitude/longitude data of properties/houses\nG. Inferences drawn from other personal information.	Profile reflecting a person’s preferences, characteristics,  behavior, attitudes or interests.",Categories of Personal Information Collected,C3PA_Dataset/Annotations/DB/92.csv
DB_92,45,ra4, Identifiers. ||| B. Personal information categories listed in the California Customer Records statute (Cal. Civ. Code § 1798.80(e)). ||| C. Protected classification characteristics under California or federal law. ||| D. Commercial information. ||| E. Internet or other similar network activity. ||| F. Geolocation data. ||| G. Inferences drawn from other personal information.,Categories of Personal Information Collected,C3PA_Dataset/Annotations/DB/92.csv
DB_92,46,ra4,"A real name, alias, postal address, unique personal identifier, online identifier, Internet Protocol address, email address, account name, or other similar identifiers ||| A name, signature, physical characteristics or description, address, telephone number, driver’s license or state identification card number, education, employment. ||| Age (40 years or older), race, religion, marital status, health data (excluding PHI), physical or mental disability, sex (including gender, gender identity, gender expression, pregnancy or childbirth and related medical conditions), sexual orientation, veteran or military status. ||| Records of personal property, products or services purchased, obtained, or considered, or other purchasing or consuming histories or tendencies. ||| Browsing history, search history, information on a consumer’s interaction with a website, application, or advertisement. ||| Postal address, IP address (which is converted into country, region, or zip code level location data) and latitude/longitude data of properties/houses ||| Profile reflecting a person’s preferences, characteristics, behavior, attitudes or interests.",Categories of Personal Information Collected,C3PA_Dataset/Annotations/DB/92.csv
DB_92,47,ra4,"Sources, purposes and sharing of personal information",Categories of Personal Information Collected,C3PA_Dataset/Annotations/DB/92.csv
DB_92,48,ra4,"Sources, purposes and sharing of personal information",Categories of Personal Information Shared / Disclosed,C3PA_Dataset/Annotations/DB/92.csv
DB_92,49,ra4,"Sources, purposes and sharing of personal information",Categories of Personal Information Sold,C3PA_Dataset/Annotations/DB/92.csv
DB_92,50,ra4,We may share all of the information listed in Chart A for our business purposes.,Categories of Personal Information Shared / Disclosed,C3PA_Dataset/Annotations/DB/92.csv
DB_92,51,ra4,Identifiers. ||| B. Personal information categories listed in the California Customer Records statute (Cal. Civ. Code § 1798.80(e)). ||| C. Protected classification characteristics under California or federal law. ||| D. Commercial information. ||| E. Internet or other similar network activity. ||| F. Geolocation data. ||| G. Inferences drawn from other personal information,Categories of Personal Information Shared / Disclosed,C3PA_Dataset/Annotations/DB/92.csv
DB_92,52,ra4,"A real name, alias, postal address, unique personal identifier, online identifier, Internet Protocol address, email address, account name, or other similar identifiers ||| A name, signature, physical characteristics or description, address, telephone number, driver’s license or state identification card number, education, employment. ||| Age (40 years or older), race, religion, marital status, health data (excluding PHI), physical or mental disability, sex (including gender, gender identity, gender expression, pregnancy or childbirth and related medical conditions), sexual orientation, veteran or military status. ||| Records of personal property, products or services purchased, obtained, or considered, or other purchasing or consuming histories or tendencies. ||| Browsing history, search history, information on a consumer’s interaction with a website, application, or advertisement. ||| Postal address, IP address (which is converted into country, region, or zip code level location data) and latitude/longitude data of properties/houses ||| Profile reflecting a person’s preferences, characteristics, behavior, attitudes or interests.",Categories of Personal Information Shared / Disclosed,C3PA_Dataset/Annotations/DB/92.csv
DB_92,53,ra4,"We may disclose your personal information to other companies in our corporate group, affiliates and third parties to help us process your personal information for the purposes set out in this policy.",Categories of Personal Information Shared / Disclosed,C3PA_Dataset/Annotations/DB/92.csv
DB_92,54,ra4,"For all of the categories in Chart A above, we collect personal information about consumers to provide marketing, advertising and analytics services.",Categories of Personal Information Sold,C3PA_Dataset/Annotations/DB/92.csv
DB_92,55,ra4,"For all of the categories in Chart A above, we collect personal information about consumers to provide marketing, advertising and analytics services.",Categories of Personal Information Shared / Disclosed,C3PA_Dataset/Annotations/DB/92.csv
DB_92,56,ra4,"For example, this may include helping clients deliver online advertising campaigns to their customers, helping clients identify new customers that are similar to their existing customers, and helping clients understand more about their customers so that they can develop better products and advertising campaigns with those customers in mind.",Categories of Personal Information Shared / Disclosed,C3PA_Dataset/Annotations/DB/92.csv
DB_92,57,ra4,"For example, this may include helping clients deliver online advertising campaigns to their customers, helping clients identify new customers that are similar to their existing customers, and helping clients understand more about their customers so that they can develop better products and advertising campaigns with those customers in mind.",Categories of Personal Information Sold,C3PA_Dataset/Annotations/DB/92.csv
DB_92,58,ra4,We may share or sell all of the information listed in Chart A for the purposes outlined above. ,Categories of Personal Information Sold,C3PA_Dataset/Annotations/DB/92.csv
DB_92,59,ra4,Identifiers. ||| B. Personal information categories listed in the California Customer Records statute (Cal. Civ. Code § 1798.80(e)). ||| C. Protected classification characteristics under California or federal law. ||| D. Commercial information. ||| E. Internet or other similar network activity. ||| F. Geolocation data. ||| G. Inferences drawn from other personal information,Categories of Personal Information Sold,C3PA_Dataset/Annotations/DB/92.csv
DB_92,60,ra4,"A real name, alias, postal address, unique personal identifier, online identifier, Internet Protocol address, email address, account name, or other similar identifiers ||| A name, signature, physical characteristics or description, address, telephone number, driver’s license or state identification card number, education, employment. ||| Age (40 years or older), race, religion, marital status, health data (excluding PHI), physical or mental disability, sex (including gender, gender identity, gender expression, pregnancy or childbirth and related medical conditions), sexual orientation, veteran or military status. ||| Records of personal property, products or services purchased, obtained, or considered, or other purchasing or consuming histories or tendencies. ||| Browsing history, search history, information on a consumer’s interaction with a website, application, or advertisement. ||| Postal address, IP address (which is converted into country, region, or zip code level location data) and latitude/longitude data of properties/houses ||| Profile reflecting a person’s preferences, characteristics, behavior, attitudes or interests. ",Categories of Personal Information Sold,C3PA_Dataset/Annotations/DB/92.csv
DB_92,61,ra4,"Category of Company Receiving Data\nDescription\nAdvertising/Marketing Companies\nCompanies that provide marketing services and advertising services both online and offline. Typically, these companies are using the data to improve marketing relevance for consumers.\nApparel & Accessory Companies	\nRetailers and other merchants that typically sell clothing, shoes and fashion accessory products.\nAutomotive Companies	\nCar companies or companies that provide services for cars and trucks such as sales, car service, or car products.\nBusiness to Business Companies	\nCompanies that provide products and services for other businesses such as computer services, paper, and other products or services.\nParenting Product Companies	\nRetailers and other merchants that typically sell children’s products including clothing, shoes, toys, and other products.\nCommunication Services Companies	\nCompanies that provide services such as home phones, cellular phones, TV services, and satellite service.\nConsumer Packaged Goods Companies	\nRetailers and other merchants that typically sell groceries and other household products such as cleaning supplies.\nConsumer Services Companies	\nCompanies that provide consumer and residential services including storage, lawn care, home security.\nData Compiling Companies	Companies that purchase data from other companies and organize the data into descriptive categorizations for use in marketing activities.\nEducational Institutions & Companies	\nOrganization and companies offering education services including colleges, training centers and certification programs.\nElectronics Companies	Retailers and other merchants that typically sell electronics such as computers, TV’s, phones and other electronic products.\nEnergy and Utility Companies	\nCompanies that provide residential energy and water services.\nFinancial Services Companies	\nCompanies that provide financial services for consumers – note no credit information, bank information, or social security numbers are ever collected or used.\nFood & Beverage Companies	\nRetailers and other merchants that typically sell food and beverage products such as meat, vegetables, and wine.\nGift Product Companies	\nRetailers and other merchants that typically sell gift products such as flowers, gift baskets, and other similar products.\nPublic Institutions	\nOrganizations supporting consumer interests through public programs, government programs, and other related activities.\nHealth Product Companies	\nRetailers and other merchants that typically sell health related products such as vitamins, supplements, and other related products. Note: no medical data, insurance data, or prescription data is ever collected or used.\nLifestyle & Interest Product Companies	\nRetailers and other merchants that typically sell specialized products for hobbies, sports, fitness, wellness, and other lifestyle related activities.\nManufacturing Companies	\nCompanies that produce consumer products for distribution through retailers and other merchants.\nNot for Profit Organizations	\nNot for profit companies such as Charities and Political groups that collect donations from consumers for a specific cause.\nPublishing Product Companies	\nCompanies that create and sell products including magazines, books, newsletters, and newspapers.\nTechnology/Computer Software Companies	\nCompanies that provide computer related products such as computer hardware and software, web and smart phone applications\nTelecommunications Companies	\nCompanies that provide services such as home phones, cellular phones, TV services, and satellite service.\nTravel, Leisure & Entertainment Companies	\nCompanies that provide services or products related to travel and entertainment including hotels, airlines, cruises, show tickets and other similar items.",Categories of Personal Information Shared / Disclosed,C3PA_Dataset/Annotations/DB/92.csv
DB_92,62,ra4,"Category of Company Receiving Data\nDescription\nAdvertising/Marketing Companies\nCompanies that provide marketing services and advertising services both online and offline. Typically, these companies are using the data to improve marketing relevance for consumers.\nApparel & Accessory Companies	\nRetailers and other merchants that typically sell clothing, shoes and fashion accessory products.\nAutomotive Companies	\nCar companies or companies that provide services for cars and trucks such as sales, car service, or car products.\nBusiness to Business Companies	\nCompanies that provide products and services for other businesses such as computer services, paper, and other products or services.\nParenting Product Companies	\nRetailers and other merchants that typically sell children’s products including clothing, shoes, toys, and other products.\nCommunication Services Companies	\nCompanies that provide services such as home phones, cellular phones, TV services, and satellite service.\nConsumer Packaged Goods Companies	\nRetailers and other merchants that typically sell groceries and other household products such as cleaning supplies.\nConsumer Services Companies	\nCompanies that provide consumer and residential services including storage, lawn care, home security.\nData Compiling Companies	Companies that purchase data from other companies and organize the data into descriptive categorizations for use in marketing activities.\nEducational Institutions & Companies	\nOrganization and companies offering education services including colleges, training centers and certification programs.\nElectronics Companies	Retailers and other merchants that typically sell electronics such as computers, TV’s, phones and other electronic products.\nEnergy and Utility Companies	\nCompanies that provide residential energy and water services.\nFinancial Services Companies	\nCompanies that provide financial services for consumers – note no credit information, bank information, or social security numbers are ever collected or used.\nFood & Beverage Companies	\nRetailers and other merchants that typically sell food and beverage products such as meat, vegetables, and wine.\nGift Product Companies	\nRetailers and other merchants that typically sell gift products such as flowers, gift baskets, and other similar products.\nPublic Institutions	\nOrganizations supporting consumer interests through public programs, government programs, and other related activities.\nHealth Product Companies	\nRetailers and other merchants that typically sell health related products such as vitamins, supplements, and other related products. Note: no medical data, insurance data, or prescription data is ever collected or used.\nLifestyle & Interest Product Companies	\nRetailers and other merchants that typically sell specialized products for hobbies, sports, fitness, wellness, and other lifestyle related activities.\nManufacturing Companies	\nCompanies that produce consumer products for distribution through retailers and other merchants.\nNot for Profit Organizations	\nNot for profit companies such as Charities and Political groups that collect donations from consumers for a specific cause.\nPublishing Product Companies	\nCompanies that create and sell products including magazines, books, newsletters, and newspapers.\nTechnology/Computer Software Companies	\nCompanies that provide computer related products such as computer hardware and software, web and smart phone applications\nTelecommunications Companies	\nCompanies that provide services such as home phones, cellular phones, TV services, and satellite service.\nTravel, Leisure & Entertainment Companies	\nCompanies that provide services or products related to travel and entertainment including hotels, airlines, cruises, show tickets and other similar items.",Categories of Personal Information Sold,C3PA_Dataset/Annotations/DB/92.csv
DB_92,63,ra4,"Advertising/Marketing Companies ||| Apparel & Accessory Companies ||| Automotive Companies ||| Business to Business Companies ||| Parenting Product Companies ||| Communication Services Companies ||| Consumer Packaged Goods Companies ||| Consumer Services Companies ||| Data Compiling Companies ||| Educational Institutions & Companies ||| Electronics Companies ||| Energy and Utility Companies ||| Financial Services Companies ||| Food & Beverage Companies ||| Gift Product Companies ||| Public Institutions ||| Health Product Companies ||| Lifestyle & Interest Product Companies ||| Manufacturing Companies ||| Not for Profit Organizations ||| Publishing Product Companies ||| Technology/Computer Software Companies ||| Telecommunications Companies ||| Travel, Leisure & Entertainment Companies",Categories of Personal Information Shared / Disclosed,C3PA_Dataset/Annotations/DB/92.csv
DB_92,64,ra4,"Advertising/Marketing Companies ||| Apparel & Accessory Companies ||| Automotive Companies ||| Business to Business Companies ||| Parenting Product Companies ||| Communication Services Companies ||| Consumer Packaged Goods Companies ||| Consumer Services Companies ||| Data Compiling Companies ||| Educational Institutions & Companies ||| Electronics Companies ||| Energy and Utility Companies ||| Financial Services Companies ||| Food & Beverage Companies ||| Gift Product Companies ||| Public Institutions ||| Health Product Companies ||| Lifestyle & Interest Product Companies ||| Manufacturing Companies ||| Not for Profit Organizations ||| Publishing Product Companies ||| Technology/Computer Software Companies ||| Telecommunications Companies ||| Travel, Leisure & Entertainment Companies",Categories of Personal Information Sold,C3PA_Dataset/Annotations/DB/92.csv
DB_92,65,ra4,"Sale of Personal Information\nIn the preceding twelve (12) months, we have sold personal information in all of the categories listed in chart A above",Categories of Personal Information Sold,C3PA_Dataset/Annotations/DB/92.csv
DB_92,66,ra4,"Access to your personal information and data portability\nYou have the right to request that we disclose certain information to you about our collection and use of your personal information over the past 12 months. Once we receive your request, we will disclose to you:\n\nThe categories of personal information we collected, disclosed, and sold about you, if any.\nFor each category of personal information we collected about you:\nThe categories of sources from which this was collected.\nOur business or commercial purpose for collecting that personal information.\nOur business or commercial purpose for selling or disclosing that personal information.\nThe categories of third parties with whom we disclose or sell your personal information.\nThe specific pieces of personal information we collected about you to the extent such disclosure is permitted by the CCPA.",Description of Right to Know PI Collected,C3PA_Dataset/Annotations/DB/92.csv
DB_92,67,ra4,"Access to your personal information and data portability\nYou have the right to request that we disclose certain information to you about our collection and use of your personal information over the past 12 months. Once we receive your request, we will disclose to you:\n\nThe categories of personal information we collected, disclosed, and sold about you, if any.\nFor each category of personal information we collected about you:\nThe categories of sources from which this was collected.\nOur business or commercial purpose for collecting that personal information.\nOur business or commercial purpose for selling or disclosing that personal information.\nThe categories of third parties with whom we disclose or sell your personal information.\nThe specific pieces of personal information we collected about you to the extent such disclosure is permitted by the CCPA.",Description of Right to Know PI sold / shared,C3PA_Dataset/Annotations/DB/92.csv
DB_92,68,ra4,"Opt-out of the sale of your personal information\nYou have the right to direct us to not sell your personal information (also referred to as the right to opt out). Once we receive your request, we will not include your personal information in any further sales unless you subsequently provide express authorization for us to do so.",Description of Right to Opt-out of sale of PI,C3PA_Dataset/Annotations/DB/92.csv
DB_92,69,ra4,Our Consumer Preference Portal enables you to submit your request here or call us at the following toll-free number: 1 (888) 885-7576.,Methods to exercise rights,C3PA_Dataset/Annotations/DB/92.csv
DB_92,70,ra4,"Deletion request\nYou have the right to request that we delete any of your personal information that we collected directly from you and retained. We may deny your deletion request if it is necessary for us or our service providers to retain your personal information, based upon allowed exceptions. Once we receive and verify your request, and no exception applies, we will delete and direct our service providers to delete your personal information as requested.",Description of Right to Delete,C3PA_Dataset/Annotations/DB/92.csv
DB_92,71,ra4,Please click here to make a deletion request.,Methods to exercise rights,C3PA_Dataset/Annotations/DB/92.csv
DB_92,72,ra4,Non-discrimination\nWe will not discriminate against you for exercising any of your rights under the CCPA.,Description of Right to Non-discrimination on exercising rights,C3PA_Dataset/Annotations/DB/92.csv
DB_92,73,ra4,"Exercising access, opt-out, data portability and deletion rights\nTo exercise the rights described above please submit your request to us by either:\n\nToll-Free Number: 1-888-885-7576\nEmail: privacy@Choreograph.com\nClick here to opt out of the sale of your personal information\nClick here to make a deletion request\nClick here to request access to your data",Methods to exercise rights,C3PA_Dataset/Annotations/DB/92.csv
DB_92,74,ra4,"Changes to this privacy policy\nWe review this privacy policy on a regular basis to ensure that it is up-to-date with our use of your personal information, and compliant with applicable data protection laws. We reserve the right, at our discretion, to revise this privacy policy at any time. The updated privacy policy will be posted on our website. You are encouraged to review this privacy policy from time to time.",Updated Privacy Policy,C3PA_Dataset/Annotations/DB/92.csv
WS_106,66,ra6,Marketing.\n\n,Categories of Personal Information Collected,C3PA_Dataset/Annotations/WS/106.csv
WS_106,76,ra6,Marketing.\n\n,Categories of Personal Information Collected,C3PA_Dataset/Annotations/WS/106.csv
WS_106,82,ra6,Marketing.\n\n,Categories of Personal Information Collected,C3PA_Dataset/Annotations/WS/106.csv
WS_11,0,ra3,Notice of your right to opt out of the “sale” or “share” of personal information ,Description of Right to Opt-out of sale of PI,C3PA_Dataset/Annotations/WS/11.csv
WS_11,1,ra3,"While this list is not meant to be exclusive, some activities that may fall under the definition of “sell” or “share” as defined by the CCPA: \n\nWe display your public resume to employers and recruiters.\nWe recommend your public resume to employers and recruiters.\nWe share data with our affiliates as described in our Privacy Center (https://hrtechprivacy.com) in order to help job seekers find more jobs. Sharing data with our Indeed affiliates allows people looking for jobs to access more job listings and employers, and for employers to access more people looking for jobs, as well as providing improved security for our users.\nWe share site usage data with third parties to more effectively optimize our advertising and to show our users job ads that are more relevant to them. This sharing may also enable that third party to optimize other advertising to you.\nWe allow third-party cookies, pixels and tracking technologies to help employers measure job listing performance and to optimize our online advertising.\nWe share usage data with third parties to more effectively optimize our advertising and to show our users job ads that are more relevant to them. This sharing may also enable that third party to optimize other advertising to you.",Categories of Personal Information Sold,C3PA_Dataset/Annotations/WS/11.csv
WS_11,2,ra3,"While this list is not meant to be exclusive, some activities that may fall under the definition of “sell” or “share” as defined by the CCPA: \n\nWe display your public resume to employers and recruiters.\nWe recommend your public resume to employers and recruiters.\nWe share data with our affiliates as described in our Privacy Center (https://hrtechprivacy.com) in order to help job seekers find more jobs. Sharing data with our Indeed affiliates allows people looking for jobs to access more job listings and employers, and for employers to access more people looking for jobs, as well as providing improved security for our users.\nWe share site usage data with third parties to more effectively optimize our advertising and to show our users job ads that are more relevant to them. This sharing may also enable that third party to optimize other advertising to you.\nWe allow third-party cookies, pixels and tracking technologies to help employers measure job listing performance and to optimize our online advertising.\nWe share usage data with third parties to more effectively optimize our advertising and to show our users job ads that are more relevant to them. This sharing may also enable that third party to optimize other advertising to you.",Categories of Personal Information Shared / Disclosed,C3PA_Dataset/Annotations/WS/11.csv
WS_11,3,ra3,Opt out of “selling” or “sharing” to third parties\nChange privacy settings\nCall our designated toll-free telephone number for CCPA requests: 800-616-6535.\nOpt out of “selling” or “sharing” to Indeed Affiliates\nPersonal data deletion request form\nCall our designated toll-free telephone number for CCPA requests: 800-616-6535.,Methods to exercise rights,C3PA_Dataset/Annotations/WS/11.csv
WS_11,4,ra3,Notice of your right to limit the use of your sensitive personal information\n \n\nCCPA provides users the right to limit the use and disclosure of sensitive personal information beyond what is necessary to perform the services as reasonably expected by users and those other activities allowed under the CCPA and its regulations. Most sensitive personal information that Indeed may collect and use from users falls within these categories. More information about the data we collect can be found in our Privacy Policy. ,Description of Right to Limit use of PI,C3PA_Dataset/Annotations/WS/11.csv
WS_11,5,ra3,Information on how you can exercise other rights that may be available to you under the CCPA can be found in our Privacy Policy.,Methods to exercise rights,C3PA_Dataset/Annotations/WS/11.csv
WS_11,6,ra3,"Is it possible these practices will change?\nIndeed is carefully watching the State of California and its Attorney General for any new interpretations of the CCPA or California Privacy Rights Act (CPRA). If we feel it is necessary to change our practices, we will update this page accordingly. Our mission remains to help you get jobs in the manner that you wish.",Updated Privacy Policy,C3PA_Dataset/Annotations/WS/11.csv
WS_11,7,ra2,"We use personal information in order to help people get jobs. \n\nWhile this list is not meant to be exclusive, some activities that may fall under the definition of “sell” or “share” as defined by the CCPA: \n\nWe display your public resume to employers and recruiters.\nWe recommend your public resume to employers and recruiters.\nWe share data with our affiliates as described in our Privacy Center (https://hrtechprivacy.com) in order to help job seekers find more jobs. Sharing data with our Indeed affiliates allows people looking for jobs to access more job listings and employers, and for employers to access more people looking for jobs, as well as providing improved security for our users.\nWe share site usage data with third parties to more effectively optimize our advertising and to show our users job ads that are more relevant to them. This sharing may also enable that third party to optimize other advertising to you.\nWe allow third-party cookies, pixels and tracking technologies to help employers measure job listing performance and to optimize our online advertising.\nWe share usage data with third parties to more effectively optimize our advertising and to show our users job ads that are more relevant to them. This sharing may also enable that third party to optimize other advertising to you.",Categories of Personal Information Collected,C3PA_Dataset/Annotations/WS/11.csv
WS_11,8,ra2,"We use personal information in order to help people get jobs. \n\nWhile this list is not meant to be exclusive, some activities that may fall under the definition of “sell” or “share” as defined by the CCPA: \n\nWe display your public resume to employers and recruiters.\nWe recommend your public resume to employers and recruiters.\nWe share data with our affiliates as described in our Privacy Center (https://hrtechprivacy.com) in order to help job seekers find more jobs. Sharing data with our Indeed affiliates allows people looking for jobs to access more job listings and employers, and for employers to access more people looking for jobs, as well as providing improved security for our users.\nWe share site usage data with third parties to more effectively optimize our advertising and to show our users job ads that are more relevant to them. This sharing may also enable that third party to optimize other advertising to you.\nWe allow third-party cookies, pixels and tracking technologies to help employers measure job listing performance and to optimize our online advertising.\nWe share usage data with third parties to more effectively optimize our advertising and to show our users job ads that are more relevant to them. This sharing may also enable that third party to optimize other advertising to you.",Categories of Personal Information Shared / Disclosed,C3PA_Dataset/Annotations/WS/11.csv
WS_11,9,ra2,"We use personal information in order to help people get jobs. \n\nWhile this list is not meant to be exclusive, some activities that may fall under the definition of “sell” or “share” as defined by the CCPA: \n\nWe display your public resume to employers and recruiters.\nWe recommend your public resume to employers and recruiters.\nWe share data with our affiliates as described in our Privacy Center (https://hrtechprivacy.com) in order to help job seekers find more jobs. Sharing data with our Indeed affiliates allows people looking for jobs to access more job listings and employers, and for employers to access more people looking for jobs, as well as providing improved security for our users.\nWe share site usage data with third parties to more effectively optimize our advertising and to show our users job ads that are more relevant to them. This sharing may also enable that third party to optimize other advertising to you.\nWe allow third-party cookies, pixels and tracking technologies to help employers measure job listing performance and to optimize our online advertising.\nWe share usage data with third parties to more effectively optimize our advertising and to show our users job ads that are more relevant to them. This sharing may also enable that third party to optimize other advertising to you.",Categories of Personal Information Sold,C3PA_Dataset/Annotations/WS/11.csv
WS_11,10,ra2,Opt out of “selling” or “sharing” to third parties,Description of Right to Opt-out of sale of PI,C3PA_Dataset/Annotations/WS/11.csv
WS_11,11,ra2,Opt out of “selling” or “sharing” to Indeed Affiliates,Description of Right to Opt-out of sale of PI,C3PA_Dataset/Annotations/WS/11.csv
WS_11,12,ra2,Change privacy settings\nCall our designated toll-free telephone number for CCPA requests: 800-616-6535.,Methods to exercise rights,C3PA_Dataset/Annotations/WS/11.csv
WS_11,13,ra2,Personal data deletion request form\nCall our designated toll-free telephone number for CCPA requests: 800-616-6535.,Methods to exercise rights,C3PA_Dataset/Annotations/WS/11.csv
WS_11,14,ra2,CCPA provides users the right to limit the use and disclosure of sensitive personal information beyond what is necessary to perform the services as reasonably expected by users and those other activities allowed under the CCPA and its regulations. Most sensitive personal information that Indeed may collect and use from users falls within these categories.,Description of Right to Limit use of PI,C3PA_Dataset/Annotations/WS/11.csv
WS_11,15,ra2,To limit the use of your demographic data as described above:\nYou can update or remove your data at any time by clicking here or selecting My Demographics from the global navigation drop-down.\nCall our designated toll-free telephone number for CCPA requests: 800-616-6535.,Methods to exercise rights,C3PA_Dataset/Annotations/WS/11.csv
WS_11,16,ra2,"Is it possible these practices will change?\nIndeed is carefully watching the State of California and its Attorney General for any new interpretations of the CCPA or California Privacy Rights Act (CPRA). If we feel it is necessary to change our practices, we will update this page accordingly. ",Updated Privacy Policy,C3PA_Dataset/Annotations/WS/11.csv
WS_11,17,ra1,"These include the right to access, delete, and correct their data.",Description of Right to Know PI Collected,C3PA_Dataset/Annotations/WS/11.csv
WS_11,18,ra1,"These include the right to access, delete, and correct their data.",Description of Right to Know PI sold / shared,C3PA_Dataset/Annotations/WS/11.csv
WS_11,19,ra1,"These include the right to access, delete, and correct their data.",Description of Right to Delete,C3PA_Dataset/Annotations/WS/11.csv
WS_11,20,ra1,"These include the right to access, delete, and correct their data.",Description of Right to Correct Information,C3PA_Dataset/Annotations/WS/11.csv
WS_11,21,ra1,Information on how you may exercise those rights can be found in our Privacy Policy.,Methods to exercise rights,C3PA_Dataset/Annotations/WS/11.csv
WS_11,22,ra1,Some of these new rights also include providing users the ability to opt out of  “selling” and “sharing” their personal information and limiting the use of sensitive personal information.,Description of Right to Opt-out of sale of PI,C3PA_Dataset/Annotations/WS/11.csv
WS_11,23,ra1,Notice of your right to opt out of the “sale” or “share” of personal information ,Description of Right to Opt-out of sale of PI,C3PA_Dataset/Annotations/WS/11.csv
WS_11,24,ra1,"While this list is not meant to be exclusive, some activities that may fall under the definition of “sell” or “share” as defined by the CCPA: \n\nWe display your public resume to employers and recruiters.\nWe recommend your public resume to employers and recruiters.\nWe share data with our affiliates as described in our Privacy Center (https://hrtechprivacy.com) in order to help job seekers find more jobs. Sharing data with our Indeed affiliates allows people looking for jobs to access more job listings and employers, and for employers to access more people looking for jobs, as well as providing improved security for our users.\nWe share site usage data with third parties to more effectively optimize our advertising and to show our users job ads that are more relevant to them. This sharing may also enable that third party to optimize other advertising to you.\nWe allow third-party cookies, pixels and tracking technologies to help employers measure job listing performance and to optimize our online advertising.\nWe share usage data with third parties to more effectively optimize our advertising and to show our users job ads that are more relevant to them. This sharing may also enable that third party to optimize other advertising to you.",Categories of Personal Information Sold,C3PA_Dataset/Annotations/WS/11.csv
WS_11,25,ra1,"While this list is not meant to be exclusive, some activities that may fall under the definition of “sell” or “share” as defined by the CCPA: \n\nWe display your public resume to employers and recruiters.\nWe recommend your public resume to employers and recruiters.\nWe share data with our affiliates as described in our Privacy Center (https://hrtechprivacy.com) in order to help job seekers find more jobs. Sharing data with our Indeed affiliates allows people looking for jobs to access more job listings and employers, and for employers to access more people looking for jobs, as well as providing improved security for our users.\nWe share site usage data with third parties to more effectively optimize our advertising and to show our users job ads that are more relevant to them. This sharing may also enable that third party to optimize other advertising to you.\nWe allow third-party cookies, pixels and tracking technologies to help employers measure job listing performance and to optimize our online advertising.\nWe share usage data with third parties to more effectively optimize our advertising and to show our users job ads that are more relevant to them. This sharing may also enable that third party to optimize other advertising to you.",Categories of Personal Information Shared / Disclosed,C3PA_Dataset/Annotations/WS/11.csv
WS_11,26,ra1,Opt out of “selling” or “sharing” to third parties\nChange privacy settings\nCall our designated toll-free telephone number for CCPA requests: 800-616-6535.\nOpt out of “selling” or “sharing” to Indeed Affiliates\nPersonal data deletion request form\nCall our designated toll-free telephone number for CCPA requests: 800-616-6535.,Methods to exercise rights,C3PA_Dataset/Annotations/WS/11.csv
WS_11,27,ra1,Notice of your right to limit the use of your sensitive personal information\n \n\nCCPA provides users the right to limit the use and disclosure of sensitive personal information beyond what is necessary to perform the services as reasonably expected by users and those other activities allowed under the CCPA and its regulations.,Description of Right to Limit use of PI,C3PA_Dataset/Annotations/WS/11.csv
WS_11,28,ra1,"Specific location data – In some situations, Indeed collects and uses specific location data (such as phone GPS from the Indeed app) that is either not required to use Indeed’s products or its collection is entirely out of our hands. \nTo limit the collection of specific location data you share with your computer or other device, please see the following information:\nComputer\nChrome\nSafari (Mac)\nMicrosoft Edge\nMozilla Foxfire\nSmartphone/device\nAndroid\nSwipe down from the top of your device’s screen.\nTouch and hold down the Location icon.\nGo to App permissions.\nScroll down to find the Indeed app.\nTap the app and select “Don’t allow”.\nTo allow approximate location but not precise location, instead, toggle off the switch next to “Precise geolocation”.\nApple\nGo to your device’s Settings > Privacy > Location Services.\nMake sure that Location Services is on.\nScroll down to find the Indeed app.\nTap the app and select “Never”.\nTo allow approximate location but not precise location, instead, toggle off the switch next to “Precise Location”.",Methods to exercise rights,C3PA_Dataset/Annotations/WS/11.csv
WS_11,29,ra1,Equal Employment Opportunity/Demographic Data\nIndeed collects demographic data as part of our commitment to inclusivity and fairness in the hiring process. ,Categories of Personal Information Collected,C3PA_Dataset/Annotations/WS/11.csv
WS_11,30,ra1,"We are identifying methods to measure fairness in the Indeed Hiring Platform and in other parts of Indeed, and we collect demographic data from job seekers to achieve these goals. Sharing of this data with us is optional and includes the following categories:  \nAge (Birth year)\nRace & Ethnicity\nGender\nDisability status\nLGBTQ+ Community Membership\nArrest or conviction history",Categories of Personal Information Collected,C3PA_Dataset/Annotations/WS/11.csv
WS_11,31,ra1,To limit the use of your demographic data as described above:\nYou can update or remove your data at any time by clicking here or selecting My Demographics from the global navigation drop-down.\nCall our designated toll-free telephone number for CCPA requests: 800-616-6535.,Methods to exercise rights,C3PA_Dataset/Annotations/WS/11.csv
WS_11,32,ra1,We share site usage data with third parties to more effectively optimize our advertising and to show our users job ads that are more relevant to them. This sharing may also enable that third party to optimize other advertising to you.,Categories of Personal Information Shared / Disclosed,C3PA_Dataset/Annotations/WS/11.csv
WS_11,33,ra1,"We transfer data to Indeed’s affiliates in order to provide our core products and services. How we transfer data is integral to our core products and services that help job seekers find great jobs, and employers find great candidates. At this time, we are not able to provide our core products and services without transferring some data to Indeed’s affiliates.",Categories of Personal Information Shared / Disclosed,C3PA_Dataset/Annotations/WS/11.csv
WS_11,34,ra1,Information on how you can exercise other rights that may be available to you under the CCPA can be found in our Privacy Policy.,Methods to exercise rights,C3PA_Dataset/Annotations/WS/11.csv
WS_11,35,ra1,"Is it possible these practices will change?\nIndeed is carefully watching the State of California and its Attorney General for any new interpretations of the CCPA or California Privacy Rights Act (CPRA). If we feel it is necessary to change our practices, we will update this page accordingly.",Updated Privacy Policy,C3PA_Dataset/Annotations/WS/11.csv
WS_11,36,ra1,"In order to opt out of this type of sharing with third parties, you need to change your privacy settings.",Methods to exercise rights,C3PA_Dataset/Annotations/WS/11.csv
WS_113,28,ra2,"Firstly, as for most email newsletters and promotions worldwide, our emails donâ€™t attach any pictures they use to the email itself, but instead load them from a remote server on demand. By default, most email programs donâ€™t load remote images automatically, but only when you click on the button or link in the program to â€œshow imagesâ€ (or similar wording). When you do that, the images linked in the email are downloaded from our technology providerâ€™s server so they can be displayed in your email program.",Categories of Personal Information Collected,C3PA_Dataset/Annotations/WS/113.csv
WS_118,142,ra4,Othersâ€™ Services,Categories of Personal Information Shared / Disclosed,C3PA_Dataset/Annotations/WS/118.csv
WS_134,68,ra4,Marketing. Consent,Categories of Personal Information Collected,C3PA_Dataset/Annotations/WS/134.csv
WS_138,71,ra6,"Category of Personal Information: Personal records, including any personal information described in subdivision (e) of Section 1798.80 of the California Civil Code, such as the identifiers listed above, or financial information. ||| Business Purposes for Collection, Use and Disclosure: • Performing Services ||| Categories of Recipients to whom PI is Disclosed for a Business Purpose: • Vendors",Categories of Personal Information Collected,C3PA_Dataset/Annotations/WS/138.csv
WS_138,72,ra6,"Category of Personal Information: Personal records, including any personal information described in subdivision (e) of Section 1798.80 of the California Civil Code, such as the identifiers listed above, or financial information. ||| Business Purposes for Collection, Use and Disclosure: • Performing Services ||| Categories of Recipients to whom PI is Disclosed for a Business Purpose: • Vendors",Categories of Personal Information Shared / Disclosed,C3PA_Dataset/Annotations/WS/138.csv
WS_151,0,ra5,"You have the right to request information about what personal information AARP has about you, including:\nWhat personal information was collected,\nWhat personal information was used,\nWhat personal information was shared in the last 12 months\nWhat personal information was sold in the last 12 months, and\nthe purpose of the above activities.",Description of Right to Know PI Collected,C3PA_Dataset/Annotations/WS/151.csv
WS_151,1,ra5,"You have the right to request information about what personal information AARP has about you, including:\nWhat personal information was collected,\nWhat personal information was used,\nWhat personal information was shared in the last 12 months\nWhat personal information was sold in the last 12 months, and\nthe purpose of the above activities.",Description of Right to Know PI sold / shared,C3PA_Dataset/Annotations/WS/151.csv
WS_151,2,ra5,Correct Information that AARP has About You â€“ Right to Correct\nYou have the right to request that AARP correct information you know or believe to be inaccurate. ,Description of Right to Correct Information,C3PA_Dataset/Annotations/WS/151.csv
WS_151,3,ra5,"o exercise your Right to Access, please click the â€œSubmit a Requestâ€ button below.",Methods to exercise rights,C3PA_Dataset/Annotations/WS/151.csv
WS_151,4,ra5,"To exercise your Right to Correct, please click the â€œSubmit a Requestâ€ button below.",Methods to exercise rights,C3PA_Dataset/Annotations/WS/151.csv
WS_151,5,ra5,Opt-out of Sale or Sharing of Your Personal Information\nYou have the right to request that AARP not sell or share your personal information to third parties.,Description of Right to Opt-out of sale of PI,C3PA_Dataset/Annotations/WS/151.csv
WS_151,6,ra5,"To exercise your Right to Opt Out of Sale or Sharing, please click the â€œSubmit a Requestâ€ button below.",Methods to exercise rights,C3PA_Dataset/Annotations/WS/151.csv
WS_151,7,ra5,"To exercise your Right to Delete, please click the â€œSubmit a Requestâ€ button below.",Methods to exercise rights,C3PA_Dataset/Annotations/WS/151.csv
WS_151,8,ra5,LIMIT PROCESSING OF SENSITIVE INFORMATION THAT AARP MAY HAVE ABOUT YOU â€“ RIGHT TO LIMIT\nYou have the right to request that AARP limit the processing of sensitive personal information AARP may have about you.,Description of Right to Limit use of PI,C3PA_Dataset/Annotations/WS/151.csv
WS_151,9,ra5,"To exercise your Right to Limit, please click the â€œSubmit a Requestâ€ button below.",Methods to exercise rights,C3PA_Dataset/Annotations/WS/151.csv
WS_151,10,ra5,Delete\nYou have the right to request the deletion of your personal information.,Description of Right to Delete,C3PA_Dataset/Annotations/WS/151.csv
WS_157,0,ra6,/data/upload/2/6e695988-ra6ccpa_candidate_depth1_https__www_eventbrite_com_support_articles_en_CiaSgyR.txt,Others,C3PA_Dataset/Annotations/WS/157.csv
WS_5,233,ra1,|,Categories of Personal Information Shared / Disclosed,C3PA_Dataset/Annotations/WS/5.csv
